{
"type": "FeatureCollection",
"name": "adm psw geojson new",
"crs": { "type": "name", "properties": { "name": "urn:ogc:def:crs:OGC:1.3:CRS84" } },
"features": [
{ "type": "Feature", "properties": { "KDPPUM": null, "NAMOBJ": "CUKUHBALAK", "REMARK": "Wilayah Administrasi Kecamatan", "KDPBPS": null, "FCODE": null, "LUASWH": 0.0, "UUPP": null, "SRS_ID": null, "LCODE": "BA0080", "METADATA": null, "KDEBPS": null, "KDEPUM": null, "KDCBPS": null, "KDCPUM": null, "KDBBPS": null, "KDBPUM": null, "WADMKD": null, "WIADKD": null, "WADMKC": null, "WIADKC": null, "WADMKK": "TANGGAMUS", "WIADKK": null, "WADMPR": "LAMPUNG", "WIADPR": null, "TIPADM": 0, "Shape_Leng": 0.60809117674000002, "Shape_Area": 0.01338058481 }, "geometry": { "type": "MultiPolygon", "coordinates": [ [ [ [ 104.952058851000047, -5.571024476999943, 0.0 ], [ 104.951980766419027, -5.572030364351756, 0.0 ], [ 104.951101969, -5.571828286999926, 0.0 ], [ 104.949059967093604, -5.571891324097423, 0.0 ], [ 104.94934408500005, -5.571787797999951, 0.0 ], [ 104.949914639, -5.571629543, 0.0 ], [ 104.950110999000088, -5.571594358999933, 0.0 ], [ 104.950627302000086, -5.571591136999933, 0.0 ], [ 104.95077949800006, -5.571576648999978, 0.0 ], [ 104.950920024000055, -5.571507671999955, 0.0 ], [ 104.951055560000086, -5.571391481999934, 0.0 ], [ 104.951271091000066, -5.571177466999901, 0.0 ], [ 104.951307067000101, -5.571052495999952, 0.0 ], [ 104.951747070000096, -5.570657002999914, 0.0 ], [ 104.951914149000061, -5.570495780999986, 0.0 ], [ 104.95203600100011, -5.570777714999954, 0.0 ], [ 104.952058851000047, -5.571024476999943, 0.0 ] ] ], [ [ [ 104.92635205600007, -5.569837345999952, 0.0 ], [ 104.926850501, -5.570083417999973, 0.0 ], [ 104.92793094200006, -5.57024260899991, 0.0 ], [ 104.929249405000078, -5.57032859699992, 0.0 ], [ 104.929785730000049, -5.570358514, 0.0 ], [ 104.93106694300009, -5.570493004999934, 0.0 ], [ 104.932385403000112, -5.570612570999968, 0.0 ], [ 104.933063256000068, -5.570672354999941, 0.0 ], [ 104.933867764000112, -5.570538105999935, 0.0 ], [ 104.934558077000119, -5.570189894999901, 0.0 ], [ 104.935014973000079, -5.569971021, 0.0 ], [ 104.935398101000075, -5.569759548, 0.0 ], [ 104.936036612000052, -5.570420307999958, 0.0 ], [ 104.936937918000112, -5.57110257800001, 0.0 ], [ 104.937640702000081, -5.571452009999968, 0.0 ], [ 104.937960398000072, -5.571543186999962, 0.0 ], [ 104.938378996000068, -5.571614091999967, 0.0 ], [ 104.938716883000041, -5.571537982999887, 0.0 ], [ 104.938861531000029, -5.571429657999984, 0.0 ], [ 104.939038726000035, -5.571184435999944, 0.0 ], [ 104.939251309000028, -5.570986023999959, 0.0 ], [ 104.93948777100006, -5.570829082999941, 0.0 ], [ 104.939708984000063, -5.570650953999946, 0.0 ], [ 104.939916974000042, -5.570428658999939, 0.0 ], [ 104.940097694000073, -5.570573628999943, 0.0 ], [ 104.940363948000083, -5.57080999399996, 0.0 ], [ 104.940573807000121, -5.570976861999911, 0.0 ], [ 104.940759217, -5.571061027999948, 0.0 ], [ 104.941039002000068, -5.571145875999951, 0.0 ], [ 104.941313124, -5.571171648999952, 0.0 ], [ 104.941682914000054, -5.571142049999901, 0.0 ], [ 104.942083506000074, -5.57107357999992, 0.0 ], [ 104.942418090000047, -5.571055664999948, 0.0 ], [ 104.942629949000079, -5.57105568599995, 0.0 ], [ 104.942906263000026, -5.571098248999919, 0.0 ], [ 104.943615505000082, -5.57113607699994, 0.0 ], [ 104.943839217000033, -5.571105389999977, 0.0 ], [ 104.944062930000072, -5.571074703999924, 0.0 ], [ 104.94430927800002, -5.571049170999943, 0.0 ], [ 104.94493422900004, -5.570986356999986, 0.0 ], [ 104.945357026000025, -5.570983093999894, 0.0 ], [ 104.945623230000109, -5.570995710999961, 0.0 ], [ 104.946220239000041, -5.571049157999942, 0.0 ], [ 104.947030202000093, -5.571277002999965, 0.0 ], [ 104.948005446000039, -5.571583349, 0.0 ], [ 104.94838491100009, -5.571807959999932, 0.0 ], [ 104.948699445891293, -5.571902453475021, 0.0 ], [ 104.938911816000186, -5.572204599999887, 0.0 ], [ 104.932754052999968, -5.571071578999844, 0.0 ], [ 104.932690807000071, -5.571063655999899, 0.0 ], [ 104.924711235000103, -5.570064068999882, 0.0 ], [ 104.918287263537948, -5.571165704893234, 0.0 ], [ 104.918570372000048, -5.570778539999933, 0.0 ], [ 104.918805884000079, -5.570476515999902, 0.0 ], [ 104.919401843000102, -5.570192991999891, 0.0 ], [ 104.92074266500002, -5.570178246999914, 0.0 ], [ 104.921398201000073, -5.569999214999934, 0.0 ], [ 104.921942783000105, -5.569550650999945, 0.0 ], [ 104.922302496000029, -5.569377830999946, 0.0 ], [ 104.922619940000089, -5.569208264999949, 0.0 ], [ 104.923394654000063, -5.569059099999953, 0.0 ], [ 104.924112985000079, -5.569046865, 0.0 ], [ 104.924839734000088, -5.569238405999956, 0.0 ], [ 104.92531911100005, -5.569428707999981, 0.0 ], [ 104.925947096000044, -5.569676393999957, 0.0 ], [ 104.92635205600007, -5.569837345999952, 0.0 ] ] ], [ [ [ 104.906523867000033, -5.568843848, 0.0 ], [ 104.906872807000042, -5.569056719999933, 0.0 ], [ 104.907155884000105, -5.568952279, 0.0 ], [ 104.907513470000112, -5.568728434999949, 0.0 ], [ 104.907793808000037, -5.568554842999974, 0.0 ], [ 104.908152183000112, -5.568405031999925, 0.0 ], [ 104.908586179000054, -5.568370362999898, 0.0 ], [ 104.909323617000041, -5.568437646999959, 0.0 ], [ 104.910095823000077, -5.56847010699998, 0.0 ], [ 104.910359019000097, -5.568475121999951, 0.0 ], [ 104.911029436000049, -5.568415517, 0.0 ], [ 104.911640256000055, -5.568385755999929, 0.0 ], [ 104.911918349000061, -5.568400723999924, 0.0 ], [ 104.912474535000072, -5.568430659999914, 0.0 ], [ 104.912966134000072, -5.568654632999971, 0.0 ], [ 104.913338544000069, -5.568923367, 0.0 ], [ 104.913919499000087, -5.569371250999934, 0.0 ], [ 104.914128045000012, -5.569550400999924, 0.0 ], [ 104.914306787000058, -5.569781789999974, 0.0 ], [ 104.914485530000022, -5.570013178999934, 0.0 ], [ 104.914670238000028, -5.570195311, 0.0 ], [ 104.914854947000038, -5.570377442999964, 0.0 ], [ 104.915039656000033, -5.570559573999935, 0.0 ], [ 104.915409075000056, -5.570923837999965, 0.0 ], [ 104.916090600000047, -5.571338148999962, 0.0 ], [ 104.916317776000099, -5.571476252999931, 0.0 ], [ 104.916374130795504, -5.571493784759442, 0.0 ], [ 104.915914063000088, -5.571572680999827, 0.0 ], [ 104.900834016000076, -5.56867655199992, 0.0 ], [ 104.900198558965613, -5.568396492802931, 0.0 ], [ 104.90066592700002, -5.568170784, 0.0 ], [ 104.901184063000088, -5.567848201999949, 0.0 ], [ 104.901871014000079, -5.567449549999916, 0.0 ], [ 104.902346618000081, -5.567181183999915, 0.0 ], [ 104.904556335000038, -5.566181780999914, 0.0 ], [ 104.904885387, -5.567002633999975, 0.0 ], [ 104.905093877000112, -5.567510172999958, 0.0 ], [ 104.905381828000131, -5.567977919999935, 0.0 ], [ 104.905652821000075, -5.568268396999899, 0.0 ], [ 104.906523867000033, -5.568843848, 0.0 ] ] ] ] } },
{ "type": "Feature", "properties": { "KDPPUM": null, "NAMOBJ": "BULOK", "REMARK": "Wilayah Administrasi Kecamatan", "KDPBPS": null, "FCODE": null, "LUASWH": 0.0, "UUPP": null, "SRS_ID": null, "LCODE": "BA0080", "METADATA": null, "KDEBPS": null, "KDEPUM": null, "KDCBPS": null, "KDCPUM": null, "KDBBPS": null, "KDBPUM": null, "WADMKD": null, "WIADKD": null, "WADMKC": null, "WIADKC": null, "WADMKK": "TANGGAMUS", "WIADKK": null, "WADMPR": "LAMPUNG", "WIADPR": null, "TIPADM": 0, "Shape_Leng": 0.49989334138000002, "Shape_Area": 0.00840171785 }, "geometry": { "type": "MultiPolygon", "coordinates": [ [ [ [ 104.904556335000038, -5.566181780999914, 0.0 ], [ 104.902346618000081, -5.567181183999915, 0.0 ], [ 104.901871014000079, -5.567449549999916, 0.0 ], [ 104.901184063000088, -5.567848201999949, 0.0 ], [ 104.90066592700002, -5.568170784, 0.0 ], [ 104.900198558965613, -5.568396492802931, 0.0 ], [ 104.894550992000148, -5.565907491999956, 0.0 ], [ 104.888645477000111, -5.56074792099991, 0.0 ], [ 104.885002212000117, -5.554959652999893, 0.0 ], [ 104.877687, -5.544424, 0.0 ], [ 104.875922000000216, -5.539925, 0.0 ], [ 104.87199081300011, -5.535739909999927, 0.0 ], [ 104.870136600000166, -5.533765937999936, 0.0 ], [ 104.860336045000082, -5.528856857999921, 0.0 ], [ 104.854429937000177, -5.528855438999893, 0.0 ], [ 104.848147077, -5.527973147999989, 0.0 ], [ 104.844629075000157, -5.525959172999885, 0.0 ], [ 104.842996409000165, -5.522435877999955, 0.0 ], [ 104.843625436000067, -5.519668074999919, 0.0 ], [ 104.845086000000123, -5.518126999999863, 0.0 ], [ 104.845738001000072, -5.517855, 0.0 ], [ 104.846398000000235, -5.517605, 0.0 ], [ 104.84783400000012, -5.517094, 0.0 ], [ 104.848225000000141, -5.516937, 0.0 ], [ 104.848490001000229, -5.516801, 0.0 ], [ 104.848585, -5.516737999999867, 0.0 ], [ 104.848721000000154, -5.516617999999886, 0.0 ], [ 104.848811000000225, -5.516494999999834, 0.0 ], [ 104.848918000000111, -5.516294, 0.0 ], [ 104.849, -5.516075999999893, 0.0 ], [ 104.849063, -5.515853, 0.0 ], [ 104.849108, -5.515622999999893, 0.0 ], [ 104.849133001000141, -5.515371, 0.0 ], [ 104.849137000000198, -5.51508, 0.0 ], [ 104.849115001000072, -5.514656, 0.0 ], [ 104.848976001000025, -5.513593999999879, 0.0 ], [ 104.848941, -5.513212999999885, 0.0 ], [ 104.84881, -5.510863999999861, 0.0 ], [ 104.847685744000202, -5.508012988999957, 0.0 ], [ 104.842359561000052, -5.503622235999929, 0.0 ], [ 104.837443661254738, -5.499985323133684, 0.0 ], [ 104.83752388200007, -5.499919922999931, 0.0 ], [ 104.837644906000051, -5.499840925999967, 0.0 ], [ 104.837765929000028, -5.499761928999915, 0.0 ], [ 104.837855316000045, -5.499660334999946, 0.0 ], [ 104.838034080000099, -5.49945712799992, 0.0 ], [ 104.838123467000031, -5.499355533999951, 0.0 ], [ 104.838290729, -5.499083588999921, 0.0 ], [ 104.838452237000055, -5.498794416999976, 0.0 ], [ 104.838550923000042, -5.49852001099992, 0.0 ], [ 104.838594480000012, -5.498263881999955, 0.0 ], [ 104.838677225000112, -5.49801549800001, 0.0 ], [ 104.838732098000023, -5.497842509, 0.0 ], [ 104.838786972000037, -5.497669509999982, 0.0 ], [ 104.839041996000091, -5.497560813999959, 0.0 ], [ 104.839738357000058, -5.497431229999984, 0.0 ], [ 104.839949154000095, -5.497285502999917, 0.0 ], [ 104.840075600000077, -5.497081991999954, 0.0 ], [ 104.84015832900009, -5.496855671999969, 0.0 ], [ 104.840216275000088, -5.496568760999944, 0.0 ], [ 104.840259965000058, -5.496350527999917, 0.0 ], [ 104.840302557000115, -5.496253714999989, 0.0 ], [ 104.840392792000031, -5.496152807999989, 0.0 ], [ 104.840739052000089, -5.495836048999893, 0.0 ], [ 104.840912753000069, -5.495755083999944, 0.0 ], [ 104.841084310000056, -5.495655618999974, 0.0 ], [ 104.841242683000104, -5.495568969, 0.0 ], [ 104.84134092000005, -5.49552103099994, 0.0 ], [ 104.841343105000064, -5.495347067999935, 0.0 ], [ 104.841334124000113, -5.495169754999919, 0.0 ], [ 104.841333264000042, -5.495007823999932, 0.0 ], [ 104.841356775000037, -5.494864896, 0.0 ], [ 104.84148415, -5.494557350999964, 0.0 ], [ 104.841556432000033, -5.494334826999937, 0.0 ], [ 104.841561889000047, -5.494181038999914, 0.0 ], [ 104.841540268000116, -5.494010055999977, 0.0 ], [ 104.841519563000091, -5.493785697999977, 0.0 ], [ 104.841454633000055, -5.493517000999949, 0.0 ], [ 104.841444755000026, -5.493318881999899, 0.0 ], [ 104.841491753000099, -5.493115348999934, 0.0 ], [ 104.84155048500007, -5.492923579999966, 0.0 ], [ 104.84160108, -5.492777945999906, 0.0 ], [ 104.841756427000064, -5.492521971999954, 0.0 ], [ 104.841935244000112, -5.492278669999985, 0.0 ], [ 104.842086951000056, -5.492132157999942, 0.0 ], [ 104.841653558000075, -5.49199437399991, 0.0 ], [ 104.841188914, -5.491847219, 0.0 ], [ 104.840891533000089, -5.491757823999967, 0.0 ], [ 104.84074284600004, -5.491713132, 0.0 ], [ 104.84035714, -5.491474238999951, 0.0 ], [ 104.840112929000057, -5.49136341799993, 0.0 ], [ 104.839990824000083, -5.491308011999964, 0.0 ], [ 104.839854117000044, -5.491266966999943, 0.0 ], [ 104.83971741000002, -5.491225931999923, 0.0 ], [ 104.839580703000081, -5.491184888, 0.0 ], [ 104.839247385000121, -5.491050232999951, 0.0 ], [ 104.839020974000036, -5.490918246999955, 0.0 ], [ 104.838772588, -5.490762201999923, 0.0 ], [ 104.838637420000097, -5.490672143999932, 0.0 ], [ 104.838392041000048, -5.490576817999949, 0.0 ], [ 104.838269347000022, -5.490529156, 0.0 ], [ 104.83814692300011, -5.490453929, 0.0 ], [ 104.8380245070001, -5.490378691999988, 0.0 ], [ 104.83787918700007, -5.490274165999955, 0.0 ], [ 104.837480230000011, -5.490033521999939, 0.0 ], [ 104.836973103000062, -5.489624176999909, 0.0 ], [ 104.83680565800006, -5.489543391999975, 0.0 ], [ 104.836590838000049, -5.48938660299997, 0.0 ], [ 104.836442799000054, -5.48919258, 0.0 ], [ 104.836329096000071, -5.489016821999927, 0.0 ], [ 104.836205175000032, -5.488638419999971, 0.0 ], [ 104.836164929000077, -5.488503842999938, 0.0 ], [ 104.836035470000112, -5.488172934, 0.0 ], [ 104.835960139000093, -5.487951926999925, 0.0 ], [ 104.836011739000099, -5.487519568999945, 0.0 ], [ 104.835964666000024, -5.486948260999926, 0.0 ], [ 104.835997493000079, -5.486806782999944, 0.0 ], [ 104.836030321000038, -5.486665314999962, 0.0 ], [ 104.836063148000093, -5.486523837999892, 0.0 ], [ 104.836158354000062, -5.486232631999956, 0.0 ], [ 104.83620596100009, -5.486087023999987, 0.0 ], [ 104.836259160000054, -5.48582964, 0.0 ], [ 104.836285754000031, -5.485700951999929, 0.0 ], [ 104.836295777000061, -5.485397690999973, 0.0 ], [ 104.836283536000025, -5.485263030999933, 0.0 ], [ 104.836259054000038, -5.484993702999942, 0.0 ], [ 104.836167651000025, -5.484584832999952, 0.0 ], [ 104.835990770000052, -5.484218249, 0.0 ], [ 104.835695380000033, -5.483829623, 0.0 ], [ 104.835533154000117, -5.483455254999926, 0.0 ], [ 104.83542499800005, -5.48320566999997, 0.0 ], [ 104.835265311000072, -5.482759952999951, 0.0 ], [ 104.835225394000048, -5.482648525999968, 0.0 ], [ 104.835150297000055, -5.482270516999955, 0.0 ], [ 104.83510022600008, -5.482018514999977, 0.0 ], [ 104.834989999000115, -5.48151832399998, 0.0 ], [ 104.834882059233834, -5.481258056178019, 0.0 ], [ 104.83558042700011, -5.480595941999868, 0.0 ], [ 104.836494024712792, -5.478128043817522, 0.0 ], [ 104.836738385000089, -5.478206328999947, 0.0 ], [ 104.836943921000042, -5.478229000999958, 0.0 ], [ 104.837133678000029, -5.478245064999955, 0.0 ], [ 104.837217961000064, -5.478041832000015, 0.0 ], [ 104.837223989000037, -5.477587131999963, 0.0 ], [ 104.837235156000077, -5.47718502, 0.0 ], [ 104.837261812103179, -5.477078068132814, 0.0 ], [ 104.838597112000045, -5.476696440999897, 0.0 ], [ 104.84312047500012, -5.476949277999944, 0.0 ], [ 104.844067221000117, -5.476767224999891, 0.0 ], [ 104.846387557999989, -5.476321039999922, 0.0 ], [ 104.84852409600002, -5.474434330999868, 0.0 ], [ 104.851322517000014, -5.46793973699994, 0.0 ], [ 104.853333362000043, -5.466052975999881, 0.0 ], [ 104.859490965000148, -5.462531573999842, 0.0 ], [ 104.862381473000127, -5.459890085999865, 0.0 ], [ 104.864895658000236, -5.454354705999899, 0.0 ], [ 104.867786598000151, -5.449448480999854, 0.0 ], [ 104.87231096500004, -5.444039322999851, 0.0 ], [ 104.87413175077198, -5.442024947863734, 0.0 ], [ 104.874236528000026, -5.442040588999943, 0.0 ], [ 104.874429182000071, -5.442056444999922, 0.0 ], [ 104.874999999000053, -5.442150555999982, 0.0 ], [ 104.876687886000084, -5.442467464999913, 0.0 ], [ 104.876931341000059, -5.442503266999944, 0.0 ], [ 104.877166409000068, -5.442494900999963, 0.0 ], [ 104.877380491000011, -5.442482324999988, 0.0 ], [ 104.877605382000056, -5.442492945999978, 0.0 ], [ 104.877793958000026, -5.442457169999949, 0.0 ], [ 104.878033871000071, -5.44242056199994, 0.0 ], [ 104.878319710000099, -5.442489878999902, 0.0 ], [ 104.878455078000016, -5.442505683999967, 0.0 ], [ 104.878547417000021, -5.442549866999981, 0.0 ], [ 104.878639747000108, -5.442642431, 0.0 ], [ 104.878753050000071, -5.442806511999988, 0.0 ], [ 104.879019543000098, -5.443065277, 0.0 ], [ 104.879275594000049, -5.443088459999958, 0.0 ], [ 104.880006276000117, -5.443014089999933, 0.0 ], [ 104.880394283000058, -5.443004550999943, 0.0 ], [ 104.880541220000055, -5.442905728999937, 0.0 ], [ 104.880744854000028, -5.442634437999962, 0.0 ], [ 104.880826742000053, -5.442478809999963, 0.0 ], [ 104.880912816000063, -5.442342115999933, 0.0 ], [ 104.881040906000095, -5.442049778, 0.0 ], [ 104.881087114000096, -5.441873108999941, 0.0 ], [ 104.881103940000074, -5.441694335999982, 0.0 ], [ 104.881607376000076, -5.441314989999947, 0.0 ], [ 104.881920237000116, -5.441278801999973, 0.0 ], [ 104.882133932000031, -5.44121053399992, 0.0 ], [ 104.882444610000064, -5.441209480999921, 0.0 ], [ 104.882677024000117, -5.441291586999965, 0.0 ], [ 104.882917266000092, -5.44141711799996, 0.0 ], [ 104.883330271000077, -5.441489089999964, 0.0 ], [ 104.883922088000105, -5.441451570999968, 0.0 ], [ 104.884316240000032, -5.441357942999948, 0.0 ], [ 104.884613553000023, -5.441384533999928, 0.0 ], [ 104.885597051000047, -5.44105011899997, 0.0 ], [ 104.885830323000064, -5.440894337999959, 0.0 ], [ 104.885967889000085, -5.440792481999969, 0.0 ], [ 104.886105474, -5.440630685, 0.0 ], [ 104.886302878, -5.44034904199996, 0.0 ], [ 104.886446442000064, -5.44017525899997, 0.0 ], [ 104.886643830000054, -5.440025467999922, 0.0 ], [ 104.886793353000087, -5.43994158999991, 0.0 ], [ 104.888034602000019, -5.440906683, 0.0 ], [ 104.888095320000076, -5.441433090999949, 0.0 ], [ 104.888344090000047, -5.441676939999963, 0.0 ], [ 104.888703444000029, -5.441865398999925, 0.0 ], [ 104.888996468000116, -5.441998435999919, 0.0 ], [ 104.889355839000089, -5.442098239999916, 0.0 ], [ 104.889648881000099, -5.442131539999918, 0.0 ], [ 104.8899806310001, -5.442120517999983, 0.0 ], [ 104.890185228000064, -5.441987572, 0.0 ], [ 104.890514430000039, -5.441766992999954, 0.0 ], [ 104.891240774, -5.441787321999948, 0.0 ], [ 104.892148556000066, -5.44263573299998, 0.0 ], [ 104.892394649000082, -5.442805592, 0.0 ], [ 104.893279426000021, -5.442968707, 0.0 ], [ 104.894827340000106, -5.44342149699998, 0.0 ], [ 104.895385005000065, -5.443954912999972, 0.0 ], [ 104.896101231000074, -5.444134778000022, 0.0 ], [ 104.896698351000012, -5.444749247999971, 0.0 ], [ 104.896799214000097, -5.445261938999936, 0.0 ], [ 104.896821015000043, -5.445421901999937, 0.0 ], [ 104.896758182000085, -5.445916805999941, 0.0 ], [ 104.896654433000023, -5.446285911999928, 0.0 ], [ 104.896569797000041, -5.446581201999935, 0.0 ], [ 104.897073021000011, -5.44682827499995, 0.0 ], [ 104.897279121000011, -5.447051622999956, 0.0 ], [ 104.897590150000084, -5.447182921999984, 0.0 ], [ 104.897816608000085, -5.447234914000022, 0.0 ], [ 104.898034888000026, -5.44722128199996, 0.0 ], [ 104.89849056000007, -5.447087380999983, 0.0 ], [ 104.898676101000049, -5.447060064999944, 0.0 ], [ 104.899082654000026, -5.447046463999884, 0.0 ], [ 104.899554689000098, -5.446980918999968, 0.0 ], [ 104.899674501000064, -5.446966428999923, 0.0 ], [ 104.899974094000072, -5.446927469999897, 0.0 ], [ 104.900393871000077, -5.446857989999922, 0.0 ], [ 104.900962592000056, -5.446822467999914, 0.0 ], [ 104.901922371000069, -5.447076532999974, 0.0 ], [ 104.90211871300005, -5.447073171999962, 0.0 ], [ 104.902460600000012, -5.447195354999947, 0.0 ], [ 104.902653537000077, -5.447317513999929, 0.0 ], [ 104.902802455000057, -5.447514298999957, 0.0 ], [ 104.902859979000098, -5.447666967999977, 0.0 ], [ 104.902931036000027, -5.447870524999944, 0.0 ], [ 104.903025803000062, -5.447985882999985, 0.0 ], [ 104.903127348000027, -5.448060532999945, 0.0 ], [ 104.903245795000046, -5.448281059999983, 0.0 ], [ 104.903567377000101, -5.448372707999928, 0.0 ], [ 104.90376710800011, -5.448355777999948, 0.0 ], [ 104.904136123000086, -5.448186214999952, 0.0 ], [ 104.904406965000121, -5.448030205999922, 0.0 ], [ 104.904603318000014, -5.447969174000024, 0.0 ], [ 104.904860613000082, -5.447850478999973, 0.0 ], [ 104.905053591000055, -5.447718204999953, 0.0 ], [ 104.905226251000045, -5.447626635999926, 0.0 ], [ 104.905513998000046, -5.447599542, 0.0 ], [ 104.905761116000065, -5.447619936, 0.0 ], [ 104.906170722000027, -5.447647138999935, 0.0 ], [ 104.906441535000056, -5.447677712999978, 0.0 ], [ 104.906604024000089, -5.447684523, 0.0 ], [ 104.906766513000036, -5.44769133299995, 0.0 ], [ 104.907057646000055, -5.447660846, 0.0 ], [ 104.907250608000126, -5.447630343999966, 0.0 ], [ 104.907392796000067, -5.447576086999918, 0.0 ], [ 104.907514677000037, -5.447484509999979, 0.0 ], [ 104.907562085000052, -5.447389528999937, 0.0 ], [ 104.907575667000103, -5.447118136999952, 0.0 ], [ 104.907612976000081, -5.446646594999928, 0.0 ], [ 104.907677311000072, -5.446544831999946, 0.0 ], [ 104.908114033000061, -5.446344745, 0.0 ], [ 104.908290080000057, -5.446239605999915, 0.0 ], [ 104.909036625000013, -5.445495075999952, 0.0 ], [ 104.909393827000088, -5.445103299999955, 0.0 ], [ 104.90978316900005, -5.444811608999979, 0.0 ], [ 104.910108164000036, -5.444699706999957, 0.0 ], [ 104.910754744000059, -5.444655701999958, 0.0 ], [ 104.91103910300005, -5.444637089999928, 0.0 ], [ 104.911177898000076, -5.44462184, 0.0 ], [ 104.911482575000065, -5.444560820999923, 0.0 ], [ 104.911634912000054, -5.444540488999928, 0.0 ], [ 104.911878644000069, -5.444557486999914, 0.0 ], [ 104.912007273000043, -5.44461517699998, 0.0 ], [ 104.912146049000071, -5.444730539999933, 0.0 ], [ 104.912267890000024, -5.444910355999978, 0.0 ], [ 104.912342335000062, -5.445113912999945, 0.0 ], [ 104.912416756000084, -5.445483698999988, 0.0 ], [ 104.912430274000059, -5.445639752999933, 0.0 ], [ 104.912470876000043, -5.445778848999984, 0.0 ], [ 104.912508109000015, -5.445812777999949, 0.0 ], [ 104.912562271000056, -5.445822963, 0.0 ], [ 104.912738302000051, -5.44581959699998, 0.0 ], [ 104.912998965000028, -5.445802672, 0.0 ], [ 104.913181765000061, -5.445806090999929, 0.0 ], [ 104.913323942, -5.445819680999898, 0.0 ], [ 104.913503352000106, -5.445863808, 0.0 ], [ 104.913520265000088, -5.445952013999923, 0.0 ], [ 104.913503317000021, -5.446108063999956, 0.0 ], [ 104.913496521000084, -5.446287871, 0.0 ], [ 104.913513442000053, -5.446321796999966, 0.0 ], [ 104.913554062000046, -5.446335372999934, 0.0 ], [ 104.913628538000083, -5.446325205999893, 0.0 ], [ 104.913770728000117, -5.446247200999922, 0.0 ], [ 104.913970471000127, -5.446135269999987, 0.0 ], [ 104.914122805000034, -5.446138683999914, 0.0 ], [ 104.914143111000016, -5.446179395999907, 0.0 ], [ 104.914173531000046, -5.446505082999943, 0.0 ], [ 104.914356291000075, -5.446796858000015, 0.0 ], [ 104.914552580000063, -5.447173446, 0.0 ], [ 104.914715031000085, -5.447455040999939, 0.0 ], [ 104.914819935000068, -5.447719664999985, 0.0 ], [ 104.914958660000082, -5.44821158799992, 0.0 ], [ 104.915032289000052, -5.449121230999955, 0.0 ], [ 104.915603058000031, -5.449734775, 0.0 ], [ 104.915001998000037, -5.450462878999941, 0.0 ], [ 104.913894943000088, -5.450684344999969, 0.0 ], [ 104.912914423000061, -5.450747523999956, 0.0 ], [ 104.91225020300007, -5.450747427999948, 0.0 ], [ 104.911354023000086, -5.451060388, 0.0 ], [ 104.911274721000012, -5.452307726999907, 0.0 ], [ 104.91147241100002, -5.453040328999949, 0.0 ], [ 104.912296386000079, -5.453953234999988, 0.0 ], [ 104.912598660000043, -5.454183176999917, 0.0 ], [ 104.912853756000104, -5.454423841999935, 0.0 ], [ 104.913201044000061, -5.454696760999957, 0.0 ], [ 104.91337684500003, -5.454744053999962, 0.0 ], [ 104.91356122900001, -5.454739783999964, 0.0 ], [ 104.913932169000063, -5.454563655999957, 0.0 ], [ 104.91415946100004, -5.454363878999947, 0.0 ], [ 104.914495082000101, -5.454094376999942, 0.0 ], [ 104.914285494000083, -5.45485674899996, 0.0 ], [ 104.914067221000053, -5.456768347999942, 0.0 ], [ 104.914034421000082, -5.458057457999933, 0.0 ], [ 104.914175910000068, -5.459116938999932, 0.0 ], [ 104.914066735000091, -5.460373135999953, 0.0 ], [ 104.914199657000083, -5.462577329999897, 0.0 ], [ 104.9142707190001, -5.462783146999962, 0.0 ], [ 104.91421354600007, -5.463306513999923, 0.0 ], [ 104.913893917000095, -5.463701057999971, 0.0 ], [ 104.913694596000127, -5.464038018999963, 0.0 ], [ 104.913622513000021, -5.464781846999957, 0.0 ], [ 104.913864408000052, -5.465265587999925, 0.0 ], [ 104.914135800000039, -5.465724707999899, 0.0 ], [ 104.913922236000047, -5.466293837, 0.0 ], [ 104.913866588000062, -5.466439250999956, 0.0 ], [ 104.913731727000084, -5.467056662999971, 0.0 ], [ 104.913294134000026, -5.467573235, 0.0 ], [ 104.91302295900006, -5.467800967999915, 0.0 ], [ 104.912571199000084, -5.468263810999931, 0.0 ], [ 104.912235244000087, -5.46872384799998, 0.0 ], [ 104.91186715, -5.469125773999929, 0.0 ], [ 104.910947528000023, -5.470547662999893, 0.0 ], [ 104.91085203400003, -5.470607318999944, 0.0 ], [ 104.91068103500001, -5.470778616, 0.0 ], [ 104.910577105000115, -5.47087324499992, 0.0 ], [ 104.910444382000051, -5.470991959999973, 0.0 ], [ 104.910150505000075, -5.471186642, 0.0 ], [ 104.909818724000061, -5.471294244999937, 0.0 ], [ 104.909467982000095, -5.471428757999965, 0.0 ], [ 104.908984507000056, -5.471746895, 0.0 ], [ 104.908842293000106, -5.471936849, 0.0 ], [ 104.908482071000051, -5.472783806999905, 0.0 ], [ 104.908028608, -5.473417886999966, 0.0 ], [ 104.907722862000114, -5.473933804999932, 0.0 ], [ 104.907580699000079, -5.474087961999986, 0.0 ], [ 104.907544877000049, -5.474324548999933, 0.0 ], [ 104.90753729900004, -5.474462732999909, 0.0 ], [ 104.907573144000068, -5.474722073999962, 0.0 ], [ 104.907714767000073, -5.475095019, 0.0 ], [ 104.907816728000071, -5.475431979, 0.0 ], [ 104.907803420000036, -5.475969581999975, 0.0 ], [ 104.907831654000063, -5.476647275999914, 0.0 ], [ 104.907909839000041, -5.476969198, 0.0 ], [ 104.907994245000097, -5.478529141000012, 0.0 ], [ 104.908220490000076, -5.479928512999978, 0.0 ], [ 104.908388416000022, -5.480804496999982, 0.0 ], [ 104.908190795000024, -5.481591356999983, 0.0 ], [ 104.908250328000065, -5.48174852200002, 0.0 ], [ 104.90814201200007, -5.481970690999928, 0.0 ], [ 104.908158228000076, -5.48212242999996, 0.0 ], [ 104.908353111000039, -5.482295872999922, 0.0 ], [ 104.908423428000077, -5.482751091999928, 0.0 ], [ 104.909125098000047, -5.482891964999949, 0.0 ], [ 104.909220605000044, -5.483049251999907, 0.0 ], [ 104.908947340000083, -5.485753427999919, 0.0 ], [ 104.909042087000017, -5.486046321999906, 0.0 ], [ 104.909164445000016, -5.486616268, 0.0 ], [ 104.909252272000089, -5.48724780699993, 0.0 ], [ 104.909321783000067, -5.487807250999944, 0.0 ], [ 104.909428723000033, -5.488907896999974, 0.0 ], [ 104.909574022000072, -5.490256593999922, 0.0 ], [ 104.909913633000102, -5.490918339999963, 0.0 ], [ 104.910081386000044, -5.491355852999925, 0.0 ], [ 104.910242304000036, -5.491869924999916, 0.0 ], [ 104.910384226000048, -5.492149174999929, 0.0 ], [ 104.910525004000064, -5.492350424999971, 0.0 ], [ 104.910766065000118, -5.492854349999922, 0.0 ], [ 104.910809685000075, -5.493111384999962, 0.0 ], [ 104.911312008000081, -5.49351378899995, 0.0 ], [ 104.911633161000097, -5.493885849, 0.0 ], [ 104.911731426000046, -5.494039498999927, 0.0 ], [ 104.911744014000121, -5.494081566999943, 0.0 ], [ 104.911825857000053, -5.494167809999974, 0.0 ], [ 104.911909813000065, -5.494197268999924, 0.0 ], [ 104.912096623000068, -5.494230948999958, 0.0 ], [ 104.912220450000106, -5.49429406699994, 0.0 ], [ 104.912409338000103, -5.494443433999953, 0.0 ], [ 104.912644394000012, -5.494655896999946, 0.0 ], [ 104.912808087000045, -5.494857837999957, 0.0 ], [ 104.913072402000068, -5.495205767999968, 0.0 ], [ 104.913480760000112, -5.495538899999909, 0.0 ], [ 104.91332476400008, -5.495806312999919, 0.0 ], [ 104.91323860500006, -5.496213695999964, 0.0 ], [ 104.913415938000071, -5.496484418999982, 0.0 ], [ 104.913465018000053, -5.496708633999971, 0.0 ], [ 104.913445859000063, -5.497091431999936, 0.0 ], [ 104.913514065000115, -5.49722541999992, 0.0 ], [ 104.91377870500007, -5.497518030999972, 0.0 ], [ 104.913934214000051, -5.497693047999975, 0.0 ], [ 104.914095175000057, -5.497936420999951, 0.0 ], [ 104.914103348000111, -5.498043061999981, 0.0 ], [ 104.914100594000061, -5.498171575999956, 0.0 ], [ 104.914045977000072, -5.498469604000013, 0.0 ], [ 104.914045944000065, -5.498702016999969, 0.0 ], [ 104.914242388000062, -5.498866102999957, 0.0 ], [ 104.914332441000056, -5.498877052999974, 0.0 ], [ 104.914706264000074, -5.498934533999934, 0.0 ], [ 104.914859065000101, -5.498983767999922, 0.0 ], [ 104.915027604000016, -5.499213364999912, 0.0 ], [ 104.91516734800004, -5.49940762999991, 0.0 ], [ 104.914632489000013, -5.499618091999915, 0.0 ], [ 104.91422045900002, -5.499560614999956, 0.0 ], [ 104.913898458000034, -5.499672673, 0.0 ], [ 104.913571003000115, -5.499732784, 0.0 ], [ 104.913281757000078, -5.499713599999913, 0.0 ], [ 104.912929788000085, -5.49948933199992, 0.0 ], [ 104.912583250000097, -5.499099929999941, 0.0 ], [ 104.912069496000044, -5.498834449999913, 0.0 ], [ 104.912042189, -5.498998502999898, 0.0 ], [ 104.91186752000003, -5.499211747999956, 0.0 ], [ 104.91167648800004, -5.499329297, 0.0 ], [ 104.910956059000029, -5.499651840999954, 0.0 ], [ 104.910833257000078, -5.499728382999892, 0.0 ], [ 104.910639135000096, -5.500000011999896, 0.0 ], [ 104.910715812000035, -5.500378789999973, 0.0 ], [ 104.910799409000035, -5.500625031, 0.0 ], [ 104.910854842000091, -5.500829377999951, 0.0 ], [ 104.910894876000029, -5.501287061999983, 0.0 ], [ 104.910855937000093, -5.501599503999989, 0.0 ], [ 104.910635704000072, -5.502763750999952, 0.0 ], [ 104.910221882000116, -5.503504593999965, 0.0 ], [ 104.909946011000031, -5.503927926999909, 0.0 ], [ 104.909535134000052, -5.504580567999907, 0.0 ], [ 104.909091990000064, -5.505177341, 0.0 ], [ 104.908743637000015, -5.505630520999917, 0.0 ], [ 104.908434628000037, -5.505938726999927, 0.0 ], [ 104.908144104000058, -5.506229751999937, 0.0 ], [ 104.907686340000026, -5.506476649999938, 0.0 ], [ 104.907281821000126, -5.506571984999921, 0.0 ], [ 104.907052547000077, -5.506600035999933, 0.0 ], [ 104.906674030000019, -5.506679359000012, 0.0 ], [ 104.906453948000021, -5.506820448999962, 0.0 ], [ 104.906078097, -5.507195720999926, 0.0 ], [ 104.905855311000053, -5.507279010999978, 0.0 ], [ 104.905591238000042, -5.507278968999975, 0.0 ], [ 104.905142314000031, -5.507278897999969, 0.0 ], [ 104.904424937, -5.507146478999937, 0.0 ], [ 104.903909966000114, -5.507331621999979, 0.0 ], [ 104.903645897000033, -5.507305119, 0.0 ], [ 104.903135392000067, -5.507084527999963, 0.0 ], [ 104.902959376000069, -5.506881632999962, 0.0 ], [ 104.902569869000075, -5.506446942999967, 0.0 ], [ 104.902220062000097, -5.506334652999913, 0.0 ], [ 104.901903184000076, -5.50628167899997, 0.0 ], [ 104.901623112000081, -5.506513665999892, 0.0 ], [ 104.901424125000048, -5.506722270999921, 0.0 ], [ 104.90125288100009, -5.506986507999935, 0.0 ], [ 104.901114027000062, -5.507264663999946, 0.0 ], [ 104.900998298000076, -5.507630917999963, 0.0 ], [ 104.900882589, -5.507825624, 0.0 ], [ 104.900362595000061, -5.5082066009999, 0.0 ], [ 104.900280473000109, -5.508487796999896, 0.0 ], [ 104.900144702000063, -5.508791635999989, 0.0 ], [ 104.899967957000086, -5.509013063999925, 0.0 ], [ 104.899823150000103, -5.509147595999954, 0.0 ], [ 104.899535641000028, -5.509565639, 0.0 ], [ 104.899423006000035, -5.509942414, 0.0 ], [ 104.899414750000062, -5.510557915999938, 0.0 ], [ 104.898090083000056, -5.512184759999984, 0.0 ], [ 104.898108509000068, -5.51266694, 0.0 ], [ 104.898062203000066, -5.512880201999971, 0.0 ], [ 104.897951113000019, -5.513130544, 0.0 ], [ 104.897789132000113, -5.513348422999988, 0.0 ], [ 104.897627151000037, -5.513566301999985, 0.0 ], [ 104.897238435000119, -5.513862958999928, 0.0 ], [ 104.896886750000064, -5.514066896000015, 0.0 ], [ 104.896553570000023, -5.51428938099995, 0.0 ], [ 104.896322183000066, -5.514511882999974, 0.0 ], [ 104.896016178000053, -5.514974404999963, 0.0 ], [ 104.895451791000085, -5.516095430999902, 0.0 ], [ 104.895224215000084, -5.516161003, 0.0 ], [ 104.895025857000093, -5.516245300999957, 0.0 ], [ 104.894799459000112, -5.516326000999884, 0.0 ], [ 104.894434940000053, -5.516341315, 0.0 ], [ 104.894143336000084, -5.516291281999942, 0.0 ], [ 104.893760093000083, -5.516315177999966, 0.0 ], [ 104.893521735000078, -5.516314238999977, 0.0 ], [ 104.89318405900012, -5.516421831999908, 0.0 ], [ 104.892984514000034, -5.516537137999945, 0.0 ], [ 104.892754243000084, -5.516813917999931, 0.0 ], [ 104.892531653000049, -5.517052251999933, 0.0 ], [ 104.892284271, -5.51784477699996, 0.0 ], [ 104.892232177000054, -5.518747332999942, 0.0 ], [ 104.892204062000033, -5.519404271999941, 0.0 ], [ 104.892221990000095, -5.519564297999947, 0.0 ], [ 104.892277441000061, -5.519770404999948, 0.0 ], [ 104.892363687000099, -5.519981844999945, 0.0 ], [ 104.892550210000081, -5.520343086, 0.0 ], [ 104.892647267000115, -5.520479677999925, 0.0 ], [ 104.892796893000053, -5.520682236999987, 0.0 ], [ 104.892914883000046, -5.520839584999949, 0.0 ], [ 104.89301138600004, -5.520996458999962, 0.0 ], [ 104.893066877000109, -5.521132093, 0.0 ], [ 104.893158876000072, -5.521434740999988, 0.0 ], [ 104.893227769000092, -5.521850229999904, 0.0 ], [ 104.893278487000032, -5.522018683999898, 0.0 ], [ 104.893499225000085, -5.522404346999922, 0.0 ], [ 104.89361478000005, -5.522546740999891, 0.0 ], [ 104.893867128000053, -5.522825181999925, 0.0 ], [ 104.894048283000032, -5.523021168999977, 0.0 ], [ 104.894146851000116, -5.52319426399991, 0.0 ], [ 104.894175318000066, -5.523295588999945, 0.0 ], [ 104.894212356000111, -5.523476261999972, 0.0 ], [ 104.89421444700011, -5.523801572999977, 0.0 ], [ 104.894140829000051, -5.524163599999911, 0.0 ], [ 104.894042350000078, -5.524450146999905, 0.0 ], [ 104.894031243000043, -5.524971057999929, 0.0 ], [ 104.894074748, -5.525852136, 0.0 ], [ 104.894157366000087, -5.52601136799994, 0.0 ], [ 104.894240285000109, -5.526101675999952, 0.0 ], [ 104.894380353000074, -5.52619479799993, 0.0 ], [ 104.894570977000029, -5.526255605999987, 0.0 ], [ 104.894927867000078, -5.526328329999965, 0.0 ], [ 104.895084749, -5.526406121, 0.0 ], [ 104.895219415000042, -5.526521233999938, 0.0 ], [ 104.895272847000015, -5.526610784999976, 0.0 ], [ 104.895328686000113, -5.526827565999971, 0.0 ], [ 104.895337275000102, -5.526968185999971, 0.0 ], [ 104.895331746000096, -5.527088773999912, 0.0 ], [ 104.895295777000044, -5.527192937999915, 0.0 ], [ 104.895199465000076, -5.527375857999951, 0.0 ], [ 104.895162875000068, -5.527466451999986, 0.0 ], [ 104.895165881000054, -5.527675977999914, 0.0 ], [ 104.895282563000109, -5.527940452999948, 0.0 ], [ 104.89543432300006, -5.528293897999971, 0.0 ], [ 104.895520475000083, -5.528644111, 0.0 ], [ 104.895567773000082, -5.528961151999935, 0.0 ], [ 104.895613028000099, -5.529347442999923, 0.0 ], [ 104.89565831900002, -5.529735995999919, 0.0 ], [ 104.895702353000033, -5.529929516999944, 0.0 ], [ 104.895767646000095, -5.530092888999961, 0.0 ], [ 104.89587630100003, -5.530312772999947, 0.0 ], [ 104.896025310000098, -5.530501824999957, 0.0 ], [ 104.896338133000057, -5.530737991999958, 0.0 ], [ 104.896635288000127, -5.530892729999971, 0.0 ], [ 104.897023571, -5.530960921000018, 0.0 ], [ 104.897312886000051, -5.531150517999984, 0.0 ], [ 104.897413191000098, -5.531263244999897, 0.0 ], [ 104.897488412000101, -5.531390332999932, 0.0 ], [ 104.897936967000092, -5.532646175999924, 0.0 ], [ 104.898467926000052, -5.533863950999963, 0.0 ], [ 104.898450225000019, -5.534155411999921, 0.0 ], [ 104.898343423000057, -5.534246329999982, 0.0 ], [ 104.898077672000099, -5.534479304999897, 0.0 ], [ 104.897825481000012, -5.534623523999928, 0.0 ], [ 104.897627917000094, -5.534801425999904, 0.0 ], [ 104.897037840000038, -5.535754897999924, 0.0 ], [ 104.896893807000112, -5.535912280999979, 0.0 ], [ 104.896769402000118, -5.536122136999934, 0.0 ], [ 104.896612206000086, -5.536692714999981, 0.0 ], [ 104.896321499000095, -5.537186704, 0.0 ], [ 104.895950941000081, -5.537538668999987, 0.0 ], [ 104.89579380000005, -5.537787871, 0.0 ], [ 104.895669356000056, -5.538214162999923, 0.0 ], [ 104.895466385000049, -5.538515827000014, 0.0 ], [ 104.895034317000082, -5.538797772999983, 0.0 ], [ 104.894674267000056, -5.538987910999905, 0.0 ], [ 104.894307686, -5.539099342999977, 0.0 ], [ 104.893908389, -5.539138623999941, 0.0 ], [ 104.893587638000028, -5.539191036000014, 0.0 ], [ 104.893175246000098, -5.53924999, 0.0 ], [ 104.892940594000052, -5.539301558000011, 0.0 ], [ 104.892546794000054, -5.539584368999963, 0.0 ], [ 104.892265027000107, -5.539991407999979, 0.0 ], [ 104.892286027000068, -5.541192553999975, 0.0 ], [ 104.892222294000121, -5.541638984999965, 0.0 ], [ 104.891936244000078, -5.542320709999972, 0.0 ], [ 104.891819003000066, -5.542526480999944, 0.0 ], [ 104.891458195000055, -5.543148245999964, 0.0 ], [ 104.891248668000031, -5.543664790999982, 0.0 ], [ 104.891086686000037, -5.544264282999935, 0.0 ], [ 104.891076005000045, -5.544657575999969, 0.0 ], [ 104.891160813000042, -5.544997737999958, 0.0 ], [ 104.891478987000085, -5.545476127000017, 0.0 ], [ 104.891828972000084, -5.546039558999917, 0.0 ], [ 104.891966809000039, -5.546464767000016, 0.0 ], [ 104.892019742000059, -5.547070662999966, 0.0 ], [ 104.891998397000066, -5.547772210999925, 0.0 ], [ 104.891584321000011, -5.549600421999935, 0.0 ], [ 104.891414508000082, -5.549993685999967, 0.0 ], [ 104.891159840000057, -5.550301895999977, 0.0 ], [ 104.890374625, -5.551184005999955, 0.0 ], [ 104.88984402400007, -5.552044902999954, 0.0 ], [ 104.889718038000041, -5.552228719999976, 0.0 ], [ 104.889515064000122, -5.552501912999931, 0.0 ], [ 104.889315586000052, -5.552695573999967, 0.0 ], [ 104.889116108000067, -5.552889234999915, 0.0 ], [ 104.889582792000041, -5.553456533999958, 0.0 ], [ 104.889930351000018, -5.553735230000013, 0.0 ], [ 104.890277929, -5.553904462999983, 0.0 ], [ 104.890814224000053, -5.554004072999964, 0.0 ], [ 104.89140020800005, -5.553934522999983, 0.0 ], [ 104.892105391000129, -5.553765483999941, 0.0 ], [ 104.892532456000112, -5.553755610999923, 0.0 ], [ 104.893032034000058, -5.553886902999951, 0.0 ], [ 104.893351774000053, -5.554029413999929, 0.0 ], [ 104.893863187000093, -5.554422573999952, 0.0 ], [ 104.894528450000067, -5.555338193999949, 0.0 ], [ 104.894925600000064, -5.556014938999988, 0.0 ], [ 104.895084470000057, -5.556228915999929, 0.0 ], [ 104.895531305000091, -5.55676137800002, 0.0 ], [ 104.895849064000089, -5.557089821000018, 0.0 ], [ 104.896206547000091, -5.557438171999975, 0.0 ], [ 104.896603782000099, -5.557647213999951, 0.0 ], [ 104.89706061300005, -5.557826413999946, 0.0 ], [ 104.897686300000046, -5.557916082, 0.0 ], [ 104.898118310000086, -5.558045520999956, 0.0 ], [ 104.899036945000063, -5.558374064999962, 0.0 ], [ 104.899925766000067, -5.558817039999932, 0.0 ], [ 104.900179006000059, -5.558941471999924, 0.0 ], [ 104.900814598000068, -5.559200306999935, 0.0 ], [ 104.901211839000069, -5.559389444999953, 0.0 ], [ 104.90139058500003, -5.559548691999984, 0.0 ], [ 104.901608989000067, -5.560125891999958, 0.0 ], [ 104.901643549000084, -5.561339930999955, 0.0 ], [ 104.901737718000064, -5.562444517999955, 0.0 ], [ 104.90184689400003, -5.562892334999971, 0.0 ], [ 104.901956096, -5.563190885999981, 0.0 ], [ 104.902412823000049, -5.564036803999985, 0.0 ], [ 104.902700792000076, -5.564375189, 0.0 ], [ 104.903117881000043, -5.564683741999955, 0.0 ], [ 104.90377333, -5.565032136999916, 0.0 ], [ 104.904071250000044, -5.565261060999939, 0.0 ], [ 104.904448558000098, -5.565912917999961, 0.0 ], [ 104.904556335000038, -5.566181780999914, 0.0 ] ] ] ] } },
{ "type": "Feature", "properties": { "KDPPUM": null, "NAMOBJ": "WAYKHILAU", "REMARK": "Wilayah Administrasi Kecamatan", "KDPBPS": null, "FCODE": null, "LUASWH": 0.0, "UUPP": null, "SRS_ID": null, "LCODE": "BA0080", "METADATA": null, "KDEBPS": null, "KDEPUM": null, "KDCBPS": null, "KDCPUM": null, "KDBBPS": null, "KDBPUM": null, "WADMKD": null, "WIADKD": null, "WADMKC": null, "WIADKC": null, "WADMKK": "PESAWARAN", "WIADKK": null, "WADMPR": "LAMPUNG", "WIADPR": null, "TIPADM": 0, "Shape_Leng": 0.45271436632000001, "Shape_Area": 0.00643157204 }, "geometry": { "type": "MultiPolygon", "coordinates": [ [ [ [ 104.963261977000101, -5.542243527999892, 0.0 ], [ 104.964549943717813, -5.550730649406267, 0.0 ], [ 104.964045300000066, -5.550210867, 0.0 ], [ 104.963159486000052, -5.549245629999978, 0.0 ], [ 104.962703945000015, -5.548654565999923, 0.0 ], [ 104.962280008000022, -5.54804767199998, 0.0 ], [ 104.961969298000071, -5.54757799000002, 0.0 ], [ 104.961827119000034, -5.547213860999912, 0.0 ], [ 104.961729736000066, -5.54640118, 0.0 ], [ 104.961686991000079, -5.545666340999945, 0.0 ], [ 104.961648206000064, -5.54477055, 0.0 ], [ 104.96160610400004, -5.544285053999966, 0.0 ], [ 104.961432342000052, -5.543651790999972, 0.0 ], [ 104.961282265000079, -5.543263913999942, 0.0 ], [ 104.960887303000078, -5.542614803999969, 0.0 ], [ 104.960476521000018, -5.542266487999926, 0.0 ], [ 104.959323156000067, -5.541569831999928, 0.0 ], [ 104.959101969000059, -5.541356094, 0.0 ], [ 104.958841297000077, -5.540904882999977, 0.0 ], [ 104.958288385000074, -5.539582929999932, 0.0 ], [ 104.95867134302847, -5.53560325840189, 0.0 ], [ 104.96150185700013, -5.53855821999988, 0.0 ], [ 104.963261977000101, -5.542243527999892, 0.0 ] ] ], [ [ [ 104.957741398000024, -5.534632426999865, 0.0 ], [ 104.958590402353337, -5.535518759053305, 0.0 ], [ 104.957528073000049, -5.534786266999982, 0.0 ], [ 104.955934484000082, -5.535347882999909, 0.0 ], [ 104.955902912000056, -5.534967928999913, 0.0 ], [ 104.955910844000087, -5.534532568999952, 0.0 ], [ 104.955902974000054, -5.534128869999945, 0.0 ], [ 104.955816107000061, -5.533685585999949, 0.0 ], [ 104.955594943000065, -5.533210629999909, 0.0 ], [ 104.955128899000044, -5.532490269999903, 0.0 ], [ 104.955065609690877, -5.53225918847914, 0.0 ], [ 104.957741398000024, -5.534632426999865, 0.0 ] ] ], [ [ [ 104.947782490212262, -5.514745812998457, 0.0 ], [ 104.947404303000042, -5.514782304999967, 0.0 ], [ 104.946859228000065, -5.514718930999964, 0.0 ], [ 104.946582747, -5.514608086999941, 0.0 ], [ 104.946385267000011, -5.514465587999963, 0.0 ], [ 104.94604561800007, -5.514038110999943, 0.0 ], [ 104.945871846000074, -5.51379666799995, 0.0 ], [ 104.945698074000092, -5.513555223999957, 0.0 ], [ 104.945129336000022, -5.51311981, 0.0 ], [ 104.944900259000065, -5.512961475999946, 0.0 ], [ 104.944683027000039, -5.512858551999956, 0.0 ], [ 104.944465795, -5.512755627999967, 0.0 ], [ 104.944010015396969, -5.512436599313032, 0.0 ], [ 104.947159056, -5.514235003999891, 0.0 ], [ 104.947782490212262, -5.514745812998457, 0.0 ] ] ], [ [ [ 104.955338997000112, -5.447832, 0.0 ], [ 104.954765997000123, -5.449722, 0.0 ], [ 104.954530997000049, -5.450432999999867, 0.0 ], [ 104.954227997000018, -5.451276999999889, 0.0 ], [ 104.953842996999967, -5.452272999999876, 0.0 ], [ 104.953359997000149, -5.453439999999889, 0.0 ], [ 104.952396997000136, -5.454659, 0.0 ], [ 104.951857997000033, -5.4553, 0.0 ], [ 104.951686997000095, -5.455469, 0.0 ], [ 104.951546997000065, -5.455573999999887, 0.0 ], [ 104.951267997000159, -5.455692999999874, 0.0 ], [ 104.949247997000086, -5.456626999999882, 0.0 ], [ 104.948071997000127, -5.457204, 0.0 ], [ 104.947657997000164, -5.457431999999875, 0.0 ], [ 104.947285997000208, -5.457661, 0.0 ], [ 104.946437997000118, -5.458236999999867, 0.0 ], [ 104.94534999699998, -5.460788, 0.0 ], [ 104.94465699700001, -5.462561999999872, 0.0 ], [ 104.944047997000069, -5.464219, 0.0 ], [ 104.94383699700002, -5.464843999999859, 0.0 ], [ 104.943561997, -5.465782, 0.0 ], [ 104.943481997000134, -5.466132, 0.0 ], [ 104.943403622063286, -5.466669981047202, 0.0 ], [ 104.943330163000013, -5.466526924999927, 0.0 ], [ 104.943280497000075, -5.466677778999975, 0.0 ], [ 104.942817519000045, -5.465295094999968, 0.0 ], [ 104.94218701600002, -5.463425460999906, 0.0 ], [ 104.941871921000057, -5.460876009999906, 0.0 ], [ 104.942284676000014, -5.45989422099994, 0.0 ], [ 104.943206520000089, -5.458995941999957, 0.0 ], [ 104.944176816000081, -5.458704670999927, 0.0 ], [ 104.945219894000047, -5.458267722999922, 0.0 ], [ 104.945316975000082, -5.45766072599997, 0.0 ], [ 104.944684698000088, -5.457213500999915, 0.0 ], [ 104.94470455400004, -5.457132010999922, 0.0 ], [ 104.944752886000046, -5.456933647999941, 0.0 ], [ 104.945587039000046, -5.455576614999925, 0.0 ], [ 104.945397478000089, -5.455431853999938, 0.0 ], [ 104.945485686000012, -5.455312176999984, 0.0 ], [ 104.946182963000069, -5.454255880999982, 0.0 ], [ 104.946841885000055, -5.453453669999954, 0.0 ], [ 104.947347615000055, -5.452826638999943, 0.0 ], [ 104.947808059000053, -5.452238656999965, 0.0 ], [ 104.948629674000088, -5.450718916999987, 0.0 ], [ 104.949045022000078, -5.449624327000015, 0.0 ], [ 104.949550633000086, -5.448620208999978, 0.0 ], [ 104.949704131, -5.44820408399992, 0.0 ], [ 104.949758317000033, -5.447932692999936, 0.0 ], [ 104.949908008000079, -5.44734531699992, 0.0 ], [ 104.949956764000021, -5.447359728999958, 0.0 ], [ 104.949978097000013, -5.447276018999959, 0.0 ], [ 104.950934882000041, -5.447558827, 0.0 ], [ 104.951540613000063, -5.447526535, 0.0 ], [ 104.952248089000079, -5.447959465999931, 0.0 ], [ 104.953087161000042, -5.448098848, 0.0 ], [ 104.953315542000027, -5.448205840999977, 0.0 ], [ 104.95373368000007, -5.448388485999901, 0.0 ], [ 104.954288650000066, -5.448606449, 0.0 ], [ 104.954965119000079, -5.448903331999956, 0.0 ], [ 104.955268909000083, -5.447901300999915, 0.0 ], [ 104.955532909000084, -5.447280299999958, 0.0 ], [ 104.9556588290001, -5.447030769, 0.0 ], [ 104.956043909000087, -5.446525299999928, 0.0 ], [ 104.956104360754878, -5.446468083545598, 0.0 ], [ 104.955924997000096, -5.446692999999859, 0.0 ], [ 104.955754997000071, -5.44694299999985, 0.0 ], [ 104.955602997000099, -5.447211, 0.0 ], [ 104.95546499700005, -5.447505999999892, 0.0 ], [ 104.955338997000112, -5.447832, 0.0 ] ] ], [ [ [ 104.959049997000122, -5.443907, 0.0 ], [ 104.959037753000075, -5.443917128999955, 0.0 ], [ 104.959850910000043, -5.443085300999963, 0.0 ], [ 104.960358910000053, -5.442341300999955, 0.0 ], [ 104.960909910000083, -5.441417300999975, 0.0 ], [ 104.96141491000013, -5.44040330099992, 0.0 ], [ 104.961576911000023, -5.439976300999939, 0.0 ], [ 104.961717766539081, -5.439688553208745, 0.0 ], [ 104.961646997000145, -5.43990699999989, 0.0 ], [ 104.961484997000056, -5.44033399999987, 0.0 ], [ 104.961296996999963, -5.440753, 0.0 ], [ 104.960979997000024, -5.441348, 0.0 ], [ 104.960428997000079, -5.442272, 0.0 ], [ 104.960199997000231, -5.442634, 0.0 ], [ 104.959920996999969, -5.443016, 0.0 ], [ 104.959549997000096, -5.44343399999986, 0.0 ], [ 104.959049997000122, -5.443907, 0.0 ] ] ], [ [ [ 104.964457325736802, -5.436358793835451, 0.0 ], [ 104.964271023326063, -5.436506138599308, 0.0 ], [ 104.964269329000047, -5.436422375999962, 0.0 ], [ 104.964340886000102, -5.436425845999983, 0.0 ], [ 104.964339415000069, -5.436353075999913, 0.0 ], [ 104.964457325736802, -5.436358793835451, 0.0 ] ] ] ] } },
{ "type": "Feature", "properties": { "KDPPUM": null, "NAMOBJ": "PARDASUKA", "REMARK": "Wilayah Administrasi Kecamatan", "KDPBPS": null, "FCODE": null, "LUASWH": 0.0, "UUPP": null, "SRS_ID": null, "LCODE": "BA0080", "METADATA": null, "KDEBPS": null, "KDEPUM": null, "KDCBPS": null, "KDCPUM": null, "KDBBPS": null, "KDBPUM": null, "WADMKD": null, "WIADKD": null, "WADMKC": null, "WIADKC": null, "WADMKK": "PRINGSEWU", "WIADKK": null, "WADMPR": "LAMPUNG", "WIADPR": null, "TIPADM": 0, "Shape_Leng": 0.57154075612, "Shape_Area": 0.00702010906 }, "geometry": { "type": "MultiPolygon", "coordinates": [ [ [ [ 104.962078522278148, -5.438484871484407, 0.0 ], [ 104.961842997000105, -5.439302, 0.0 ], [ 104.961717766539081, -5.439688553208745, 0.0 ], [ 104.961576911000023, -5.439976300999939, 0.0 ], [ 104.96141491000013, -5.44040330099992, 0.0 ], [ 104.960909910000083, -5.441417300999975, 0.0 ], [ 104.960358910000053, -5.442341300999955, 0.0 ], [ 104.959850910000043, -5.443085300999963, 0.0 ], [ 104.959037753000075, -5.443917128999955, 0.0 ], [ 104.957122997000013, -5.445501001, 0.0 ], [ 104.956563997000032, -5.44599299999985, 0.0 ], [ 104.956113997000017, -5.446456000999968, 0.0 ], [ 104.956104360754878, -5.446468083545598, 0.0 ], [ 104.956043909000087, -5.446525299999928, 0.0 ], [ 104.9556588290001, -5.447030769, 0.0 ], [ 104.955532909000084, -5.447280299999958, 0.0 ], [ 104.955268909000083, -5.447901300999915, 0.0 ], [ 104.954965119000079, -5.448903331999956, 0.0 ], [ 104.954288650000066, -5.448606449, 0.0 ], [ 104.95373368000007, -5.448388485999901, 0.0 ], [ 104.953315542000027, -5.448205840999977, 0.0 ], [ 104.953087161000042, -5.448098848, 0.0 ], [ 104.952248089000079, -5.447959465999931, 0.0 ], [ 104.951540613000063, -5.447526535, 0.0 ], [ 104.950934882000041, -5.447558827, 0.0 ], [ 104.949978097000013, -5.447276018999959, 0.0 ], [ 104.949956764000021, -5.447359728999958, 0.0 ], [ 104.949908008000079, -5.44734531699992, 0.0 ], [ 104.949758317000033, -5.447932692999936, 0.0 ], [ 104.949704131, -5.44820408399992, 0.0 ], [ 104.949550633000086, -5.448620208999978, 0.0 ], [ 104.949045022000078, -5.449624327000015, 0.0 ], [ 104.948629674000088, -5.450718916999987, 0.0 ], [ 104.947808059000053, -5.452238656999965, 0.0 ], [ 104.947347615000055, -5.452826638999943, 0.0 ], [ 104.946841885000055, -5.453453669999954, 0.0 ], [ 104.946182963000069, -5.454255880999982, 0.0 ], [ 104.945485686000012, -5.455312176999984, 0.0 ], [ 104.945397478000089, -5.455431853999938, 0.0 ], [ 104.945587039000046, -5.455576614999925, 0.0 ], [ 104.944752886000046, -5.456933647999941, 0.0 ], [ 104.94470455400004, -5.457132010999922, 0.0 ], [ 104.944684698000088, -5.457213500999915, 0.0 ], [ 104.945316975000082, -5.45766072599997, 0.0 ], [ 104.945219894000047, -5.458267722999922, 0.0 ], [ 104.944176816000081, -5.458704670999927, 0.0 ], [ 104.943206520000089, -5.458995941999957, 0.0 ], [ 104.942284676000014, -5.45989422099994, 0.0 ], [ 104.941871921000057, -5.460876009999906, 0.0 ], [ 104.94218701600002, -5.463425460999906, 0.0 ], [ 104.942817519000045, -5.465295094999968, 0.0 ], [ 104.943280497000075, -5.466677778999975, 0.0 ], [ 104.943330163000013, -5.466526924999927, 0.0 ], [ 104.943403622063286, -5.466669981047202, 0.0 ], [ 104.943400997000012, -5.466687999999843, 0.0 ], [ 104.943381997000031, -5.467157, 0.0 ], [ 104.942917951000013, -5.469313675999933, 0.0 ], [ 104.936916732000142, -5.476363028999844, 0.0 ], [ 104.932675490000221, -5.483973310999891, 0.0 ], [ 104.929554078000237, -5.493266068999882, 0.0 ], [ 104.929473696999978, -5.496390467999936, 0.0 ], [ 104.930678315, -5.498611272999922, 0.0 ], [ 104.934598617000091, -5.500454313999915, 0.0 ], [ 104.936118630000095, -5.502216967999919, 0.0 ], [ 104.936838345000041, -5.505822130999872, 0.0 ], [ 104.937478133000042, -5.508706266999853, 0.0 ], [ 104.944010015396969, -5.512436599313032, 0.0 ], [ 104.944465795, -5.512755627999967, 0.0 ], [ 104.944683027000039, -5.512858551999956, 0.0 ], [ 104.944900259000065, -5.512961475999946, 0.0 ], [ 104.945129336000022, -5.51311981, 0.0 ], [ 104.945698074000092, -5.513555223999957, 0.0 ], [ 104.945871846000074, -5.51379666799995, 0.0 ], [ 104.94604561800007, -5.514038110999943, 0.0 ], [ 104.946385267000011, -5.514465587999963, 0.0 ], [ 104.946582747, -5.514608086999941, 0.0 ], [ 104.946859228000065, -5.514718930999964, 0.0 ], [ 104.947404303000042, -5.514782304999967, 0.0 ], [ 104.947782490212262, -5.514745812998457, 0.0 ], [ 104.953319615000098, -5.519282639999913, 0.0 ], [ 104.954679682000091, -5.52136568499987, 0.0 ], [ 104.95531959600001, -5.523929348999891, 0.0 ], [ 104.954141120000116, -5.529424814999841, 0.0 ], [ 104.954941056000138, -5.532148717999887, 0.0 ], [ 104.955065609690877, -5.53225918847914, 0.0 ], [ 104.955128899000044, -5.532490269999903, 0.0 ], [ 104.955594943000065, -5.533210629999909, 0.0 ], [ 104.955816107000061, -5.533685585999949, 0.0 ], [ 104.955902974000054, -5.534128869999945, 0.0 ], [ 104.955910844000087, -5.534532568999952, 0.0 ], [ 104.955902912000056, -5.534967928999913, 0.0 ], [ 104.955934484000082, -5.535347882999909, 0.0 ], [ 104.957528073000049, -5.534786266999982, 0.0 ], [ 104.958590402353337, -5.535518759053305, 0.0 ], [ 104.95867134302847, -5.53560325840189, 0.0 ], [ 104.958288385000074, -5.539582929999932, 0.0 ], [ 104.958841297000077, -5.540904882999977, 0.0 ], [ 104.959101969000059, -5.541356094, 0.0 ], [ 104.959323156000067, -5.541569831999928, 0.0 ], [ 104.960476521000018, -5.542266487999926, 0.0 ], [ 104.960887303000078, -5.542614803999969, 0.0 ], [ 104.961282265000079, -5.543263913999942, 0.0 ], [ 104.961432342000052, -5.543651790999972, 0.0 ], [ 104.96160610400004, -5.544285053999966, 0.0 ], [ 104.961648206000064, -5.54477055, 0.0 ], [ 104.961686991000079, -5.545666340999945, 0.0 ], [ 104.961729736000066, -5.54640118, 0.0 ], [ 104.961827119000034, -5.547213860999912, 0.0 ], [ 104.961969298000071, -5.54757799000002, 0.0 ], [ 104.962280008000022, -5.54804767199998, 0.0 ], [ 104.962703945000015, -5.548654565999923, 0.0 ], [ 104.963159486000052, -5.549245629999978, 0.0 ], [ 104.964045300000066, -5.550210867, 0.0 ], [ 104.964549943717813, -5.550730649406267, 0.0 ], [ 104.964781688000159, -5.55225773999989, 0.0 ], [ 104.964706194000129, -5.555593527999848, 0.0 ], [ 104.96134479700001, -5.565447207999886, 0.0 ], [ 104.960544195000111, -5.571535735999879, 0.0 ], [ 104.960784109000073, -5.573778910999851, 0.0 ], [ 104.961554633000134, -5.575487336999897, 0.0 ], [ 104.960065347000111, -5.575434365999955, 0.0 ], [ 104.959197617000072, -5.574966899999913, 0.0 ], [ 104.955061793000183, -5.572738838999948, 0.0 ], [ 104.951980766419027, -5.572030364351756, 0.0 ], [ 104.952058851000047, -5.571024476999943, 0.0 ], [ 104.95203600100011, -5.570777714999954, 0.0 ], [ 104.951914149000061, -5.570495780999986, 0.0 ], [ 104.951747070000096, -5.570657002999914, 0.0 ], [ 104.951307067000101, -5.571052495999952, 0.0 ], [ 104.951271091000066, -5.571177466999901, 0.0 ], [ 104.951055560000086, -5.571391481999934, 0.0 ], [ 104.950920024000055, -5.571507671999955, 0.0 ], [ 104.95077949800006, -5.571576648999978, 0.0 ], [ 104.950627302000086, -5.571591136999933, 0.0 ], [ 104.950110999000088, -5.571594358999933, 0.0 ], [ 104.949914639, -5.571629543, 0.0 ], [ 104.94934408500005, -5.571787797999951, 0.0 ], [ 104.949059967093604, -5.571891324097423, 0.0 ], [ 104.948699445891293, -5.571902453475021, 0.0 ], [ 104.94838491100009, -5.571807959999932, 0.0 ], [ 104.948005446000039, -5.571583349, 0.0 ], [ 104.947030202000093, -5.571277002999965, 0.0 ], [ 104.946220239000041, -5.571049157999942, 0.0 ], [ 104.945623230000109, -5.570995710999961, 0.0 ], [ 104.945357026000025, -5.570983093999894, 0.0 ], [ 104.94493422900004, -5.570986356999986, 0.0 ], [ 104.94430927800002, -5.571049170999943, 0.0 ], [ 104.944062930000072, -5.571074703999924, 0.0 ], [ 104.943839217000033, -5.571105389999977, 0.0 ], [ 104.943615505000082, -5.57113607699994, 0.0 ], [ 104.942906263000026, -5.571098248999919, 0.0 ], [ 104.942629949000079, -5.57105568599995, 0.0 ], [ 104.942418090000047, -5.571055664999948, 0.0 ], [ 104.942083506000074, -5.57107357999992, 0.0 ], [ 104.941682914000054, -5.571142049999901, 0.0 ], [ 104.941313124, -5.571171648999952, 0.0 ], [ 104.941039002000068, -5.571145875999951, 0.0 ], [ 104.940759217, -5.571061027999948, 0.0 ], [ 104.940573807000121, -5.570976861999911, 0.0 ], [ 104.940363948000083, -5.57080999399996, 0.0 ], [ 104.940097694000073, -5.570573628999943, 0.0 ], [ 104.939916974000042, -5.570428658999939, 0.0 ], [ 104.939708984000063, -5.570650953999946, 0.0 ], [ 104.93948777100006, -5.570829082999941, 0.0 ], [ 104.939251309000028, -5.570986023999959, 0.0 ], [ 104.939038726000035, -5.571184435999944, 0.0 ], [ 104.938861531000029, -5.571429657999984, 0.0 ], [ 104.938716883000041, -5.571537982999887, 0.0 ], [ 104.938378996000068, -5.571614091999967, 0.0 ], [ 104.937960398000072, -5.571543186999962, 0.0 ], [ 104.937640702000081, -5.571452009999968, 0.0 ], [ 104.936937918000112, -5.57110257800001, 0.0 ], [ 104.936036612000052, -5.570420307999958, 0.0 ], [ 104.935398101000075, -5.569759548, 0.0 ], [ 104.935014973000079, -5.569971021, 0.0 ], [ 104.934558077000119, -5.570189894999901, 0.0 ], [ 104.933867764000112, -5.570538105999935, 0.0 ], [ 104.933063256000068, -5.570672354999941, 0.0 ], [ 104.932385403000112, -5.570612570999968, 0.0 ], [ 104.93106694300009, -5.570493004999934, 0.0 ], [ 104.929785730000049, -5.570358514, 0.0 ], [ 104.929249405000078, -5.57032859699992, 0.0 ], [ 104.92793094200006, -5.57024260899991, 0.0 ], [ 104.926850501, -5.570083417999973, 0.0 ], [ 104.92635205600007, -5.569837345999952, 0.0 ], [ 104.925947096000044, -5.569676393999957, 0.0 ], [ 104.92531911100005, -5.569428707999981, 0.0 ], [ 104.924839734000088, -5.569238405999956, 0.0 ], [ 104.924112985000079, -5.569046865, 0.0 ], [ 104.923394654000063, -5.569059099999953, 0.0 ], [ 104.922619940000089, -5.569208264999949, 0.0 ], [ 104.922302496000029, -5.569377830999946, 0.0 ], [ 104.921942783000105, -5.569550650999945, 0.0 ], [ 104.921398201000073, -5.569999214999934, 0.0 ], [ 104.92074266500002, -5.570178246999914, 0.0 ], [ 104.919401843000102, -5.570192991999891, 0.0 ], [ 104.918805884000079, -5.570476515999902, 0.0 ], [ 104.918570372000048, -5.570778539999933, 0.0 ], [ 104.918287263537948, -5.571165704893234, 0.0 ], [ 104.916374130795504, -5.571493784759442, 0.0 ], [ 104.916317776000099, -5.571476252999931, 0.0 ], [ 104.916090600000047, -5.571338148999962, 0.0 ], [ 104.915409075000056, -5.570923837999965, 0.0 ], [ 104.915039656000033, -5.570559573999935, 0.0 ], [ 104.914854947000038, -5.570377442999964, 0.0 ], [ 104.914670238000028, -5.570195311, 0.0 ], [ 104.914485530000022, -5.570013178999934, 0.0 ], [ 104.914306787000058, -5.569781789999974, 0.0 ], [ 104.914128045000012, -5.569550400999924, 0.0 ], [ 104.913919499000087, -5.569371250999934, 0.0 ], [ 104.913338544000069, -5.568923367, 0.0 ], [ 104.912966134000072, -5.568654632999971, 0.0 ], [ 104.912474535000072, -5.568430659999914, 0.0 ], [ 104.911918349000061, -5.568400723999924, 0.0 ], [ 104.911640256000055, -5.568385755999929, 0.0 ], [ 104.911029436000049, -5.568415517, 0.0 ], [ 104.910359019000097, -5.568475121999951, 0.0 ], [ 104.910095823000077, -5.56847010699998, 0.0 ], [ 104.909323617000041, -5.568437646999959, 0.0 ], [ 104.908586179000054, -5.568370362999898, 0.0 ], [ 104.908152183000112, -5.568405031999925, 0.0 ], [ 104.907793808000037, -5.568554842999974, 0.0 ], [ 104.907513470000112, -5.568728434999949, 0.0 ], [ 104.907155884000105, -5.568952279, 0.0 ], [ 104.906872807000042, -5.569056719999933, 0.0 ], [ 104.906523867000033, -5.568843848, 0.0 ], [ 104.905652821000075, -5.568268396999899, 0.0 ], [ 104.905381828000131, -5.567977919999935, 0.0 ], [ 104.905093877000112, -5.567510172999958, 0.0 ], [ 104.904885387, -5.567002633999975, 0.0 ], [ 104.904556335000038, -5.566181780999914, 0.0 ], [ 104.904448558000098, -5.565912917999961, 0.0 ], [ 104.904071250000044, -5.565261060999939, 0.0 ], [ 104.90377333, -5.565032136999916, 0.0 ], [ 104.903117881000043, -5.564683741999955, 0.0 ], [ 104.902700792000076, -5.564375189, 0.0 ], [ 104.902412823000049, -5.564036803999985, 0.0 ], [ 104.901956096, -5.563190885999981, 0.0 ], [ 104.90184689400003, -5.562892334999971, 0.0 ], [ 104.901737718000064, -5.562444517999955, 0.0 ], [ 104.901643549000084, -5.561339930999955, 0.0 ], [ 104.901608989000067, -5.560125891999958, 0.0 ], [ 104.90139058500003, -5.559548691999984, 0.0 ], [ 104.901211839000069, -5.559389444999953, 0.0 ], [ 104.900814598000068, -5.559200306999935, 0.0 ], [ 104.900179006000059, -5.558941471999924, 0.0 ], [ 104.899925766000067, -5.558817039999932, 0.0 ], [ 104.899036945000063, -5.558374064999962, 0.0 ], [ 104.898118310000086, -5.558045520999956, 0.0 ], [ 104.897686300000046, -5.557916082, 0.0 ], [ 104.89706061300005, -5.557826413999946, 0.0 ], [ 104.896603782000099, -5.557647213999951, 0.0 ], [ 104.896206547000091, -5.557438171999975, 0.0 ], [ 104.895849064000089, -5.557089821000018, 0.0 ], [ 104.895531305000091, -5.55676137800002, 0.0 ], [ 104.895084470000057, -5.556228915999929, 0.0 ], [ 104.894925600000064, -5.556014938999988, 0.0 ], [ 104.894528450000067, -5.555338193999949, 0.0 ], [ 104.893863187000093, -5.554422573999952, 0.0 ], [ 104.893351774000053, -5.554029413999929, 0.0 ], [ 104.893032034000058, -5.553886902999951, 0.0 ], [ 104.892532456000112, -5.553755610999923, 0.0 ], [ 104.892105391000129, -5.553765483999941, 0.0 ], [ 104.89140020800005, -5.553934522999983, 0.0 ], [ 104.890814224000053, -5.554004072999964, 0.0 ], [ 104.890277929, -5.553904462999983, 0.0 ], [ 104.889930351000018, -5.553735230000013, 0.0 ], [ 104.889582792000041, -5.553456533999958, 0.0 ], [ 104.889116108000067, -5.552889234999915, 0.0 ], [ 104.889315586000052, -5.552695573999967, 0.0 ], [ 104.889515064000122, -5.552501912999931, 0.0 ], [ 104.889718038000041, -5.552228719999976, 0.0 ], [ 104.88984402400007, -5.552044902999954, 0.0 ], [ 104.890374625, -5.551184005999955, 0.0 ], [ 104.891159840000057, -5.550301895999977, 0.0 ], [ 104.891414508000082, -5.549993685999967, 0.0 ], [ 104.891584321000011, -5.549600421999935, 0.0 ], [ 104.891998397000066, -5.547772210999925, 0.0 ], [ 104.892019742000059, -5.547070662999966, 0.0 ], [ 104.891966809000039, -5.546464767000016, 0.0 ], [ 104.891828972000084, -5.546039558999917, 0.0 ], [ 104.891478987000085, -5.545476127000017, 0.0 ], [ 104.891160813000042, -5.544997737999958, 0.0 ], [ 104.891076005000045, -5.544657575999969, 0.0 ], [ 104.891086686000037, -5.544264282999935, 0.0 ], [ 104.891248668000031, -5.543664790999982, 0.0 ], [ 104.891458195000055, -5.543148245999964, 0.0 ], [ 104.891819003000066, -5.542526480999944, 0.0 ], [ 104.891936244000078, -5.542320709999972, 0.0 ], [ 104.892222294000121, -5.541638984999965, 0.0 ], [ 104.892286027000068, -5.541192553999975, 0.0 ], [ 104.892265027000107, -5.539991407999979, 0.0 ], [ 104.892546794000054, -5.539584368999963, 0.0 ], [ 104.892940594000052, -5.539301558000011, 0.0 ], [ 104.893175246000098, -5.53924999, 0.0 ], [ 104.893587638000028, -5.539191036000014, 0.0 ], [ 104.893908389, -5.539138623999941, 0.0 ], [ 104.894307686, -5.539099342999977, 0.0 ], [ 104.894674267000056, -5.538987910999905, 0.0 ], [ 104.895034317000082, -5.538797772999983, 0.0 ], [ 104.895466385000049, -5.538515827000014, 0.0 ], [ 104.895669356000056, -5.538214162999923, 0.0 ], [ 104.89579380000005, -5.537787871, 0.0 ], [ 104.895950941000081, -5.537538668999987, 0.0 ], [ 104.896321499000095, -5.537186704, 0.0 ], [ 104.896612206000086, -5.536692714999981, 0.0 ], [ 104.896769402000118, -5.536122136999934, 0.0 ], [ 104.896893807000112, -5.535912280999979, 0.0 ], [ 104.897037840000038, -5.535754897999924, 0.0 ], [ 104.897627917000094, -5.534801425999904, 0.0 ], [ 104.897825481000012, -5.534623523999928, 0.0 ], [ 104.898077672000099, -5.534479304999897, 0.0 ], [ 104.898343423000057, -5.534246329999982, 0.0 ], [ 104.898450225000019, -5.534155411999921, 0.0 ], [ 104.898467926000052, -5.533863950999963, 0.0 ], [ 104.897936967000092, -5.532646175999924, 0.0 ], [ 104.897488412000101, -5.531390332999932, 0.0 ], [ 104.897413191000098, -5.531263244999897, 0.0 ], [ 104.897312886000051, -5.531150517999984, 0.0 ], [ 104.897023571, -5.530960921000018, 0.0 ], [ 104.896635288000127, -5.530892729999971, 0.0 ], [ 104.896338133000057, -5.530737991999958, 0.0 ], [ 104.896025310000098, -5.530501824999957, 0.0 ], [ 104.89587630100003, -5.530312772999947, 0.0 ], [ 104.895767646000095, -5.530092888999961, 0.0 ], [ 104.895702353000033, -5.529929516999944, 0.0 ], [ 104.89565831900002, -5.529735995999919, 0.0 ], [ 104.895613028000099, -5.529347442999923, 0.0 ], [ 104.895567773000082, -5.528961151999935, 0.0 ], [ 104.895520475000083, -5.528644111, 0.0 ], [ 104.89543432300006, -5.528293897999971, 0.0 ], [ 104.895282563000109, -5.527940452999948, 0.0 ], [ 104.895165881000054, -5.527675977999914, 0.0 ], [ 104.895162875000068, -5.527466451999986, 0.0 ], [ 104.895199465000076, -5.527375857999951, 0.0 ], [ 104.895295777000044, -5.527192937999915, 0.0 ], [ 104.895331746000096, -5.527088773999912, 0.0 ], [ 104.895337275000102, -5.526968185999971, 0.0 ], [ 104.895328686000113, -5.526827565999971, 0.0 ], [ 104.895272847000015, -5.526610784999976, 0.0 ], [ 104.895219415000042, -5.526521233999938, 0.0 ], [ 104.895084749, -5.526406121, 0.0 ], [ 104.894927867000078, -5.526328329999965, 0.0 ], [ 104.894570977000029, -5.526255605999987, 0.0 ], [ 104.894380353000074, -5.52619479799993, 0.0 ], [ 104.894240285000109, -5.526101675999952, 0.0 ], [ 104.894157366000087, -5.52601136799994, 0.0 ], [ 104.894074748, -5.525852136, 0.0 ], [ 104.894031243000043, -5.524971057999929, 0.0 ], [ 104.894042350000078, -5.524450146999905, 0.0 ], [ 104.894140829000051, -5.524163599999911, 0.0 ], [ 104.89421444700011, -5.523801572999977, 0.0 ], [ 104.894212356000111, -5.523476261999972, 0.0 ], [ 104.894175318000066, -5.523295588999945, 0.0 ], [ 104.894146851000116, -5.52319426399991, 0.0 ], [ 104.894048283000032, -5.523021168999977, 0.0 ], [ 104.893867128000053, -5.522825181999925, 0.0 ], [ 104.89361478000005, -5.522546740999891, 0.0 ], [ 104.893499225000085, -5.522404346999922, 0.0 ], [ 104.893278487000032, -5.522018683999898, 0.0 ], [ 104.893227769000092, -5.521850229999904, 0.0 ], [ 104.893158876000072, -5.521434740999988, 0.0 ], [ 104.893066877000109, -5.521132093, 0.0 ], [ 104.89301138600004, -5.520996458999962, 0.0 ], [ 104.892914883000046, -5.520839584999949, 0.0 ], [ 104.892796893000053, -5.520682236999987, 0.0 ], [ 104.892647267000115, -5.520479677999925, 0.0 ], [ 104.892550210000081, -5.520343086, 0.0 ], [ 104.892363687000099, -5.519981844999945, 0.0 ], [ 104.892277441000061, -5.519770404999948, 0.0 ], [ 104.892221990000095, -5.519564297999947, 0.0 ], [ 104.892204062000033, -5.519404271999941, 0.0 ], [ 104.892232177000054, -5.518747332999942, 0.0 ], [ 104.892284271, -5.51784477699996, 0.0 ], [ 104.892531653000049, -5.517052251999933, 0.0 ], [ 104.892754243000084, -5.516813917999931, 0.0 ], [ 104.892984514000034, -5.516537137999945, 0.0 ], [ 104.89318405900012, -5.516421831999908, 0.0 ], [ 104.893521735000078, -5.516314238999977, 0.0 ], [ 104.893760093000083, -5.516315177999966, 0.0 ], [ 104.894143336000084, -5.516291281999942, 0.0 ], [ 104.894434940000053, -5.516341315, 0.0 ], [ 104.894799459000112, -5.516326000999884, 0.0 ], [ 104.895025857000093, -5.516245300999957, 0.0 ], [ 104.895224215000084, -5.516161003, 0.0 ], [ 104.895451791000085, -5.516095430999902, 0.0 ], [ 104.896016178000053, -5.514974404999963, 0.0 ], [ 104.896322183000066, -5.514511882999974, 0.0 ], [ 104.896553570000023, -5.51428938099995, 0.0 ], [ 104.896886750000064, -5.514066896000015, 0.0 ], [ 104.897238435000119, -5.513862958999928, 0.0 ], [ 104.897627151000037, -5.513566301999985, 0.0 ], [ 104.897789132000113, -5.513348422999988, 0.0 ], [ 104.897951113000019, -5.513130544, 0.0 ], [ 104.898062203000066, -5.512880201999971, 0.0 ], [ 104.898108509000068, -5.51266694, 0.0 ], [ 104.898090083000056, -5.512184759999984, 0.0 ], [ 104.899414750000062, -5.510557915999938, 0.0 ], [ 104.899423006000035, -5.509942414, 0.0 ], [ 104.899535641000028, -5.509565639, 0.0 ], [ 104.899823150000103, -5.509147595999954, 0.0 ], [ 104.899967957000086, -5.509013063999925, 0.0 ], [ 104.900144702000063, -5.508791635999989, 0.0 ], [ 104.900280473000109, -5.508487796999896, 0.0 ], [ 104.900362595000061, -5.5082066009999, 0.0 ], [ 104.900882589, -5.507825624, 0.0 ], [ 104.900998298000076, -5.507630917999963, 0.0 ], [ 104.901114027000062, -5.507264663999946, 0.0 ], [ 104.90125288100009, -5.506986507999935, 0.0 ], [ 104.901424125000048, -5.506722270999921, 0.0 ], [ 104.901623112000081, -5.506513665999892, 0.0 ], [ 104.901903184000076, -5.50628167899997, 0.0 ], [ 104.902220062000097, -5.506334652999913, 0.0 ], [ 104.902569869000075, -5.506446942999967, 0.0 ], [ 104.902959376000069, -5.506881632999962, 0.0 ], [ 104.903135392000067, -5.507084527999963, 0.0 ], [ 104.903645897000033, -5.507305119, 0.0 ], [ 104.903909966000114, -5.507331621999979, 0.0 ], [ 104.904424937, -5.507146478999937, 0.0 ], [ 104.905142314000031, -5.507278897999969, 0.0 ], [ 104.905591238000042, -5.507278968999975, 0.0 ], [ 104.905855311000053, -5.507279010999978, 0.0 ], [ 104.906078097, -5.507195720999926, 0.0 ], [ 104.906453948000021, -5.506820448999962, 0.0 ], [ 104.906674030000019, -5.506679359000012, 0.0 ], [ 104.907052547000077, -5.506600035999933, 0.0 ], [ 104.907281821000126, -5.506571984999921, 0.0 ], [ 104.907686340000026, -5.506476649999938, 0.0 ], [ 104.908144104000058, -5.506229751999937, 0.0 ], [ 104.908434628000037, -5.505938726999927, 0.0 ], [ 104.908743637000015, -5.505630520999917, 0.0 ], [ 104.909091990000064, -5.505177341, 0.0 ], [ 104.909535134000052, -5.504580567999907, 0.0 ], [ 104.909946011000031, -5.503927926999909, 0.0 ], [ 104.910221882000116, -5.503504593999965, 0.0 ], [ 104.910635704000072, -5.502763750999952, 0.0 ], [ 104.910855937000093, -5.501599503999989, 0.0 ], [ 104.910894876000029, -5.501287061999983, 0.0 ], [ 104.910854842000091, -5.500829377999951, 0.0 ], [ 104.910799409000035, -5.500625031, 0.0 ], [ 104.910715812000035, -5.500378789999973, 0.0 ], [ 104.910639135000096, -5.500000011999896, 0.0 ], [ 104.910833257000078, -5.499728382999892, 0.0 ], [ 104.910956059000029, -5.499651840999954, 0.0 ], [ 104.91167648800004, -5.499329297, 0.0 ], [ 104.91186752000003, -5.499211747999956, 0.0 ], [ 104.912042189, -5.498998502999898, 0.0 ], [ 104.912069496000044, -5.498834449999913, 0.0 ], [ 104.912583250000097, -5.499099929999941, 0.0 ], [ 104.912929788000085, -5.49948933199992, 0.0 ], [ 104.913281757000078, -5.499713599999913, 0.0 ], [ 104.913571003000115, -5.499732784, 0.0 ], [ 104.913898458000034, -5.499672673, 0.0 ], [ 104.91422045900002, -5.499560614999956, 0.0 ], [ 104.914632489000013, -5.499618091999915, 0.0 ], [ 104.91516734800004, -5.49940762999991, 0.0 ], [ 104.915027604000016, -5.499213364999912, 0.0 ], [ 104.914859065000101, -5.498983767999922, 0.0 ], [ 104.914706264000074, -5.498934533999934, 0.0 ], [ 104.914332441000056, -5.498877052999974, 0.0 ], [ 104.914242388000062, -5.498866102999957, 0.0 ], [ 104.914045944000065, -5.498702016999969, 0.0 ], [ 104.914045977000072, -5.498469604000013, 0.0 ], [ 104.914100594000061, -5.498171575999956, 0.0 ], [ 104.914103348000111, -5.498043061999981, 0.0 ], [ 104.914095175000057, -5.497936420999951, 0.0 ], [ 104.913934214000051, -5.497693047999975, 0.0 ], [ 104.91377870500007, -5.497518030999972, 0.0 ], [ 104.913514065000115, -5.49722541999992, 0.0 ], [ 104.913445859000063, -5.497091431999936, 0.0 ], [ 104.913465018000053, -5.496708633999971, 0.0 ], [ 104.913415938000071, -5.496484418999982, 0.0 ], [ 104.91323860500006, -5.496213695999964, 0.0 ], [ 104.91332476400008, -5.495806312999919, 0.0 ], [ 104.913480760000112, -5.495538899999909, 0.0 ], [ 104.913072402000068, -5.495205767999968, 0.0 ], [ 104.912808087000045, -5.494857837999957, 0.0 ], [ 104.912644394000012, -5.494655896999946, 0.0 ], [ 104.912409338000103, -5.494443433999953, 0.0 ], [ 104.912220450000106, -5.49429406699994, 0.0 ], [ 104.912096623000068, -5.494230948999958, 0.0 ], [ 104.911909813000065, -5.494197268999924, 0.0 ], [ 104.911825857000053, -5.494167809999974, 0.0 ], [ 104.911744014000121, -5.494081566999943, 0.0 ], [ 104.911731426000046, -5.494039498999927, 0.0 ], [ 104.911633161000097, -5.493885849, 0.0 ], [ 104.911312008000081, -5.49351378899995, 0.0 ], [ 104.910809685000075, -5.493111384999962, 0.0 ], [ 104.910766065000118, -5.492854349999922, 0.0 ], [ 104.910525004000064, -5.492350424999971, 0.0 ], [ 104.910384226000048, -5.492149174999929, 0.0 ], [ 104.910242304000036, -5.491869924999916, 0.0 ], [ 104.910081386000044, -5.491355852999925, 0.0 ], [ 104.909913633000102, -5.490918339999963, 0.0 ], [ 104.909574022000072, -5.490256593999922, 0.0 ], [ 104.909428723000033, -5.488907896999974, 0.0 ], [ 104.909321783000067, -5.487807250999944, 0.0 ], [ 104.909252272000089, -5.48724780699993, 0.0 ], [ 104.909164445000016, -5.486616268, 0.0 ], [ 104.909042087000017, -5.486046321999906, 0.0 ], [ 104.908947340000083, -5.485753427999919, 0.0 ], [ 104.909220605000044, -5.483049251999907, 0.0 ], [ 104.909125098000047, -5.482891964999949, 0.0 ], [ 104.908423428000077, -5.482751091999928, 0.0 ], [ 104.908353111000039, -5.482295872999922, 0.0 ], [ 104.908158228000076, -5.48212242999996, 0.0 ], [ 104.90814201200007, -5.481970690999928, 0.0 ], [ 104.908250328000065, -5.48174852200002, 0.0 ], [ 104.908190795000024, -5.481591356999983, 0.0 ], [ 104.908388416000022, -5.480804496999982, 0.0 ], [ 104.908220490000076, -5.479928512999978, 0.0 ], [ 104.907994245000097, -5.478529141000012, 0.0 ], [ 104.907909839000041, -5.476969198, 0.0 ], [ 104.907831654000063, -5.476647275999914, 0.0 ], [ 104.907803420000036, -5.475969581999975, 0.0 ], [ 104.907816728000071, -5.475431979, 0.0 ], [ 104.907714767000073, -5.475095019, 0.0 ], [ 104.907573144000068, -5.474722073999962, 0.0 ], [ 104.90753729900004, -5.474462732999909, 0.0 ], [ 104.907544877000049, -5.474324548999933, 0.0 ], [ 104.907580699000079, -5.474087961999986, 0.0 ], [ 104.907722862000114, -5.473933804999932, 0.0 ], [ 104.908028608, -5.473417886999966, 0.0 ], [ 104.908482071000051, -5.472783806999905, 0.0 ], [ 104.908842293000106, -5.471936849, 0.0 ], [ 104.908984507000056, -5.471746895, 0.0 ], [ 104.909467982000095, -5.471428757999965, 0.0 ], [ 104.909818724000061, -5.471294244999937, 0.0 ], [ 104.910150505000075, -5.471186642, 0.0 ], [ 104.910444382000051, -5.470991959999973, 0.0 ], [ 104.910577105000115, -5.47087324499992, 0.0 ], [ 104.91068103500001, -5.470778616, 0.0 ], [ 104.91085203400003, -5.470607318999944, 0.0 ], [ 104.910947528000023, -5.470547662999893, 0.0 ], [ 104.91186715, -5.469125773999929, 0.0 ], [ 104.912235244000087, -5.46872384799998, 0.0 ], [ 104.912571199000084, -5.468263810999931, 0.0 ], [ 104.91302295900006, -5.467800967999915, 0.0 ], [ 104.913294134000026, -5.467573235, 0.0 ], [ 104.913731727000084, -5.467056662999971, 0.0 ], [ 104.913866588000062, -5.466439250999956, 0.0 ], [ 104.913922236000047, -5.466293837, 0.0 ], [ 104.914135800000039, -5.465724707999899, 0.0 ], [ 104.913864408000052, -5.465265587999925, 0.0 ], [ 104.913622513000021, -5.464781846999957, 0.0 ], [ 104.913694596000127, -5.464038018999963, 0.0 ], [ 104.913893917000095, -5.463701057999971, 0.0 ], [ 104.91421354600007, -5.463306513999923, 0.0 ], [ 104.9142707190001, -5.462783146999962, 0.0 ], [ 104.914199657000083, -5.462577329999897, 0.0 ], [ 104.914066735000091, -5.460373135999953, 0.0 ], [ 104.914175910000068, -5.459116938999932, 0.0 ], [ 104.914034421000082, -5.458057457999933, 0.0 ], [ 104.914067221000053, -5.456768347999942, 0.0 ], [ 104.914285494000083, -5.45485674899996, 0.0 ], [ 104.914495082000101, -5.454094376999942, 0.0 ], [ 104.91415946100004, -5.454363878999947, 0.0 ], [ 104.913932169000063, -5.454563655999957, 0.0 ], [ 104.91356122900001, -5.454739783999964, 0.0 ], [ 104.91337684500003, -5.454744053999962, 0.0 ], [ 104.913201044000061, -5.454696760999957, 0.0 ], [ 104.912853756000104, -5.454423841999935, 0.0 ], [ 104.912598660000043, -5.454183176999917, 0.0 ], [ 104.912296386000079, -5.453953234999988, 0.0 ], [ 104.91147241100002, -5.453040328999949, 0.0 ], [ 104.911274721000012, -5.452307726999907, 0.0 ], [ 104.911354023000086, -5.451060388, 0.0 ], [ 104.91225020300007, -5.450747427999948, 0.0 ], [ 104.912914423000061, -5.450747523999956, 0.0 ], [ 104.913894943000088, -5.450684344999969, 0.0 ], [ 104.915001998000037, -5.450462878999941, 0.0 ], [ 104.915603058000031, -5.449734775, 0.0 ], [ 104.915032289000052, -5.449121230999955, 0.0 ], [ 104.914958660000082, -5.44821158799992, 0.0 ], [ 104.914819935000068, -5.447719664999985, 0.0 ], [ 104.914715031000085, -5.447455040999939, 0.0 ], [ 104.914552580000063, -5.447173446, 0.0 ], [ 104.914356291000075, -5.446796858000015, 0.0 ], [ 104.914173531000046, -5.446505082999943, 0.0 ], [ 104.914143111000016, -5.446179395999907, 0.0 ], [ 104.914122805000034, -5.446138683999914, 0.0 ], [ 104.913970471000127, -5.446135269999987, 0.0 ], [ 104.913770728000117, -5.446247200999922, 0.0 ], [ 104.913628538000083, -5.446325205999893, 0.0 ], [ 104.913554062000046, -5.446335372999934, 0.0 ], [ 104.913513442000053, -5.446321796999966, 0.0 ], [ 104.913496521000084, -5.446287871, 0.0 ], [ 104.913503317000021, -5.446108063999956, 0.0 ], [ 104.913520265000088, -5.445952013999923, 0.0 ], [ 104.913503352000106, -5.445863808, 0.0 ], [ 104.913323942, -5.445819680999898, 0.0 ], [ 104.913181765000061, -5.445806090999929, 0.0 ], [ 104.912998965000028, -5.445802672, 0.0 ], [ 104.912738302000051, -5.44581959699998, 0.0 ], [ 104.912562271000056, -5.445822963, 0.0 ], [ 104.912508109000015, -5.445812777999949, 0.0 ], [ 104.912470876000043, -5.445778848999984, 0.0 ], [ 104.912430274000059, -5.445639752999933, 0.0 ], [ 104.912416756000084, -5.445483698999988, 0.0 ], [ 104.912342335000062, -5.445113912999945, 0.0 ], [ 104.912267890000024, -5.444910355999978, 0.0 ], [ 104.912146049000071, -5.444730539999933, 0.0 ], [ 104.912007273000043, -5.44461517699998, 0.0 ], [ 104.911878644000069, -5.444557486999914, 0.0 ], [ 104.911634912000054, -5.444540488999928, 0.0 ], [ 104.911482575000065, -5.444560820999923, 0.0 ], [ 104.911177898000076, -5.44462184, 0.0 ], [ 104.91103910300005, -5.444637089999928, 0.0 ], [ 104.910754744000059, -5.444655701999958, 0.0 ], [ 104.910108164000036, -5.444699706999957, 0.0 ], [ 104.90978316900005, -5.444811608999979, 0.0 ], [ 104.909393827000088, -5.445103299999955, 0.0 ], [ 104.909036625000013, -5.445495075999952, 0.0 ], [ 104.908290080000057, -5.446239605999915, 0.0 ], [ 104.908114033000061, -5.446344745, 0.0 ], [ 104.907677311000072, -5.446544831999946, 0.0 ], [ 104.907612976000081, -5.446646594999928, 0.0 ], [ 104.907575667000103, -5.447118136999952, 0.0 ], [ 104.907562085000052, -5.447389528999937, 0.0 ], [ 104.907514677000037, -5.447484509999979, 0.0 ], [ 104.907392796000067, -5.447576086999918, 0.0 ], [ 104.907250608000126, -5.447630343999966, 0.0 ], [ 104.907057646000055, -5.447660846, 0.0 ], [ 104.906766513000036, -5.44769133299995, 0.0 ], [ 104.906604024000089, -5.447684523, 0.0 ], [ 104.906441535000056, -5.447677712999978, 0.0 ], [ 104.906170722000027, -5.447647138999935, 0.0 ], [ 104.905761116000065, -5.447619936, 0.0 ], [ 104.905513998000046, -5.447599542, 0.0 ], [ 104.905226251000045, -5.447626635999926, 0.0 ], [ 104.905053591000055, -5.447718204999953, 0.0 ], [ 104.904860613000082, -5.447850478999973, 0.0 ], [ 104.904603318000014, -5.447969174000024, 0.0 ], [ 104.904406965000121, -5.448030205999922, 0.0 ], [ 104.904136123000086, -5.448186214999952, 0.0 ], [ 104.90376710800011, -5.448355777999948, 0.0 ], [ 104.903567377000101, -5.448372707999928, 0.0 ], [ 104.903245795000046, -5.448281059999983, 0.0 ], [ 104.903127348000027, -5.448060532999945, 0.0 ], [ 104.903025803000062, -5.447985882999985, 0.0 ], [ 104.902931036000027, -5.447870524999944, 0.0 ], [ 104.902859979000098, -5.447666967999977, 0.0 ], [ 104.902802455000057, -5.447514298999957, 0.0 ], [ 104.902653537000077, -5.447317513999929, 0.0 ], [ 104.902460600000012, -5.447195354999947, 0.0 ], [ 104.90211871300005, -5.447073171999962, 0.0 ], [ 104.901922371000069, -5.447076532999974, 0.0 ], [ 104.900962592000056, -5.446822467999914, 0.0 ], [ 104.900393871000077, -5.446857989999922, 0.0 ], [ 104.899974094000072, -5.446927469999897, 0.0 ], [ 104.899674501000064, -5.446966428999923, 0.0 ], [ 104.899554689000098, -5.446980918999968, 0.0 ], [ 104.899082654000026, -5.447046463999884, 0.0 ], [ 104.898676101000049, -5.447060064999944, 0.0 ], [ 104.89849056000007, -5.447087380999983, 0.0 ], [ 104.898034888000026, -5.44722128199996, 0.0 ], [ 104.897816608000085, -5.447234914000022, 0.0 ], [ 104.897590150000084, -5.447182921999984, 0.0 ], [ 104.897279121000011, -5.447051622999956, 0.0 ], [ 104.897073021000011, -5.44682827499995, 0.0 ], [ 104.896569797000041, -5.446581201999935, 0.0 ], [ 104.896654433000023, -5.446285911999928, 0.0 ], [ 104.896758182000085, -5.445916805999941, 0.0 ], [ 104.896821015000043, -5.445421901999937, 0.0 ], [ 104.896799214000097, -5.445261938999936, 0.0 ], [ 104.896698351000012, -5.444749247999971, 0.0 ], [ 104.896101231000074, -5.444134778000022, 0.0 ], [ 104.895385005000065, -5.443954912999972, 0.0 ], [ 104.894827340000106, -5.44342149699998, 0.0 ], [ 104.893279426000021, -5.442968707, 0.0 ], [ 104.892394649000082, -5.442805592, 0.0 ], [ 104.892148556000066, -5.44263573299998, 0.0 ], [ 104.891240774, -5.441787321999948, 0.0 ], [ 104.890514430000039, -5.441766992999954, 0.0 ], [ 104.890185228000064, -5.441987572, 0.0 ], [ 104.8899806310001, -5.442120517999983, 0.0 ], [ 104.889648881000099, -5.442131539999918, 0.0 ], [ 104.889355839000089, -5.442098239999916, 0.0 ], [ 104.888996468000116, -5.441998435999919, 0.0 ], [ 104.888703444000029, -5.441865398999925, 0.0 ], [ 104.888344090000047, -5.441676939999963, 0.0 ], [ 104.888095320000076, -5.441433090999949, 0.0 ], [ 104.888034602000019, -5.440906683, 0.0 ], [ 104.886793353000087, -5.43994158999991, 0.0 ], [ 104.886678826000022, -5.43975051599991, 0.0 ], [ 104.886596239000113, -5.439688423999923, 0.0 ], [ 104.886437935000075, -5.439667694999985, 0.0 ], [ 104.886279627000121, -5.439612481999946, 0.0 ], [ 104.885680628000031, -5.438971832999963, 0.0 ], [ 104.885768982000059, -5.438844736999927, 0.0 ], [ 104.886023474000069, -5.438654691999924, 0.0 ], [ 104.886106770000112, -5.438543435999955, 0.0 ], [ 104.886143806000078, -5.438408993999934, 0.0 ], [ 104.886157709000074, -5.438260634999915, 0.0 ], [ 104.886145696000057, -5.438103440999965, 0.0 ], [ 104.886133683000125, -5.437946237999926, 0.0 ], [ 104.886121671000112, -5.437789043999976, 0.0 ], [ 104.886035651, -5.437646002999953, 0.0 ], [ 104.885926539000124, -5.437515576999909, 0.0 ], [ 104.885832110000038, -5.437401980999924, 0.0 ], [ 104.885739804000039, -5.437183218999943, 0.0 ], [ 104.885733539000057, -5.43704019300001, 0.0 ], [ 104.885756654000019, -5.436865618999954, 0.0 ], [ 104.885786069000048, -5.436699466999885, 0.0 ], [ 104.885769332000081, -5.436413414999931, 0.0 ], [ 104.885695906000052, -5.436268267999912, 0.0 ], [ 104.885580496, -5.4361189159999, 0.0 ], [ 104.885427328000034, -5.435914861999981, 0.0 ], [ 104.885406363000072, -5.435790766999927, 0.0 ], [ 104.885337806000081, -5.435720848, 0.0 ], [ 104.885219819, -5.435441545999899, 0.0 ], [ 104.885206699000079, -5.435334840999952, 0.0 ], [ 104.88529806600009, -5.434978344999942, 0.0 ], [ 104.885351638000074, -5.434710181999959, 0.0 ], [ 104.885391028000043, -5.434541399999938, 0.0 ], [ 104.885430409000023, -5.434372617999918, 0.0 ], [ 104.88549026200009, -5.434161248999926, 0.0 ], [ 104.8855312150001, -5.434031901999971, 0.0 ], [ 104.885631998000093, -5.433807920999913, 0.0 ], [ 104.886014759000048, -5.433398531999968, 0.0 ], [ 104.886504226000056, -5.432896019999957, 0.0 ], [ 104.886860804000065, -5.432546837999931, 0.0 ], [ 104.887396335000062, -5.43199162, 0.0 ], [ 104.887577972000074, -5.431772194999963, 0.0 ], [ 104.887910993, -5.431772843000017, 0.0 ], [ 104.88857503900006, -5.432017165999982, 0.0 ], [ 104.888846098000016, -5.432037565999982, 0.0 ], [ 104.889123942000097, -5.431990132999966, 0.0 ], [ 104.889340804000099, -5.431901989999956, 0.0 ], [ 104.889652563000041, -5.431671413999974, 0.0 ], [ 104.889883014000105, -5.431393338999969, 0.0 ], [ 104.890289959000114, -5.430820697999929, 0.0 ], [ 104.890442879000062, -5.430568128, 0.0 ], [ 104.89040512300005, -5.430295369999984, 0.0 ], [ 104.890412726000051, -5.430083230999928, 0.0 ], [ 104.89057909900005, -5.429802938, 0.0 ], [ 104.890684945000018, -5.429772650999988, 0.0 ], [ 104.890949533000068, -5.429833310999944, 0.0 ], [ 104.891229227000025, -5.430022766999988, 0.0 ], [ 104.891705387000073, -5.43069716000001, 0.0 ], [ 104.891969913000111, -5.431159364999973, 0.0 ], [ 104.892166432000025, -5.431401845999963, 0.0 ], [ 104.892371109000095, -5.431563081999981, 0.0 ], [ 104.892583340000058, -5.431679430000015, 0.0 ], [ 104.892816543, -5.431735323999932, 0.0 ], [ 104.893731390000113, -5.431288481, 0.0 ], [ 104.893905303000025, -5.431136982999897, 0.0 ], [ 104.893881803000028, -5.430894695999923, 0.0 ], [ 104.89374984100003, -5.430568320999919, 0.0 ], [ 104.893723461000079, -5.430427190999966, 0.0 ], [ 104.893679611, -5.429536330999975, 0.0 ], [ 104.893706046000048, -5.429359928999945, 0.0 ], [ 104.893820478000109, -5.429271745999932, 0.0 ], [ 104.893917292000125, -5.429271762999933, 0.0 ], [ 104.894049305000038, -5.429307067000012, 0.0 ], [ 104.894181303000025, -5.429430574999929, 0.0 ], [ 104.894366105000046, -5.429571731999973, 0.0 ], [ 104.894465279000073, -5.429605863999955, 0.0 ], [ 104.894860668000021, -5.429558519999945, 0.0 ], [ 104.894980755000091, -5.429903593999898, 0.0 ], [ 104.895680826000017, -5.429928260999896, 0.0 ], [ 104.895779039000061, -5.430168639999978, 0.0 ], [ 104.89576176900006, -5.430808941999933, 0.0 ], [ 104.895745383000033, -5.431316616999927, 0.0 ], [ 104.896340208000041, -5.431523519999905, 0.0 ], [ 104.896733205000061, -5.431155902999953, 0.0 ], [ 104.897505918000036, -5.430587912999941, 0.0 ], [ 104.897865195000108, -5.429228178999969, 0.0 ], [ 104.898345355000046, -5.429027427999968, 0.0 ], [ 104.898837969000027, -5.429219974, 0.0 ], [ 104.901181483000045, -5.428978415, 0.0 ], [ 104.90299787000005, -5.42859879299994, 0.0 ], [ 104.904543212000107, -5.427866341, 0.0 ], [ 104.905898557000071, -5.427548595999911, 0.0 ], [ 104.906631004000104, -5.427556415999936, 0.0 ], [ 104.906972473000025, -5.427674429000019, 0.0 ], [ 104.907285423000076, -5.427782679, 0.0 ], [ 104.907432092000036, -5.427907091, 0.0 ], [ 104.907584394000111, -5.428088043999958, 0.0 ], [ 104.907714134000102, -5.428235068999955, 0.0 ], [ 104.907866459, -5.428263362999898, 0.0 ], [ 104.908210614000055, -5.42824645299992, 0.0 ], [ 104.908379867000036, -5.428263441, 0.0 ], [ 104.908543463000072, -5.428376546999937, 0.0 ], [ 104.908723977000079, -5.428546195999941, 0.0 ], [ 104.908887572000111, -5.428670608999932, 0.0 ], [ 104.909073741000071, -5.428749793999911, 0.0 ], [ 104.909299410000088, -5.428783751999967, 0.0 ], [ 104.90957022000002, -5.428772485000012, 0.0 ], [ 104.909857971000022, -5.428659446999985, 0.0 ], [ 104.910140090000098, -5.42847855899994, 0.0 ], [ 104.910298064000116, -5.428467273999983, 0.0 ], [ 104.910365762000126, -5.428495554999925, 0.0 ], [ 104.910393968000051, -5.428518174999931, 0.0 ], [ 104.910557551000096, -5.428721744999988, 0.0 ], [ 104.91073805900001, -5.428930971999891, 0.0 ], [ 104.910907291000072, -5.42909496499996, 0.0 ], [ 104.911138591000025, -5.42920242599997, 0.0 ], [ 104.911460171000073, -5.429242050999962, 0.0 ], [ 104.911697129000061, -5.429242085999965, 0.0 ], [ 104.911973595000106, -5.429134698999961, 0.0 ], [ 104.912244440000038, -5.428885959999986, 0.0 ], [ 104.91235729400006, -5.428767241999934, 0.0 ], [ 104.912430639, -5.428761597999911, 0.0 ], [ 104.912532187000053, -5.428795536999965, 0.0 ], [ 104.912549107000117, -5.428835117999954, 0.0 ], [ 104.912560374000066, -5.428948200999985, 0.0 ], [ 104.912611132000094, -5.429083904999933, 0.0 ], [ 104.912690105000053, -5.429168728000024, 0.0 ], [ 104.912791654000017, -5.429202667, 0.0 ], [ 104.912972197000045, -5.429174421999962, 0.0 ], [ 104.913192242000036, -5.42908398899994, 0.0 ], [ 104.913333290000068, -5.429072700999983, 0.0 ], [ 104.913468687, -5.429129260999956, 0.0 ], [ 104.913688695000076, -5.429298913999959, 0.0 ], [ 104.913886150000081, -5.42936679099998, 0.0 ], [ 104.91408927, -5.429270700999934, 0.0 ], [ 104.914337546000027, -5.429027611999983, 0.0 ], [ 104.914484249000097, -5.428925859999913, 0.0 ], [ 104.91465914200009, -5.428954154999944, 0.0 ], [ 104.914969417000094, -5.429146436999956, 0.0 ], [ 104.915110440000035, -5.429310423999935, 0.0 ], [ 104.915178100000034, -5.42961009899995, 0.0 ], [ 104.915200651000035, -5.429734490999939, 0.0 ], [ 104.915296542000064, -5.429875856, 0.0 ], [ 104.915431938000083, -5.429938068999908, 0.0 ], [ 104.915646329000054, -5.429938099, 0.0 ], [ 104.915939712000082, -5.429892907999902, 0.0 ], [ 104.916131538000059, -5.429870317999898, 0.0 ], [ 104.916306423000051, -5.429966460999948, 0.0 ], [ 104.916458729000041, -5.430141757999975, 0.0 ], [ 104.916701308000128, -5.430294451, 0.0 ], [ 104.9169608240001, -5.430362336000018, 0.0 ], [ 104.917220342000078, -5.430418911, 0.0 ], [ 104.917502429000066, -5.430469836999942, 0.0 ], [ 104.917818360000084, -5.430565999, 0.0 ], [ 104.918139933000049, -5.430667815999891, 0.0 ], [ 104.918405084000057, -5.430792240999972, 0.0 ], [ 104.918630734000075, -5.430973200999935, 0.0 ], [ 104.918771760000098, -5.431125879999955, 0.0 ], [ 104.918867673000051, -5.431120237999933, 0.0 ], [ 104.919036932000012, -5.431097644999928, 0.0 ], [ 104.919290820000057, -5.431069409, 0.0 ], [ 104.919414941000028, -5.431069425, 0.0 ], [ 104.919572911000046, -5.431086407999976, 0.0 ], [ 104.919770369000034, -5.431142974999949, 0.0 ], [ 104.919967822000032, -5.43123911999991, 0.0 ], [ 104.920137058000094, -5.431397455999955, 0.0 ], [ 104.920283715000053, -5.431634945999976, 0.0 ], [ 104.920407810000114, -5.43183285399992, 0.0 ], [ 104.92049240900009, -5.432059027999982, 0.0 ], [ 104.920582649000011, -5.432290855999979, 0.0 ], [ 104.920701106000038, -5.432460492999981, 0.0 ], [ 104.920802650000013, -5.432534008999935, 0.0 ], [ 104.921107289000076, -5.432714978999988, 0.0 ], [ 104.921366804000058, -5.432799824, 0.0 ], [ 104.921688387000103, -5.432833789999959, 0.0 ], [ 104.921970482000091, -5.432833825999962, 0.0 ], [ 104.92220181600004, -5.432703812999952, 0.0 ], [ 104.92248957700005, -5.432511611999947, 0.0 ], [ 104.922816818000044, -5.432421188999927, 0.0 ], [ 104.923217396000055, -5.432387315999966, 0.0 ], [ 104.923654153000129, -5.432191294999912, 0.0 ], [ 104.92389448000003, -5.431923768999981, 0.0 ], [ 104.924052486000051, -5.431652394, 0.0 ], [ 104.924187932000066, -5.43133012999998, 0.0 ], [ 104.924391062000083, -5.431149224999933, 0.0 ], [ 104.924605461000056, -5.431081402999917, 0.0 ], [ 104.924910148000052, -5.430877894999954, 0.0 ], [ 104.925068155000062, -5.430595211999924, 0.0 ], [ 104.924977942000055, -5.43013156800002, 0.0 ], [ 104.924763587000086, -5.429848838999897, 0.0 ], [ 104.924588721000092, -5.429588729999958, 0.0 ], [ 104.92454361900009, -5.429322984, 0.0 ], [ 104.924588777000011, -5.429142059999949, 0.0 ], [ 104.924746768000034, -5.428989419999931, 0.0 ], [ 104.924887815000062, -5.428978128999974, 0.0 ], [ 104.925079634000042, -5.429012076999941, 0.0 ], [ 104.925350439000056, -5.429046034999908, 0.0 ], [ 104.925705875000077, -5.429051732999936, 0.0 ], [ 104.926106450000091, -5.429023512, 0.0 ], [ 104.926467538000026, -5.428944398999937, 0.0 ], [ 104.926574722000012, -5.428912669999976, 0.0 ], [ 104.92670056300004, -5.428877805999933, 0.0 ], [ 104.926837639000013, -5.428832817999941, 0.0 ], [ 104.92693823900008, -5.428783589999954, 0.0 ], [ 104.927020105000096, -5.428720519999976, 0.0 ], [ 104.927099101000067, -5.428636849999981, 0.0 ], [ 104.927178094000027, -5.428578056999912, 0.0 ], [ 104.927315763000053, -5.428514747999914, 0.0 ], [ 104.927399265000119, -5.428487618999979, 0.0 ], [ 104.927460203000095, -5.428442392999967, 0.0 ], [ 104.927487289000027, -5.428399425999965, 0.0 ], [ 104.927491806000049, -5.42837002499993, 0.0 ], [ 104.927500854000087, -5.42819135799998, 0.0 ], [ 104.92748055, -5.428137077000018, 0.0 ], [ 104.927433165000082, -5.428085053999977, 0.0 ], [ 104.927406088000055, -5.428053387999933, 0.0 ], [ 104.927390297000088, -5.427999106999971, 0.0 ], [ 104.927390303, -5.42794482800001, 0.0 ], [ 104.927403851000051, -5.427886026999941, 0.0 ], [ 104.927446734000043, -5.427843061999939, 0.0 ], [ 104.92752121000008, -5.427811407999984, 0.0 ], [ 104.927631796000085, -5.427766188999973, 0.0 ], [ 104.927767210000098, -5.427684785999899, 0.0 ], [ 104.927895854000084, -5.427598859999895, 0.0 ], [ 104.92800418300007, -5.427551378999963, 0.0 ], [ 104.928096712000098, -5.427526511999949, 0.0 ], [ 104.928279513000035, -5.427474516, 0.0 ], [ 104.928414920000037, -5.427454177999914, 0.0 ], [ 104.928536784000087, -5.427447406999976, 0.0 ], [ 104.928681216000044, -5.427445162999968, 0.0 ], [ 104.928809848000029, -5.427463270999956, 0.0 ], [ 104.928997149000082, -5.427528879999967, 0.0 ], [ 104.929087414, -5.427567337999951, 0.0 ], [ 104.929150600000071, -5.427585438999939, 0.0 ], [ 104.929225071000104, -5.427599017, 0.0 ], [ 104.929288258, -5.427610332999956, 0.0 ], [ 104.929367244000062, -5.427610341999957, 0.0 ], [ 104.929396583000084, -5.42759903699991, 0.0 ], [ 104.929414640000076, -5.427569637999964, 0.0 ], [ 104.929414645000065, -5.427528928999971, 0.0 ], [ 104.929385314000044, -5.427470123, 0.0 ], [ 104.929371779000078, -5.427429412, 0.0 ], [ 104.929367270000057, -5.427384178999985, 0.0 ], [ 104.929367279000061, -5.427311807999947, 0.0 ], [ 104.929441766000096, -5.427185164999949, 0.0 ], [ 104.92949819100005, -5.42712410799996, 0.0 ], [ 104.92956815900007, -5.427047221, 0.0 ], [ 104.929640381000098, -5.426992949999944, 0.0 ], [ 104.929703573000083, -5.426963557, 0.0 ], [ 104.929746451000085, -5.426956776999971, 0.0 ], [ 104.929818667000106, -5.426954523999962, 0.0 ], [ 104.929895397000053, -5.426945485999925, 0.0 ], [ 104.929969874000093, -5.426902523999923, 0.0 ], [ 104.930026298000058, -5.426859559, 0.0 ], [ 104.930073691000061, -5.426839210000013, 0.0 ], [ 104.930139138000058, -5.426823386999947, 0.0 ], [ 104.93016396200008, -5.426825650999957, 0.0 ], [ 104.930197811000127, -5.426846009999954, 0.0 ], [ 104.930258740000099, -5.426866370999951, 0.0 ], [ 104.930317415000076, -5.426868639999961, 0.0 ], [ 104.930405436000072, -5.426794016, 0.0 ], [ 104.930446063000062, -5.426746526999983, 0.0 ], [ 104.930527308000123, -5.426721657999968, 0.0 ], [ 104.930601781000064, -5.42671714399995, 0.0 ], [ 104.930642405000043, -5.426694531999944, 0.0 ], [ 104.930635638000112, -5.426660606999979, 0.0 ], [ 104.930613076000014, -5.426619894999897, 0.0 ], [ 104.930601797000065, -5.426572399999964, 0.0 ], [ 104.930604061000068, -5.426509073999965, 0.0 ], [ 104.930678539000013, -5.426463849999953, 0.0 ], [ 104.930759785000077, -5.4264299349999, 0.0 ], [ 104.930838781000048, -5.426334955999947, 0.0 ], [ 104.930886185000062, -5.426230926999954, 0.0 ], [ 104.930926819000049, -5.426113326999905, 0.0 ], [ 104.930949399000042, -5.426002509999973, 0.0 ], [ 104.930958435, -5.425918830999978, 0.0 ], [ 104.930983269000095, -5.425832891999972, 0.0 ], [ 104.9310487260001, -5.42572886499998, 0.0 ], [ 104.931107408000059, -5.425672330999921, 0.0 ], [ 104.931139004000016, -5.425649719, 0.0 ], [ 104.931247329000101, -5.425633899999939, 0.0 ], [ 104.931306004000064, -5.425636167999949, 0.0 ], [ 104.931319543000114, -5.425647476999908, 0.0 ], [ 104.931339850000114, -5.425676880999942, 0.0 ], [ 104.93139852200008, -5.425699503999949, 0.0 ], [ 104.931452684000121, -5.42569950999995, 0.0 ], [ 104.931567784000052, -5.425636197999951, 0.0 ], [ 104.931621950000093, -5.425595493999959, 0.0 ], [ 104.931696425000041, -5.425575147999963, 0.0 ], [ 104.931791208000064, -5.425572896999954, 0.0 ], [ 104.931858907000077, -5.425590997999942, 0.0 ], [ 104.931913068000114, -5.425597788999971, 0.0 ], [ 104.932014620000075, -5.425602324, 0.0 ], [ 104.93208909400002, -5.425584238999916, 0.0 ], [ 104.932339599000059, -5.425516417999988, 0.0 ], [ 104.932389249000082, -5.425500591999922, 0.0 ], [ 104.932434386000082, -5.425477981, 0.0 ], [ 104.932488550000031, -5.425453108999902, 0.0 ], [ 104.932560766000051, -5.425448593999972, 0.0 ], [ 104.932612670000083, -5.425450861999893, 0.0 ], [ 104.932657802000094, -5.425475745, 0.0 ], [ 104.932714215000047, -5.425527767999951, 0.0 ], [ 104.932763859000076, -5.425559436, 0.0 ], [ 104.932824790000055, -5.425563966000015, 0.0 ], [ 104.932878952000095, -5.425559448999907, 0.0 ], [ 104.93298050900006, -5.425518751, 0.0 ], [ 104.933032419000085, -5.425475785999913, 0.0 ], [ 104.933075300000084, -5.425444127999958, 0.0 ], [ 104.933120436000095, -5.425432825, 0.0 ], [ 104.933156544000056, -5.425430567, 0.0 ], [ 104.933215218000029, -5.42544188199995, 0.0 ], [ 104.933251323, -5.425459978999937, 0.0 ], [ 104.93329419700008, -5.425493908, 0.0 ], [ 104.933309988000047, -5.425550449999962, 0.0 ], [ 104.933328034000041, -5.425620562999901, 0.0 ], [ 104.933384450000091, -5.425640923999898, 0.0 ], [ 104.933440868000048, -5.425647714999927, 0.0 ], [ 104.933490513000066, -5.425674859999953, 0.0 ], [ 104.933508562000057, -5.425717831999956, 0.0 ], [ 104.933513069000071, -5.425776634999936, 0.0 ], [ 104.93350629400004, -5.425821866999948, 0.0 ], [ 104.933470183000068, -5.425855786999913, 0.0 ], [ 104.933420532000056, -5.425876135999909, 0.0 ], [ 104.933377654000054, -5.425880654999927, 0.0 ], [ 104.933318976000081, -5.425910049999962, 0.0 ], [ 104.93331897200008, -5.425948496999945, 0.0 ], [ 104.933341535000082, -5.425986946999929, 0.0 ], [ 104.933443082000053, -5.426036713999961, 0.0 ], [ 104.933526579000031, -5.426059339999968, 0.0 ], [ 104.933630387000093, -5.426072920999937, 0.0 ], [ 104.93373645300008, -5.426072931999938, 0.0 ], [ 104.933797386000052, -5.426063892999901, 0.0 ], [ 104.933833493000023, -5.426063897, 0.0 ], [ 104.933894425000091, -5.426068426999921, 0.0 ], [ 104.933964383000017, -5.42607295699994, 0.0 ], [ 104.934041111000056, -5.426082011999979, 0.0 ], [ 104.934086244000071, -5.426093324999938, 0.0 ], [ 104.934129119000062, -5.426115945999944, 0.0 ], [ 104.934156198000082, -5.426138564999951, 0.0 ], [ 104.93417199200006, -5.426163444999967, 0.0 ], [ 104.934178759000076, -5.426190585, 0.0 ], [ 104.934185524000014, -5.426244864999953, 0.0 ], [ 104.934205828000103, -5.426305930999943, 0.0 ], [ 104.934250954000021, -5.42638735399993, 0.0 ], [ 104.934307364000063, -5.426464255999987, 0.0 ], [ 104.934449526, -5.426572828999911, 0.0 ], [ 104.93453076600008, -5.426597715999927, 0.0 ], [ 104.934630060000117, -5.426618080999924, 0.0 ], [ 104.934731612000078, -5.426627138999963, 0.0 ], [ 104.934801571, -5.426624883999954, 0.0 ], [ 104.934869275000011, -5.426602275999949, 0.0 ], [ 104.934923439000059, -5.426575141999924, 0.0 ], [ 104.934968577000063, -5.426550269, 0.0 ], [ 104.935024997000113, -5.426534443999932, 0.0 ], [ 104.935054334000057, -5.426534446999932, 0.0 ], [ 104.935063360000086, -5.42654349399997, 0.0 ], [ 104.93508141100007, -5.426575159000015, 0.0 ], [ 104.935083663000086, -5.426618129999929, 0.0 ], [ 104.935085915000087, -5.426663362999941, 0.0 ], [ 104.935085909000094, -5.426717642, 0.0 ], [ 104.935092673000028, -5.426771920999952, 0.0 ], [ 104.935115234000122, -5.426835248999952, 0.0 ], [ 104.935140057000041, -5.426842036999981, 0.0 ], [ 104.935182935000029, -5.426839779999971, 0.0 ], [ 104.935246127000113, -5.426812646999947, 0.0 ], [ 104.935338660000042, -5.426749330999948, 0.0 ], [ 104.935449250000048, -5.426654354999906, 0.0 ], [ 104.935487617000021, -5.42662721999997, 0.0 ], [ 104.935535011000027, -5.426602346999955, 0.0 ], [ 104.935586916000062, -5.426597828999936, 0.0 ], [ 104.935650102000054, -5.426620451999943, 0.0 ], [ 104.93570651600001, -5.426663428999946, 0.0 ], [ 104.935758420000042, -5.426677003999915, 0.0 ], [ 104.935830636000063, -5.426667964999966, 0.0 ], [ 104.935896084000063, -5.426638570999932, 0.0 ], [ 104.935947992000095, -5.426615960999927, 0.0 ], [ 104.936040518000112, -5.426611447, 0.0 ], [ 104.936094679000064, -5.426618237999937, 0.0 ], [ 104.936148837000104, -5.426654428999912, 0.0 ], [ 104.936178169000044, -5.426706449999953, 0.0 ], [ 104.936200733000049, -5.426740376999918, 0.0 ], [ 104.936239093000026, -5.426783350999921, 0.0 ], [ 104.936275199000079, -5.426794662999969, 0.0 ], [ 104.936327105000018, -5.426787883999941, 0.0 ], [ 104.936347416000018, -5.426778839999903, 0.0 ], [ 104.936408349, -5.426772060999964, 0.0 ], [ 104.936451227000077, -5.426772065999964, 0.0 ], [ 104.936521183000096, -5.42679695099998, 0.0 ], [ 104.936597244000083, -5.42670378, 0.0 ], [ 104.93664148500001, -5.426626210999887, 0.0 ], [ 104.936663609000064, -5.426543889999914, 0.0 ], [ 104.936674676000095, -5.426459984999989, 0.0 ], [ 104.936693644000059, -5.426352333999963, 0.0 ], [ 104.936734730000083, -5.426217770999932, 0.0 ], [ 104.936766334000126, -5.426129118999969, 0.0 ], [ 104.936835852000016, -5.426024638999939, 0.0 ], [ 104.936943284000023, -5.425913830999919, 0.0 ], [ 104.937023856000025, -5.425845763999972, 0.0 ], [ 104.937094951000049, -5.425772947999986, 0.0 ], [ 104.937150249000098, -5.425692212999968, 0.0 ], [ 104.937208711000054, -5.425568734999965, 0.0 ], [ 104.937226099000071, -5.42546108299994, 0.0 ], [ 104.937226109000065, -5.425359762, 0.0 ], [ 104.937211898000044, -5.425296435999906, 0.0 ], [ 104.937167671000026, -5.425248936999973, 0.0 ], [ 104.93710606500008, -5.425225182999961, 0.0 ], [ 104.937042878000099, -5.425209344999894, 0.0 ], [ 104.937004968000068, -5.425185593999972, 0.0 ], [ 104.936990757000046, -5.42512701700001, 0.0 ], [ 104.937004983000065, -5.425044694999949, 0.0 ], [ 104.937072918000098, -5.424971877999964, 0.0 ], [ 104.937131374000046, -5.424905391999969, 0.0 ], [ 104.937142441000077, -5.424818320999959, 0.0 ], [ 104.937134551000042, -5.424735996999987, 0.0 ], [ 104.937109288000087, -5.424609342999899, 0.0 ], [ 104.937101401000049, -5.424501688999962, 0.0 ], [ 104.937104569000041, -5.424422532999897, 0.0 ], [ 104.937134588000049, -5.424373459000011, 0.0 ], [ 104.937205678000069, -5.424343386, 0.0 ], [ 104.937272026000045, -5.424341809999968, 0.0 ], [ 104.937357330000083, -5.424344984999964, 0.0 ], [ 104.937412623000043, -5.424314910999962, 0.0 ], [ 104.937412626000039, -5.42427849899997, 0.0 ], [ 104.937379458000052, -5.424221502999961, 0.0 ], [ 104.937368408000026, -5.424145510999979, 0.0 ], [ 104.937414226000087, -5.424083773999934, 0.0 ], [ 104.937463204000053, -5.424018869999982, 0.0 ], [ 104.937475849000037, -5.423941297999958, 0.0 ], [ 104.937505877000035, -5.423811483999964, 0.0 ], [ 104.937569075000027, -5.423719667999917, 0.0 ], [ 104.937638585000087, -5.423691178999958, 0.0 ], [ 104.937760222000023, -5.423691190999959, 0.0 ], [ 104.937823410000107, -5.423692780999913, 0.0 ], [ 104.937941891000051, -5.423661129999958, 0.0 ], [ 104.938044577000113, -5.423616812999933, 0.0 ], [ 104.938137786000098, -5.423547164999944, 0.0 ], [ 104.938221520000099, -5.423458517999981, 0.0 ], [ 104.938317886000078, -5.423412615999913, 0.0 ], [ 104.938370016000121, -5.423415787999909, 0.0 ], [ 104.938409507000102, -5.423431622999976, 0.0 ], [ 104.938480593000037, -5.423439545999921, 0.0 ], [ 104.938569059000073, -5.423420557999949, 0.0 ], [ 104.938730195000076, -5.423357248999951, 0.0 ], [ 104.938798124000101, -5.423336674999936, 0.0 ], [ 104.938873951000076, -5.423328766999903, 0.0 ], [ 104.938946617000042, -5.423331939999988, 0.0 ], [ 104.939035079000078, -5.423344613999971, 0.0 ], [ 104.939136179000101, -5.423354122999958, 0.0 ], [ 104.939245178000064, -5.42336046699995, 0.0 ], [ 104.93935891600006, -5.423363643999947, 0.0 ], [ 104.939527945000094, -5.423365244, 0.0 ], [ 104.939630625000063, -5.423366837999945, 0.0 ], [ 104.939706452000038, -5.423358929999912, 0.0 ], [ 104.939782279, -5.423351021999968, 0.0 ], [ 104.939858105000056, -5.423347862999973, 0.0 ], [ 104.939911814000055, -5.423355784, 0.0 ], [ 104.939956041000073, -5.423401698999987, 0.0 ], [ 104.939962354000073, -5.423463441999944, 0.0 ], [ 104.939967088000103, -5.423515686, 0.0 ], [ 104.939990779000112, -5.423556849999946, 0.0 ], [ 104.94001763300011, -5.423566351999932, 0.0 ], [ 104.940047649000107, -5.423552105999908, 0.0 ], [ 104.940090306000087, -5.423498283999985, 0.0 ], [ 104.940125063000025, -5.423461874999903, 0.0 ], [ 104.940177195000075, -5.423450797999964, 0.0 ], [ 104.940207208000075, -5.423458717, 0.0 ], [ 104.940230900000088, -5.423496714999944, 0.0 ], [ 104.940271967000015, -5.423550544999957, 0.0 ], [ 104.940327253000063, -5.423588546, 0.0 ], [ 104.940395180000081, -5.423594884999984, 0.0 ], [ 104.940469425000103, -5.423601224999976, 0.0 ], [ 104.940513657000025, -5.423605978999925, 0.0 ], [ 104.940548408000069, -5.423626562999941, 0.0 ], [ 104.94056420000004, -5.423677224999958, 0.0 ], [ 104.940562615, -5.423731051999971, 0.0 ], [ 104.940554711000047, -5.423791209999974, 0.0 ], [ 104.940551545000062, -5.423856117999927, 0.0 ], [ 104.940551538000051, -5.423928943, 0.0 ], [ 104.940559429000089, -5.424004933999894, 0.0 ], [ 104.940591016000042, -5.424074594999974, 0.0 ], [ 104.940636827, -5.42408884799991, 0.0 ], [ 104.940703174000078, -5.424090437999952, 0.0 ], [ 104.940801117, -5.424074615999887, 0.0 ], [ 104.940884843, -5.424060375999952, 0.0 ], [ 104.940955930000115, -5.424061966, 0.0 ], [ 104.941023855000054, -5.424087302999959, 0.0 ], [ 104.941115471000089, -5.424158552999904, 0.0 ], [ 104.941214986000062, -5.424225053999988, 0.0 ], [ 104.941331879000046, -5.424275726, 0.0 ], [ 104.941568831000026, -5.424323242999941, 0.0 ], [ 104.941654135000064, -5.424326416999937, 0.0 ], [ 104.941737859000071, -5.424323258999943, 0.0 ], [ 104.941813687000035, -5.424305852000012, 0.0 ], [ 104.941867399000046, -5.424288443, 0.0 ], [ 104.941936906000109, -5.424286865999951, 0.0 ], [ 104.942115409000039, -5.424323295999946, 0.0 ], [ 104.942188074000015, -5.424348633, 0.0 ], [ 104.942257577000078, -5.424391383999895, 0.0 ], [ 104.942325498000017, -5.424453132999941, 0.0 ], [ 104.942398157000085, -5.42453862899991, 0.0 ], [ 104.942475553000094, -5.424639956999945, 0.0 ], [ 104.942532414000084, -5.424720702999965, 0.0 ], [ 104.942592437000073, -5.424788782999913, 0.0 ], [ 104.942647723000036, -5.424823617999953, 0.0 ], [ 104.942688796000056, -5.424820454999958, 0.0 ], [ 104.94273303000007, -5.424795129, 0.0 ], [ 104.942786743000084, -5.424765055, 0.0 ], [ 104.94284203200003, -5.424772975999938, 0.0 ], [ 104.94287836300002, -5.424804641999982, 0.0 ], [ 104.942919428000039, -5.424883801999959, 0.0 ], [ 104.942960496000069, -5.424931299999981, 0.0 ], [ 104.943053694000056, -5.424975636999919, 0.0 ], [ 104.943116879000044, -5.425010471999959, 0.0 ], [ 104.943151628000066, -5.425065885000015, 0.0 ], [ 104.943200590000032, -5.425159294999927, 0.0 ], [ 104.943252713000092, -5.425236872999951, 0.0 ], [ 104.943311156000036, -5.425309702999938, 0.0 ], [ 104.943388556000045, -5.425363536999951, 0.0 ], [ 104.943453321000078, -5.425396788999949, 0.0 ], [ 104.943497549000099, -5.42543795499998, 0.0 ], [ 104.943525980000047, -5.425482284999918, 0.0 ], [ 104.94353861300003, -5.425537695999973, 0.0 ], [ 104.943540185000074, -5.42561527, 0.0 ], [ 104.94354649800006, -5.425681762, 0.0 ], [ 104.943574924000103, -5.425778335999988, 0.0 ], [ 104.94362230900002, -5.425838499999903, 0.0 ], [ 104.943687073000049, -5.425886, 0.0 ], [ 104.943766054000022, -5.425939833999939, 0.0 ], [ 104.943849774000014, -5.425990501999957, 0.0 ], [ 104.943927178000109, -5.426006340999935, 0.0 ], [ 104.944007743000029, -5.426012681000016, 0.0 ], [ 104.94408198900004, -5.426015853999923, 0.0 ], [ 104.94417045200008, -5.426028527, 0.0 ], [ 104.944219419000049, -5.426069692999937, 0.0 ], [ 104.944274700000094, -5.426166269999934, 0.0 ], [ 104.944311026000079, -5.426243846999958, 0.0 ], [ 104.944353672000048, -5.426313508999948, 0.0 ], [ 104.944410534000056, -5.426394253999968, 0.0 ], [ 104.944465817, -5.426468666999908, 0.0 ], [ 104.944510044000111, -5.426524079999963, 0.0 ], [ 104.944552692000087, -5.426571577999896, 0.0 ], [ 104.944617456000032, -5.426622245, 0.0 ], [ 104.944702755000066, -5.426676078999927, 0.0 ], [ 104.94478963800006, -5.426698250999985, 0.0 ], [ 104.944908115, -5.426714092999964, 0.0 ], [ 104.944996578000044, -5.426725183, 0.0 ], [ 104.945069244000109, -5.426733105999938, 0.0 ], [ 104.945143489000117, -5.426748943999916, 0.0 ], [ 104.945209835000099, -5.426771113999974, 0.0 ], [ 104.945255644000071, -5.426798030999981, 0.0 ], [ 104.945310931000037, -5.426826532999941, 0.0 ], [ 104.945416771000083, -5.426837623999971, 0.0 ], [ 104.945475219000031, -5.426850294999953, 0.0 ], [ 104.94552734700008, -5.426885128, 0.0 ], [ 104.945569994000067, -5.426945291, 0.0 ], [ 104.945639495000037, -5.427018121999895, 0.0 ], [ 104.945693203000047, -5.427038706999911, 0.0 ], [ 104.94575165, -5.427062459999922, 0.0 ], [ 104.945799036000011, -5.427122622999926, 0.0 ], [ 104.945819567000015, -5.427190699999963, 0.0 ], [ 104.945835358000082, -5.427260358999954, 0.0 ], [ 104.945860629000038, -5.427311021999971, 0.0 ], [ 104.945922233000076, -5.427355355, 0.0 ], [ 104.945985420000056, -5.427374358999971, 0.0 ], [ 104.946073883000096, -5.427393363999945, 0.0 ], [ 104.946154446, -5.427423450999948, 0.0 ], [ 104.946261862000114, -5.427475703999919, 0.0 ], [ 104.946359798000046, -5.427537454999966, 0.0 ], [ 104.946473528000041, -5.427645119, 0.0 ], [ 104.946533552000034, -5.427703699999954, 0.0 ], [ 104.946610953000032, -5.427768614999907, 0.0 ], [ 104.946669399000072, -5.427805033, 0.0 ], [ 104.946778393000031, -5.427879450000018, 0.0 ], [ 104.946830521, -5.427904783999983, 0.0 ], [ 104.946873171000064, -5.427933284999943, 0.0 ], [ 104.946923718000065, -5.427980782999965, 0.0 ], [ 104.946966366000041, -5.428033030999936, 0.0 ], [ 104.94700901100002, -5.428118524, 0.0 ], [ 104.94703112100008, -5.428189766999937, 0.0 ], [ 104.9470785, -5.428332252999914, 0.0 ], [ 104.947110086000038, -5.428419328999924, 0.0 ], [ 104.947127459000058, -5.428466823999946, 0.0 ], [ 104.947149570000107, -5.428528567999903, 0.0 ], [ 104.9471538640001, -5.428623806999967, 0.0 ], [ 104.949512224000017, -5.428178078999947, 0.0 ], [ 104.952991839000063, -5.427705021999975, 0.0 ], [ 104.952911054000126, -5.429045994, 0.0 ], [ 104.954032457000011, -5.429357927999957, 0.0 ], [ 104.953938977000092, -5.429736352999916, 0.0 ], [ 104.953960203000065, -5.429902183999959, 0.0 ], [ 104.953845884000117, -5.430398105999958, 0.0 ], [ 104.953947826000018, -5.430461895, 0.0 ], [ 104.954007294000064, -5.430478906999982, 0.0 ], [ 104.954151719000023, -5.430478917999983, 0.0 ], [ 104.954393841000069, -5.430534212999939, 0.0 ], [ 104.954470297000086, -5.430580991999902, 0.0 ], [ 104.954572243000086, -5.430602258999974, 0.0 ], [ 104.95491630500004, -5.430742601999951, 0.0 ], [ 104.955077712000076, -5.430874427999933, 0.0 ], [ 104.955532210000015, -5.43112108, 0.0 ], [ 104.955778576000071, -5.431227399, 0.0 ], [ 104.956169373000066, -5.431231679999916, 0.0 ], [ 104.956407245000037, -5.431316737999937, 0.0 ], [ 104.957596731000038, -5.431559470999948, 0.0 ], [ 104.956871116000045, -5.433691036999923, 0.0 ], [ 104.958421788000095, -5.433941080999917, 0.0 ], [ 104.958627598000078, -5.438497307999958, 0.0 ], [ 104.958805896000086, -5.438485628999969, 0.0 ], [ 104.958915322000081, -5.438491113999889, 0.0 ], [ 104.959026116000089, -5.438484273999945, 0.0 ], [ 104.959108189000048, -5.43845141099998, 0.0 ], [ 104.959190261000089, -5.438388417999919, 0.0 ], [ 104.959395923000045, -5.438226535999936, 0.0 ], [ 104.959498857000128, -5.438152710999956, 0.0 ], [ 104.959549554000063, -5.438120414999949, 0.0 ], [ 104.95962176000009, -5.438097345, 0.0 ], [ 104.959718544000097, -5.438081969999965, 0.0 ], [ 104.959807647, -5.438098896999945, 0.0 ], [ 104.960168131000088, -5.438194606999959, 0.0 ], [ 104.960458804000069, -5.43824507299996, 0.0 ], [ 104.960946804000031, -5.438314541999935, 0.0 ], [ 104.961200532000063, -5.438343636999944, 0.0 ], [ 104.961278487000115, -5.438337519999971, 0.0 ], [ 104.961357970000037, -5.438313037999899, 0.0 ], [ 104.961451791000073, -5.438279525999969, 0.0 ], [ 104.961560209000069, -5.438267710999968, 0.0 ], [ 104.961653598000069, -5.438269865999969, 0.0 ], [ 104.961775969000072, -5.438301041999972, 0.0 ], [ 104.961874723000065, -5.438349412999978, 0.0 ], [ 104.962021370000031, -5.438463408, 0.0 ], [ 104.962078522278148, -5.438484871484407, 0.0 ] ] ] ] } },
{ "type": "Feature", "properties": { "KDPPUM": null, "NAMOBJ": "WAYLIMA", "REMARK": "Wilayah Administrasi Kecamatan", "KDPBPS": null, "FCODE": null, "LUASWH": 0.0, "UUPP": null, "SRS_ID": null, "LCODE": "BA0080", "METADATA": null, "KDEBPS": null, "KDEPUM": null, "KDCBPS": null, "KDCPUM": null, "KDBBPS": null, "KDBPUM": null, "WADMKD": null, "WIADKD": null, "WADMKC": null, "WIADKC": null, "WADMKK": "PESAWARAN", "WIADKK": null, "WADMPR": "LAMPUNG", "WIADPR": null, "TIPADM": 0, "Shape_Leng": 0.63209174961000003, "Shape_Area": 0.00897168325 }, "geometry": { "type": "MultiPolygon", "coordinates": [ [ [ [ 104.996672997000175, -5.423199, 0.0 ], [ 104.996466997000184, -5.423216999999893, 0.0 ], [ 104.996338997000151, -5.423207999999859, 0.0 ], [ 104.996301560800418, -5.423201071872009, 0.0 ], [ 104.996352255, -5.422693110999978, 0.0 ], [ 104.996544266000086, -5.422733070999909, 0.0 ], [ 104.996754412000072, -5.422813404999983, 0.0 ], [ 104.996891981, -5.422878539999955, 0.0 ], [ 104.997020885, -5.422945846999928, 0.0 ], [ 104.997038635574256, -5.422956709590311, 0.0 ], [ 104.996957997000123, -5.423044999999872, 0.0 ], [ 104.996829997000106, -5.423139, 0.0 ], [ 104.996672997000175, -5.423199, 0.0 ] ] ], [ [ [ 105.004725326000113, -5.391243283999904, 0.0 ], [ 105.005221779000067, -5.391279465999967, 0.0 ], [ 105.005451952000016, -5.391265894, 0.0 ], [ 105.005736284000093, -5.391238751999973, 0.0 ], [ 105.006034155000052, -5.391247795999922, 0.0 ], [ 105.006300435000057, -5.39131564199994, 0.0 ], [ 105.006562203000044, -5.391505615999938, 0.0 ], [ 105.006715654000033, -5.391636788999955, 0.0 ], [ 105.006846538000033, -5.391777007999922, 0.0 ], [ 105.006927778, -5.391930797999946, 0.0 ], [ 105.006923268000065, -5.39220219299993, 0.0 ], [ 105.006927785000087, -5.392532390999984, 0.0 ], [ 105.006927787000095, -5.392749507, 0.0 ], [ 105.006932304000102, -5.393079704999971, 0.0 ], [ 105.006936820000035, -5.39332396000002, 0.0 ], [ 105.006936822000043, -5.393450612000018, 0.0 ], [ 105.006932311000114, -5.393722006999914, 0.0 ], [ 105.006932314000025, -5.3939346, 0.0 ], [ 105.00696390800006, -5.394070296999955, 0.0 ], [ 105.007058687000082, -5.394205994, 0.0 ], [ 105.007176033000022, -5.394328119999971, 0.0 ], [ 105.007320457000077, -5.394445722999931, 0.0 ], [ 105.007171522000093, -5.394522619999988, 0.0 ], [ 105.007058692000086, -5.394635702999929, 0.0 ], [ 105.007054181000072, -5.394762353999928, 0.0 ], [ 105.007126395000085, -5.394961376999964, 0.0 ], [ 105.007248254000046, -5.395133258999975, 0.0 ], [ 105.007426221000031, -5.395212201999934, 0.0 ], [ 105.007736787000056, -5.395150001999939, 0.0 ], [ 105.007985239, -5.395035173999942, 0.0 ], [ 105.008238382000087, -5.394852641999938, 0.0 ], [ 105.008488186000051, -5.394638913999929, 0.0 ], [ 105.008699404000126, -5.394557492999942, 0.0 ], [ 105.008908592000111, -5.394537134999945, 0.0 ], [ 105.009324938000105, -5.394557483999941, 0.0 ], [ 105.00954834300002, -5.394557479999941, 0.0 ], [ 105.009951247000046, -5.394478614999988, 0.0 ], [ 105.009841581000032, -5.394857212999961, 0.0 ], [ 105.009803003000044, -5.395486172999954, 0.0 ], [ 105.009821446000061, -5.395670176, 0.0 ], [ 105.009849723000087, -5.395952292999974, 0.0 ], [ 105.00999189600013, -5.396308496999959, 0.0 ], [ 105.01012594200003, -5.396516113, 0.0 ], [ 105.010446839000025, -5.396792929999984, 0.0 ], [ 105.011171903000061, -5.397413733999924, 0.0 ], [ 105.011785266000103, -5.398008077999984, 0.0 ], [ 105.012181310000088, -5.398345957999963, 0.0 ], [ 105.012477835000112, -5.398537284999984, 0.0 ], [ 105.012821072000094, -5.398679760999959, 0.0 ], [ 105.013003861000115, -5.398799848999948, 0.0 ], [ 105.013251644, -5.399023745, 0.0 ], [ 105.01358066800006, -5.399347376999954, 0.0 ], [ 105.013775929000047, -5.399345385999966, 0.0 ], [ 105.014099554, -5.399397387999917, 0.0 ], [ 105.014293514000059, -5.399443795999938, 0.0 ], [ 105.014844137000054, -5.399615665999947, 0.0 ], [ 105.015521128000032, -5.399665404999977, 0.0 ], [ 105.015855110000047, -5.39966992, 0.0 ], [ 105.016171036000074, -5.399574922999951, 0.0 ], [ 105.016789345000063, -5.39921756999996, 0.0 ], [ 105.016951820000102, -5.399113530999967, 0.0 ], [ 105.017105268000094, -5.399004968999956, 0.0 ], [ 105.017254204000068, -5.398977825000019, 0.0 ], [ 105.017398629000027, -5.398986866999968, 0.0 ], [ 105.017737124000064, -5.398982333999948, 0.0 ], [ 105.018021459000053, -5.39896875599989, 0.0 ], [ 105.018274200000093, -5.398932562, 0.0 ], [ 105.018517915000089, -5.398869229999915, 0.0 ], [ 105.01865782400003, -5.398801375999897, 0.0 ], [ 105.018951179000055, -5.398570681, 0.0 ], [ 105.019429575000032, -5.398276655, 0.0 ], [ 105.019759034000018, -5.398014294999966, 0.0 ], [ 105.019975663000096, -5.397801694999961, 0.0 ], [ 105.02007043700003, -5.397661470999905, 0.0 ], [ 105.020147158000071, -5.3975122009999, 0.0 ], [ 105.02025094800004, -5.397077964999943, 0.0 ], [ 105.020399868000112, -5.396566832999929, 0.0 ], [ 105.020611977000073, -5.396173301999964, 0.0 ], [ 105.020733828000033, -5.395983320999965, 0.0 ], [ 105.021022666000036, -5.395702869999942, 0.0 ], [ 105.021568759000019, -5.395463117999912, 0.0 ], [ 105.022086940000079, -5.395155951999898, 0.0 ], [ 105.022410757000046, -5.394943799999931, 0.0 ], [ 105.023123156000011, -5.394562236999979, 0.0 ], [ 105.023548973000075, -5.394378575999971, 0.0 ], [ 105.023874966000051, -5.393992973999952, 0.0 ], [ 105.024032573000028, -5.394020095999975, 0.0 ], [ 105.024328949000036, -5.394042071999928, 0.0 ], [ 105.02453421500006, -5.394071746999986, 0.0 ], [ 105.024793054158792, -5.394092804762808, 0.0 ], [ 105.024167531, -5.39536803099986, 0.0 ], [ 105.022362302000118, -5.397159308999923, 0.0 ], [ 105.021569732000088, -5.399113383999866, 0.0 ], [ 105.021436137000236, -5.399187892999903, 0.0 ], [ 105.021305234000053, -5.399267036999879, 0.0 ], [ 105.02117718300012, -5.399350716999875, 0.0 ], [ 105.021052142000073, -5.399438830999882, 0.0 ], [ 105.020930264000114, -5.399531270999892, 0.0 ], [ 105.020811699000078, -5.399627921999896, 0.0 ], [ 105.020696591999965, -5.399728667999883, 0.0 ], [ 105.020585083999975, -5.399833383999843, 0.0 ], [ 105.020477313000029, -5.399941940999943, 0.0 ], [ 105.020373410000147, -5.400054205999906, 0.0 ], [ 105.020273503000041, -5.400170041999898, 0.0 ], [ 105.020177715000202, -5.400289306999907, 0.0 ], [ 105.020086163, -5.400411852999921, 0.0 ], [ 105.019998960000152, -5.400537530999928, 0.0 ], [ 105.019916212999973, -5.400666185999915, 0.0 ], [ 105.019838022000073, -5.400797660999958, 0.0 ], [ 105.019764485000024, -5.400931792999865, 0.0 ], [ 105.018960336000106, -5.402876817999859, 0.0 ], [ 105.018266151000134, -5.403401536999842, 0.0 ], [ 105.01543267900017, -5.404650033999848, 0.0 ], [ 105.014561502000035, -5.405782413999928, 0.0 ], [ 105.012593040000056, -5.408341073999891, 0.0 ], [ 105.011174225000076, -5.411778773999844, 0.0 ], [ 105.011160261000072, -5.412363802999932, 0.0 ], [ 105.011125783000153, -5.412947982999862, 0.0 ], [ 105.011070834000051, -5.413530592999928, 0.0 ], [ 105.010995481000208, -5.414110916999894, 0.0 ], [ 105.010899816000105, -5.414688240999878, 0.0 ], [ 105.010783959000022, -5.41526185299991, 0.0 ], [ 105.010648050000057, -5.415831047999843, 0.0 ], [ 105.010492258000141, -5.416395124999886, 0.0 ], [ 105.010316774, -5.416953389999891, 0.0 ], [ 105.009334584000186, -5.419405007999879, 0.0 ], [ 105.006931798000068, -5.42315029299988, 0.0 ], [ 105.006869847, -5.42324224599985, 0.0 ], [ 105.006777705000019, -5.42341149799991, 0.0 ], [ 105.006626075999989, -5.423662733999913, 0.0 ], [ 105.005779434000104, -5.423920781999859, 0.0 ], [ 105.0050064120001, -5.424400004999898, 0.0 ], [ 105.004748736000096, -5.424473731999869, 0.0 ], [ 105.004159763000118, -5.4245105999999, 0.0 ], [ 105.003681226000054, -5.424400014999899, 0.0 ], [ 105.003681224000147, -5.424031386999951, 0.0 ], [ 105.003607601000084, -5.423773347999918, 0.0 ], [ 105.003129059000102, -5.423625898999886, 0.0 ], [ 105.002356034000101, -5.423773353999918, 0.0 ], [ 105.001832954999983, -5.423773354999918, 0.0 ], [ 105.001583011000079, -5.423773355999918, 0.0 ], [ 105.001104471000104, -5.423773356999918, 0.0 ], [ 105.000662740999971, -5.423589044999856, 0.0 ], [ 104.999999997000018, -5.42311, 0.0 ], [ 104.999655996999977, -5.422803, 0.0 ], [ 104.999497997000148, -5.422689, 0.0 ], [ 104.999207997000127, -5.422523, 0.0 ], [ 104.998951997, -5.422418999999858, 0.0 ], [ 104.998951108449248, -5.422418740511604, 0.0 ], [ 104.998991697000079, -5.42233079100002, 0.0 ], [ 104.999042474000106, -5.422219863, 0.0 ], [ 104.999161412, -5.42199239799991, 0.0 ], [ 104.999209175000047, -5.421860913999955, 0.0 ], [ 104.999244486000038, -5.421802648999931, 0.0 ], [ 104.999165406000074, -5.421626054999974, 0.0 ], [ 104.999168448000049, -5.421586472999897, 0.0 ], [ 104.999220153000067, -5.42151948899995, 0.0 ], [ 104.999344855000089, -5.421437280999987, 0.0 ], [ 104.999439283000086, -5.421418065, 0.0 ], [ 104.99999999900011, -5.421845130999982, 0.0 ], [ 105.000579208000076, -5.422392469999972, 0.0 ], [ 105.000688163000035, -5.422457595999942, 0.0 ], [ 105.001105656000021, -5.422787792999907, 0.0 ], [ 105.001343488000074, -5.42294837499996, 0.0 ], [ 105.001760286, -5.42098061699995, 0.0 ], [ 105.000804640000069, -5.421011618999939, 0.0 ], [ 105.000594274000079, -5.420955998999956, 0.0 ], [ 105.000242904000046, -5.421013244999896, 0.0 ], [ 104.99999999900011, -5.421025527999936, 0.0 ], [ 104.999892181000078, -5.421030980999943, 0.0 ], [ 104.99976613100003, -5.420930971999928, 0.0 ], [ 104.999642563000023, -5.420773589999962, 0.0 ], [ 104.999399452000077, -5.420551217999948, 0.0 ], [ 104.999335777000042, -5.420518342999982, 0.0 ], [ 104.999106170000047, -5.42049900099998, 0.0 ], [ 104.998571700000056, -5.420415852999939, 0.0 ], [ 104.998504169000071, -5.420568612999967, 0.0 ], [ 104.998098964000022, -5.420514992999971, 0.0 ], [ 104.998018400000021, -5.420315516999986, 0.0 ], [ 104.997952053000034, -5.420101792999978, 0.0 ], [ 104.997928358000124, -5.419959311, 0.0 ], [ 104.997928358000124, -5.419921314999966, 0.0 ], [ 104.998042097000024, -5.419698092999971, 0.0 ], [ 104.998075271000019, -5.419527114999946, 0.0 ], [ 104.99803735900008, -5.41928014499994, 0.0 ], [ 104.997993934000036, -5.419115269999976, 0.0 ], [ 104.998661868000056, -5.419101058999955, 0.0 ], [ 104.998633902000051, -5.41846122999995, 0.0 ], [ 104.999378358000101, -5.418427771999935, 0.0 ], [ 104.999448942000086, -5.417821477999953, 0.0 ], [ 104.999984051000041, -5.417877825999907, 0.0 ], [ 104.999892314000078, -5.416411385999899, 0.0 ], [ 104.999527206000067, -5.416328907, 0.0 ], [ 104.999452994000066, -5.416182851, 0.0 ], [ 104.999430734000086, -5.41602245699996, 0.0 ], [ 104.99936899100004, -5.415933510999972, 0.0 ], [ 104.998679314000086, -5.414437754999936, 0.0 ], [ 104.998514164000099, -5.414493902999963, 0.0 ], [ 104.99820235200005, -5.413718821999959, 0.0 ], [ 104.997925709000086, -5.413347496999966, 0.0 ], [ 104.997900642000047, -5.413313514, 0.0 ], [ 104.997709726000068, -5.413390859999913, 0.0 ], [ 104.99754589200009, -5.41301837, 0.0 ], [ 104.997481577000102, -5.412835177999943, 0.0 ], [ 104.997276739000114, -5.412224156000013, 0.0 ], [ 104.997241244000023, -5.412139726999955, 0.0 ], [ 104.997332206000095, -5.412115246999972, 0.0 ], [ 104.997973465000129, -5.411924459, 0.0 ], [ 104.998334173000032, -5.411869230999956, 0.0 ], [ 104.998775038000105, -5.41167844099998, 0.0 ], [ 104.999150775000018, -5.411427402, 0.0 ], [ 104.999013225000084, -5.411009953999914, 0.0 ], [ 104.998979982, -5.410485225999929, 0.0 ], [ 104.99892582300005, -5.410295248999931, 0.0 ], [ 104.999783359000034, -5.409996715000011, 0.0 ], [ 104.999747311000078, -5.409716321, 0.0 ], [ 104.99999999900011, -5.409663749999906, 0.0 ], [ 105.000129135000051, -5.409617991999939, 0.0 ], [ 105.000370147000098, -5.409569140999983, 0.0 ], [ 105.000563770000042, -5.409540644999934, 0.0 ], [ 105.000810198000096, -5.409536572999952, 0.0 ], [ 105.001445225000055, -5.409555569999926, 0.0 ], [ 105.001642913000069, -5.409555804999945, 0.0 ], [ 105.001628004000082, -5.408780364999911, 0.0 ], [ 105.001738491000069, -5.408750954999965, 0.0 ], [ 105.001819631000032, -5.408647146, 0.0 ], [ 105.001937023000067, -5.408529495999938, 0.0 ], [ 105.00208894100011, -5.408467209999936, 0.0 ], [ 105.002454927000102, -5.408396265999928, 0.0 ], [ 105.002472877000088, -5.408392477999969, 0.0 ], [ 105.002473305000123, -5.408377385999964, 0.0 ], [ 105.002586696, -5.407889177999982, 0.0 ], [ 105.002969657000065, -5.407625750999946, 0.0 ], [ 105.003132246000106, -5.407192289999964, 0.0 ], [ 105.002193475000055, -5.4072827589999, 0.0 ], [ 105.002175421000075, -5.407138014999914, 0.0 ], [ 105.001791812000036, -5.407144552000011, 0.0 ], [ 105.001502935000119, -5.406758064, 0.0 ], [ 105.00154806700003, -5.406301214999955, 0.0 ], [ 105.001588685000016, -5.405690575999968, 0.0 ], [ 105.001665410000058, -5.404993994999886, 0.0 ], [ 105.0017421350001, -5.404790448, 0.0 ], [ 105.001467624000043, -5.404503770999915, 0.0 ], [ 105.001628375000024, -5.404262182, 0.0 ], [ 105.001484894000043, -5.403986633999937, 0.0 ], [ 105.001511123000085, -5.403337617999972, 0.0 ], [ 105.00035513200001, -5.403400770999957, 0.0 ], [ 105.000588469000036, -5.403040041999953, 0.0 ], [ 105.000752301, -5.402709165000021, 0.0 ], [ 105.00103280200004, -5.402236485, 0.0 ], [ 104.99999999900011, -5.401692507999924, 0.0 ], [ 104.999630191000065, -5.401497730999973, 0.0 ], [ 104.999511752000032, -5.401244625999903, 0.0 ], [ 104.999514452000085, -5.400772642999931, 0.0 ], [ 104.999514452000085, -5.400562564999957, 0.0 ], [ 104.999504884, -5.400337984999938, 0.0 ], [ 104.999498069000055, -5.400150812999906, 0.0 ], [ 104.999450509000027, -5.399810193999967, 0.0 ], [ 104.999354458000084, -5.399369989999959, 0.0 ], [ 104.999300542000057, -5.399092461999912, 0.0 ], [ 104.999319778000057, -5.398792306999946, 0.0 ], [ 104.999189141000073, -5.39826409499994, 0.0 ], [ 104.999065808000083, -5.397893600999927, 0.0 ], [ 104.998958562000013, -5.397662712999919, 0.0 ], [ 104.998779688000042, -5.397394430999926, 0.0 ], [ 104.998442115000088, -5.3972942849999, 0.0 ], [ 104.998207048, -5.397157084999916, 0.0 ], [ 104.99803667300003, -5.397003773999932, 0.0 ], [ 104.997957818000074, -5.396855147999892, 0.0 ], [ 104.99788254700006, -5.396653934999941, 0.0 ], [ 104.997755229000092, -5.396433118999967, 0.0 ], [ 104.99760550700006, -5.396242969999955, 0.0 ], [ 104.997389261000109, -5.396029117999936, 0.0 ], [ 104.997679119000011, -5.396016182999931, 0.0 ], [ 104.998004289, -5.395915161999921, 0.0 ], [ 104.998296441000022, -5.395744418999916, 0.0 ], [ 104.998529676000047, -5.395588900999927, 0.0 ], [ 104.998717617000054, -5.395548925, 0.0 ], [ 104.998808378000021, -5.395552723999954, 0.0 ], [ 104.998949814000085, -5.39559311700001, 0.0 ], [ 104.999125180000121, -5.395672726999935, 0.0 ], [ 104.999192778000022, -5.395609024999905, 0.0 ], [ 104.99929249900002, -5.395443357999964, 0.0 ], [ 104.999394489000011, -5.395093080999937, 0.0 ], [ 104.999435321000107, -5.394797035999956, 0.0 ], [ 104.999448919000073, -5.394669948999921, 0.0 ], [ 104.999455866000034, -5.394545395999918, 0.0 ], [ 104.999448997000087, -5.394395359999939, 0.0 ], [ 104.999419517000049, -5.394262592999967, 0.0 ], [ 104.999379800000042, -5.394165921999962, 0.0 ], [ 104.999338459000086, -5.39409146899993, 0.0 ], [ 104.999267484000072, -5.394009851999927, 0.0 ], [ 104.999141358000116, -5.393902939999963, 0.0 ], [ 104.998995121000107, -5.393791278999961, 0.0 ], [ 104.998905118000025, -5.393692943, 0.0 ], [ 104.998854832000035, -5.393592770999968, 0.0 ], [ 104.998838413000016, -5.393483434999981, 0.0 ], [ 104.998865051000081, -5.393216498999921, 0.0 ], [ 104.998885433000083, -5.39304963599997, 0.0 ], [ 104.99888793300002, -5.392894605999933, 0.0 ], [ 104.998874890000096, -5.39281592, 0.0 ], [ 104.99885151200003, -5.392723337999973, 0.0 ], [ 104.998865991000073, -5.392536826, 0.0 ], [ 104.999094647000078, -5.392544253999988, 0.0 ], [ 104.999106473000083, -5.392480176999927, 0.0 ], [ 104.999135195000051, -5.392353977999965, 0.0 ], [ 104.999224196000043, -5.39212921800002, 0.0 ], [ 104.999314280000036, -5.391874132999964, 0.0 ], [ 104.999394317000096, -5.391623426999915, 0.0 ], [ 104.999436913000068, -5.391489276999918, 0.0 ], [ 104.999500766000011, -5.391352728999989, 0.0 ], [ 104.999553878000057, -5.391289475999907, 0.0 ], [ 104.999614508, -5.391239131999916, 0.0 ], [ 104.999681610000053, -5.391197074999988, 0.0 ], [ 104.999737520000068, -5.391164678999973, 0.0 ], [ 104.999801987000069, -5.391127406999908, 0.0 ], [ 104.999870001000019, -5.391090723999982, 0.0 ], [ 104.9999268400001, -5.391063547999954, 0.0 ], [ 104.99999999900011, -5.391034547999952, 0.0 ], [ 105.000117082000116, -5.390988136999932, 0.0 ], [ 105.000303171000056, -5.39090116799993, 0.0 ], [ 105.000464448000088, -5.39078935, 0.0 ], [ 105.000656742, -5.39060298599995, 0.0 ], [ 105.000830425000075, -5.390404200000022, 0.0 ], [ 105.000933088000039, -5.390247106, 0.0 ], [ 105.001038149000038, -5.390086339999923, 0.0 ], [ 105.001152980000114, -5.389758140999946, 0.0 ], [ 105.001202603000053, -5.389565565999911, 0.0 ], [ 105.001239820000109, -5.389286020999963, 0.0 ], [ 105.001253977000033, -5.389160434999964, 0.0 ], [ 105.001256964000021, -5.388973438999946, 0.0 ], [ 105.001251879000037, -5.388874522000021, 0.0 ], [ 105.001227688000085, -5.388765872, 0.0 ], [ 105.001198366000054, -5.388703472, 0.0 ], [ 105.001164401, -5.388669568999939, 0.0 ], [ 105.001412626000018, -5.388199148999918, 0.0 ], [ 105.001593152000041, -5.387873473999973, 0.0 ], [ 105.001850402000088, -5.387574938999963, 0.0 ], [ 105.002288180000079, -5.387280925999972, 0.0 ], [ 105.002540917000033, -5.387140703999917, 0.0 ], [ 105.002730470000074, -5.387036667999924, 0.0 ], [ 105.002883920000073, -5.387452806999894, 0.0 ], [ 105.003041883, -5.38776943399998, 0.0 ], [ 105.003123121000058, -5.388081537999957, 0.0 ], [ 105.003204360000026, -5.38842078199996, 0.0 ], [ 105.003267547000107, -5.388723839999988, 0.0 ], [ 105.003330735000091, -5.389348048999944, 0.0 ], [ 105.003344276000064, -5.389646583999953, 0.0 ], [ 105.003317198000047, -5.389886316999894, 0.0 ], [ 105.003317200000041, -5.390202943999979, 0.0 ], [ 105.003421005000106, -5.39055123500002, 0.0 ], [ 105.00356091600004, -5.39084976899994, 0.0 ], [ 105.003732419000116, -5.391048790999976, 0.0 ], [ 105.004097990000076, -5.391198055999981, 0.0 ], [ 105.004404888000067, -5.391234239999955, 0.0 ], [ 105.004725326000113, -5.391243283999904, 0.0 ] ] ], [ [ [ 105.041439994000058, -5.387415216999981, 0.0 ], [ 105.043118947000067, -5.388156914999977, 0.0 ], [ 105.043134297000094, -5.388157634999947, 0.0 ], [ 105.042767356000112, -5.388970166999941, 0.0 ], [ 105.042684097000063, -5.389102477999964, 0.0 ], [ 105.041940831000019, -5.389918750999913, 0.0 ], [ 105.041888034000095, -5.390022563999976, 0.0 ], [ 105.041873447000043, -5.390147234999988, 0.0 ], [ 105.041837302000076, -5.3906271, 0.0 ], [ 105.041806006000058, -5.390819249999902, 0.0 ], [ 105.041790735000035, -5.390960276999936, 0.0 ], [ 105.041722392000068, -5.391108635999954, 0.0 ], [ 105.042059739000095, -5.39128106100001, 0.0 ], [ 105.042454407000065, -5.391469401999961, 0.0 ], [ 105.042747328000047, -5.39151293600001, 0.0 ], [ 105.042947678000104, -5.391431763999956, 0.0 ], [ 105.043055994000014, -5.391431756999955, 0.0 ], [ 105.043173340000038, -5.391467933999929, 0.0 ], [ 105.043525388000035, -5.391712164999975, 0.0 ], [ 105.043823275000079, -5.391920212999958, 0.0 ], [ 105.04412116100012, -5.392119215, 0.0 ], [ 105.044202404, -5.392200627999978, 0.0 ], [ 105.044319762000029, -5.392399641999924, 0.0 ], [ 105.044364900000033, -5.392481057999911, 0.0 ], [ 105.044464206000086, -5.392680073999946, 0.0 ], [ 105.044473239000027, -5.39277053799997, 0.0 ], [ 105.044619772000075, -5.395956001999926, 0.0 ], [ 105.044654675000032, -5.396935596999976, 0.0 ], [ 105.045078580846464, -5.398579529586746, 0.0 ], [ 105.044138876000076, -5.399211674999917, 0.0 ], [ 105.043015081, -5.399311266999897, 0.0 ], [ 105.041195363000071, -5.39893144, 0.0 ], [ 105.038639632000169, -5.397402747999903, 0.0 ], [ 105.034454077000063, -5.396000790999901, 0.0 ], [ 105.029968593000021, -5.392545261999894, 0.0 ], [ 105.028373695000127, -5.391676872999897, 0.0 ], [ 105.028302376000084, -5.391645277999947, 0.0 ], [ 105.028292143928283, -5.391641166029983, 0.0 ], [ 105.028664112000087, -5.39131647399992, 0.0 ], [ 105.028924062000016, -5.391092107999919, 0.0 ], [ 105.02948728800007, -5.390632518, 0.0 ], [ 105.029895267000086, -5.390335772999956, 0.0 ], [ 105.03014077900005, -5.3902127279999, 0.0 ], [ 105.03034657400012, -5.39007521099998, 0.0 ], [ 105.03054153800008, -5.389955786999957, 0.0 ], [ 105.030765386000041, -5.389821887999981, 0.0 ], [ 105.031088969000081, -5.389569246999949, 0.0 ], [ 105.031416814000025, -5.389286453, 0.0 ], [ 105.03174606, -5.389002449999948, 0.0 ], [ 105.031881900000059, -5.388856793999976, 0.0 ], [ 105.031981411000032, -5.388768132999923, 0.0 ], [ 105.032096718000062, -5.38868422, 0.0 ], [ 105.032350515000104, -5.388546581999977, 0.0 ], [ 105.032745921000043, -5.388332728999957, 0.0 ], [ 105.032895980000021, -5.388251979999938, 0.0 ], [ 105.033027084000125, -5.388168067000011, 0.0 ], [ 105.033131336000054, -5.3881205669999, 0.0 ], [ 105.033349319000052, -5.388055645999946, 0.0 ], [ 105.033467789000085, -5.388030309999982, 0.0 ], [ 105.033698411000074, -5.388004967000017, 0.0 ], [ 105.034021100000032, -5.387952930999974, 0.0 ], [ 105.034206138000073, -5.387903164999942, 0.0 ], [ 105.034291885000059, -5.387851143, 0.0 ], [ 105.034684520000042, -5.387638527999984, 0.0 ], [ 105.034783808000086, -5.387595550999981, 0.0 ], [ 105.034849249000075, -5.387595546999892, 0.0 ], [ 105.035016237000036, -5.387602322999919, 0.0 ], [ 105.035092960000085, -5.38759327199997, 0.0 ], [ 105.035406619000099, -5.387468863999979, 0.0 ], [ 105.035560064, -5.387412313999919, 0.0 ], [ 105.036575507000094, -5.387061701999952, 0.0 ], [ 105.037324676000082, -5.386767644999958, 0.0 ], [ 105.037455556000083, -5.386731450999983, 0.0 ], [ 105.037771476000017, -5.386697506999928, 0.0 ], [ 105.038324330000108, -5.386541419999981, 0.0 ], [ 105.03873241200003, -5.386391649999934, 0.0 ], [ 105.039150221000057, -5.386238308999948, 0.0 ], [ 105.039977672000035, -5.386619222000023, 0.0 ], [ 105.040091118000092, -5.38667701199992, 0.0 ], [ 105.040240202000092, -5.386737175999924, 0.0 ], [ 105.040438136000034, -5.386816731999934, 0.0 ], [ 105.040672719000085, -5.386890572, 0.0 ], [ 105.041439994000058, -5.387415216999981, 0.0 ] ] ] ] } },
{ "type": "Feature", "properties": { "KDPPUM": null, "NAMOBJ": "AMBARAWA", "REMARK": "Wilayah Administrasi Kecamatan", "KDPBPS": null, "FCODE": null, "LUASWH": 0.0, "UUPP": null, "SRS_ID": null, "LCODE": "BA0080", "METADATA": null, "KDEBPS": null, "KDEPUM": null, "KDCBPS": null, "KDCPUM": null, "KDBBPS": null, "KDBPUM": null, "WADMKD": null, "WIADKD": null, "WADMKC": null, "WIADKC": null, "WADMKK": "PRINGSEWU", "WIADKK": null, "WADMPR": "LAMPUNG", "WIADPR": null, "TIPADM": 0, "Shape_Leng": 0.31796077502999998, "Shape_Area": 0.00273725114 }, "geometry": { "type": "MultiPolygon", "coordinates": [ [ [ [ 104.981953913, -5.384267182999926, 0.0 ], [ 104.981875318000064, -5.384220348999959, 0.0 ], [ 104.981576341000022, -5.38413664099996, 0.0 ], [ 104.981283794000063, -5.384030398999963, 0.0 ], [ 104.980997673000019, -5.384020731999962, 0.0 ], [ 104.980814423000041, -5.384114082999959, 0.0 ], [ 104.980647237000071, -5.384632368999943, 0.0 ], [ 104.980321974000063, -5.385442606999925, 0.0 ], [ 104.9800969180001, -5.385954453, 0.0 ], [ 104.979987602000023, -5.386315, 0.0 ], [ 104.979983032000092, -5.386502729999977, 0.0 ], [ 104.980019530000092, -5.386635232999927, 0.0 ], [ 104.980129034000086, -5.386767736999966, 0.0 ], [ 104.980261354000021, -5.386833991999941, 0.0 ], [ 104.98045071100006, -5.386861412999989, 0.0 ], [ 104.980826924000013, -5.386860392, 0.0 ], [ 104.9814860070001, -5.38681680199994, 0.0 ], [ 104.982004896000049, -5.38676968899995, 0.0 ], [ 104.982189696000063, -5.386753501999943, 0.0 ], [ 104.982300574000078, -5.386785888999958, 0.0 ], [ 104.982351391000023, -5.386852969999913, 0.0 ], [ 104.982395277000109, -5.386957061, 0.0 ], [ 104.982427694000123, -5.387205244000016, 0.0 ], [ 104.982455407000103, -5.387436554999971, 0.0 ], [ 104.982515496000104, -5.387645340999926, 0.0 ], [ 104.982623319000055, -5.387893257000011, 0.0 ], [ 104.982746775000052, -5.388061846000015, 0.0 ], [ 104.982873976000093, -5.388241675999973, 0.0 ], [ 104.983538765000034, -5.388867866999915, 0.0 ], [ 104.983566403000012, -5.388889961999967, 0.0 ], [ 104.983972688000051, -5.389214751999928, 0.0 ], [ 104.984206715000056, -5.389361018999951, 0.0 ], [ 104.984404195000053, -5.389441682999964, 0.0 ], [ 104.984638110000049, -5.389509883999922, 0.0 ], [ 104.984777276000017, -5.389530641999952, 0.0 ], [ 104.984984661000027, -5.389540004999928, 0.0 ], [ 104.985125569000061, -5.389555018999927, 0.0 ], [ 104.985220007000052, -5.389576034999978, 0.0 ], [ 104.98528296500011, -5.389625571, 0.0 ], [ 104.985320440000109, -5.389681110999968, 0.0 ], [ 104.985371237000038, -5.389843581, 0.0 ], [ 104.985407848000051, -5.390207214999977, 0.0 ], [ 104.985395626000113, -5.390547256999957, 0.0 ], [ 104.98527135300013, -5.391041803999931, 0.0 ], [ 104.985028852000042, -5.391711264999989, 0.0 ], [ 104.984753149000056, -5.392522582999971, 0.0 ], [ 104.98454919200006, -5.392953095999887, 0.0 ], [ 104.984356371, -5.393306269999888, 0.0 ], [ 104.984312118000076, -5.393444117999925, 0.0 ], [ 104.984329323000082, -5.393601659999904, 0.0 ], [ 104.98438094300009, -5.393786281, 0.0 ], [ 104.984440078, -5.393977376999905, 0.0 ], [ 104.984444991000061, -5.394154612, 0.0 ], [ 104.984415489000099, -5.394289998000014, 0.0 ], [ 104.984265528000037, -5.394430304999988, 0.0 ], [ 104.98375372600006, -5.394763674999949, 0.0 ], [ 104.983595850000057, -5.394816367999956, 0.0 ], [ 104.983391927000056, -5.394838317999907, 0.0 ], [ 104.983196775000067, -5.394811965999947, 0.0 ], [ 104.983067408000025, -5.394743896, 0.0 ], [ 104.982768314000054, -5.394559648999943, 0.0 ], [ 104.982574692000114, -5.394473471, 0.0 ], [ 104.982410404000021, -5.39442842200001, 0.0 ], [ 104.982236336000099, -5.394418624, 0.0 ], [ 104.982096998000117, -5.394432128999961, 0.0 ], [ 104.981904447, -5.394507568999897, 0.0 ], [ 104.981273779000034, -5.394664029999964, 0.0 ], [ 104.980457279000063, -5.394861642999972, 0.0 ], [ 104.980215835000081, -5.394968806999957, 0.0 ], [ 104.980093866000018, -5.395070991999974, 0.0 ], [ 104.979961941000028, -5.395213054999916, 0.0 ], [ 104.979797788000042, -5.395505454999951, 0.0 ], [ 104.979747990000092, -5.395639451999935, 0.0 ], [ 104.979749130000101, -5.395832151999981, 0.0 ], [ 104.979835713000071, -5.395952204999967, 0.0 ], [ 104.980004440000087, -5.396090045999914, 0.0 ], [ 104.980164289000072, -5.396223439999938, 0.0 ], [ 104.980398033000057, -5.396440931, 0.0 ], [ 104.980551218000116, -5.396654357999976, 0.0 ], [ 104.980615598000028, -5.396801087999949, 0.0 ], [ 104.980644556000115, -5.396959920999945, 0.0 ], [ 104.980708932000113, -5.39722892299991, 0.0 ], [ 104.980773339000024, -5.397416273999957, 0.0 ], [ 104.980862141000088, -5.397585235, 0.0 ], [ 104.981048162000022, -5.397878958999959, 0.0 ], [ 104.981122440000036, -5.398015324999962, 0.0 ], [ 104.981162025000032, -5.398121771999977, 0.0 ], [ 104.981188523000085, -5.398247827999926, 0.0 ], [ 104.981177432000052, -5.39837192999998, 0.0 ], [ 104.981157552000099, -5.398460389000016, 0.0 ], [ 104.981125716000037, -5.398521062999974, 0.0 ], [ 104.980980542000026, -5.39864565499998, 0.0 ], [ 104.980789105000085, -5.398763857, 0.0 ], [ 104.980669115000097, -5.398854242, 0.0 ], [ 104.980581373000035, -5.398951679999898, 0.0 ], [ 104.980549462000056, -5.399077872999948, 0.0 ], [ 104.980539886000059, -5.399191288999917, 0.0 ], [ 104.980490216000035, -5.399407611999964, 0.0 ], [ 104.980432782, -5.39955616899991, 0.0 ], [ 104.980250457000096, -5.399750215999978, 0.0 ], [ 104.980126022000022, -5.399874809999984, 0.0 ], [ 104.97994504100005, -5.399949527999949, 0.0 ], [ 104.979742982000033, -5.400006513999957, 0.0 ], [ 104.979530964000077, -5.400052101, 0.0 ], [ 104.97940859100008, -5.400083443999927, 0.0 ], [ 104.979327482000116, -5.400133309999967, 0.0 ], [ 104.979285099000066, -5.400249076999954, 0.0 ], [ 104.979297274000018, -5.400436106999974, 0.0 ], [ 104.979339904000071, -5.40059670999994, 0.0 ], [ 104.979394840000097, -5.400727631999937, 0.0 ], [ 104.979518678000034, -5.400914664999958, 0.0 ], [ 104.979698522, -5.401110631999918, 0.0 ], [ 104.97975965100008, -5.401247798999988, 0.0 ], [ 104.979777919000085, -5.401351774999975, 0.0 ], [ 104.979784600000102, -5.401389800999924, 0.0 ], [ 104.979718550000058, -5.401740332999973, 0.0 ], [ 104.979652775000034, -5.402063005999937, 0.0 ], [ 104.979505304000085, -5.402539058999979, 0.0 ], [ 104.979297050000085, -5.402876794999946, 0.0 ], [ 104.978975924000068, -5.403322992, 0.0 ], [ 104.978853380000061, -5.403480746999913, 0.0 ], [ 104.978852594000074, -5.40348263699998, 0.0 ], [ 104.978795023000018, -5.403620973999969, 0.0 ], [ 104.978770178, -5.403757735999916, 0.0 ], [ 104.978789136000074, -5.403892124000022, 0.0 ], [ 104.978840086000019, -5.404052810999906, 0.0 ], [ 104.978874855000058, -5.404226918999923, 0.0 ], [ 104.978879817000021, -5.404377810999973, 0.0 ], [ 104.978861570000021, -5.404554359999926, 0.0 ], [ 104.97886156600002, -5.404673746999945, 0.0 ], [ 104.978896336000062, -5.404786501999949, 0.0 ], [ 104.97894601200008, -5.404881018999953, 0.0 ], [ 104.979034832000053, -5.405005726999969, 0.0 ], [ 104.97926602600009, -5.40515698399996, 0.0 ], [ 104.97934000700009, -5.405231067999962, 0.0 ], [ 104.979367746000065, -5.405336016999941, 0.0 ], [ 104.979380074000019, -5.405434793999943, 0.0 ], [ 104.979358209000083, -5.405597328999891, 0.0 ], [ 104.979321210000037, -5.405791791999905, 0.0 ], [ 104.979309191000112, -5.405908969999919, 0.0 ], [ 104.979344361000088, -5.406415445999903, 0.0 ], [ 104.979368558000047, -5.406965284999922, 0.0 ], [ 104.979363952000114, -5.407140303999926, 0.0 ], [ 104.979350151000034, -5.407204785000021, 0.0 ], [ 104.979291885000094, -5.407283080999926, 0.0 ], [ 104.979204016000025, -5.407359873999974, 0.0 ], [ 104.979128314000064, -5.407433727999956, 0.0 ], [ 104.979093372000108, -5.407506610999947, 0.0 ], [ 104.979094378000099, -5.407633477999964, 0.0 ], [ 104.979148723000066, -5.40774232, 0.0 ], [ 104.97923897700008, -5.407821036999939, 0.0 ], [ 104.979378679, -5.407889367999909, 0.0 ], [ 104.979458318000098, -5.407959581999945, 0.0 ], [ 104.979493808000115, -5.408030661999964, 0.0 ], [ 104.979512849000088, -5.408100873, 0.0 ], [ 104.979494435000078, -5.408170815999926, 0.0 ], [ 104.979456706000065, -5.408250726999965, 0.0 ], [ 104.979371821000058, -5.408334142999939, 0.0 ], [ 104.979246070000045, -5.408425425999942, 0.0 ], [ 104.979167475000025, -5.408478936999929, 0.0 ], [ 104.979115601000075, -5.40854503999998, 0.0 ], [ 104.979093562000031, -5.408624535999897, 0.0 ], [ 104.979096701000032, -5.408714249999948, 0.0 ], [ 104.978650323000039, -5.409072828999951, 0.0 ], [ 104.978369237000052, -5.409119715999923, 0.0 ], [ 104.978104570000099, -5.409070961999975, 0.0 ], [ 104.978508634000036, -5.410282095999909, 0.0 ], [ 104.978369183000055, -5.41064386599991, 0.0 ], [ 104.978345744000066, -5.411019041999955, 0.0 ], [ 104.97857996900008, -5.411441120999973, 0.0 ], [ 104.979212407, -5.411722524999986, 0.0 ], [ 104.979434930000124, -5.411839775, 0.0 ], [ 104.979797997000048, -5.411945304999945, 0.0 ], [ 104.980254762000101, -5.412015665, 0.0 ], [ 104.980759613000032, -5.411915120999934, 0.0 ], [ 104.980968523000087, -5.412028817999927, 0.0 ], [ 104.981091145000022, -5.412103855999918, 0.0 ], [ 104.981161537000077, -5.41221754799991, 0.0 ], [ 104.981218745, -5.412435159999974, 0.0 ], [ 104.98128353100013, -5.41290233, 0.0 ], [ 104.981379975000024, -5.413628493999946, 0.0 ], [ 104.981446887000061, -5.414016823999924, 0.0 ], [ 104.981511692000097, -5.414394059999962, 0.0 ], [ 104.981509259000063, -5.414503607999967, 0.0 ], [ 104.981468238000048, -5.414632979000013, 0.0 ], [ 104.981377997000038, -5.414756188, 0.0 ], [ 104.981179266000126, -5.415000212999933, 0.0 ], [ 104.980912978000021, -5.415269760999943, 0.0 ], [ 104.980633059000041, -5.415545042999982, 0.0 ], [ 104.980460182846741, -5.41574483241566, 0.0 ], [ 104.980131996999972, -5.415511, 0.0 ], [ 104.979921997, -5.415322, 0.0 ], [ 104.979703997000087, -5.415094999999871, 0.0 ], [ 104.979475997000051, -5.414824, 0.0 ], [ 104.979000997000099, -5.41494, 0.0 ], [ 104.978623997000085, -5.415054, 0.0 ], [ 104.978331997000083, -5.415170999999853, 0.0 ], [ 104.978109997, -5.415294, 0.0 ], [ 104.977945997000205, -5.41542799999989, 0.0 ], [ 104.977825997000224, -5.415575999999879, 0.0 ], [ 104.977735997000238, -5.415742999999841, 0.0 ], [ 104.977591997000133, -5.416144999999885, 0.0 ], [ 104.977240997000052, -5.417384999999898, 0.0 ], [ 104.977072997000093, -5.417845, 0.0 ], [ 104.976977997000134, -5.418042999999896, 0.0 ], [ 104.976771997000142, -5.418381999999879, 0.0 ], [ 104.976356997000181, -5.418932, 0.0 ], [ 104.976179997000017, -5.419198999999887, 0.0 ], [ 104.976037997000077, -5.419483, 0.0 ], [ 104.975933997000183, -5.419782, 0.0 ], [ 104.975871997000112, -5.420090999999884, 0.0 ], [ 104.975850997000151, -5.420407, 0.0 ], [ 104.975918997000093, -5.42149, 0.0 ], [ 104.97588599700002, -5.421789999999861, 0.0 ], [ 104.975831997000085, -5.421971, 0.0 ], [ 104.975603997000135, -5.422468, 0.0 ], [ 104.975410997000068, -5.422816, 0.0 ], [ 104.974817997000216, -5.423783, 0.0 ], [ 104.974306997000113, -5.424146, 0.0 ], [ 104.973609997, -5.424461999999876, 0.0 ], [ 104.972790997000089, -5.424735, 0.0 ], [ 104.971916997000079, -5.424969999999897, 0.0 ], [ 104.969615997000204, -5.425502999999855, 0.0 ], [ 104.969174997000138, -5.42564, 0.0 ], [ 104.968906997000076, -5.426185999999879, 0.0 ], [ 104.968497997000071, -5.427096, 0.0 ], [ 104.968349997, -5.427474, 0.0 ], [ 104.968146997000161, -5.428114999999879, 0.0 ], [ 104.968042997000083, -5.428649, 0.0 ], [ 104.968006997000131, -5.429122999999882, 0.0 ], [ 104.96801399700017, -5.429553, 0.0 ], [ 104.968066997000022, -5.430485999999858, 0.0 ], [ 104.9680249970002, -5.430990999999898, 0.0 ], [ 104.967942997000065, -5.43132999999988, 0.0 ], [ 104.967883996999987, -5.431504999999882, 0.0 ], [ 104.967722996999981, -5.431872999999866, 0.0 ], [ 104.96750399699998, -5.432277, 0.0 ], [ 104.967076997000092, -5.432968, 0.0 ], [ 104.96613499700014, -5.434399999999874, 0.0 ], [ 104.965693997000145, -5.435018, 0.0 ], [ 104.965226997000144, -5.4356, 0.0 ], [ 104.964984997000201, -5.435865999999846, 0.0 ], [ 104.96449499700006, -5.436328999999875, 0.0 ], [ 104.964457325736802, -5.436358793835451, 0.0 ], [ 104.964339415000069, -5.436353075999913, 0.0 ], [ 104.964340886000102, -5.436425845999983, 0.0 ], [ 104.964269329000047, -5.436422375999962, 0.0 ], [ 104.964271023326063, -5.436506138599308, 0.0 ], [ 104.964011997000156, -5.436711, 0.0 ], [ 104.962996997000104, -5.437412999999859, 0.0 ], [ 104.962712997000054, -5.437628999999879, 0.0 ], [ 104.962493997000053, -5.437822999999854, 0.0 ], [ 104.962264997000119, -5.438089, 0.0 ], [ 104.962164997000102, -5.438262, 0.0 ], [ 104.962087997000125, -5.438451999999851, 0.0 ], [ 104.962078522278148, -5.438484871484407, 0.0 ], [ 104.962021370000031, -5.438463408, 0.0 ], [ 104.961874723000065, -5.438349412999978, 0.0 ], [ 104.961775969000072, -5.438301041999972, 0.0 ], [ 104.961653598000069, -5.438269865999969, 0.0 ], [ 104.961560209000069, -5.438267710999968, 0.0 ], [ 104.961451791000073, -5.438279525999969, 0.0 ], [ 104.961357970000037, -5.438313037999899, 0.0 ], [ 104.961278487000115, -5.438337519999971, 0.0 ], [ 104.961200532000063, -5.438343636999944, 0.0 ], [ 104.960946804000031, -5.438314541999935, 0.0 ], [ 104.960458804000069, -5.43824507299996, 0.0 ], [ 104.960168131000088, -5.438194606999959, 0.0 ], [ 104.959807647, -5.438098896999945, 0.0 ], [ 104.959718544000097, -5.438081969999965, 0.0 ], [ 104.95962176000009, -5.438097345, 0.0 ], [ 104.959549554000063, -5.438120414999949, 0.0 ], [ 104.959498857000128, -5.438152710999956, 0.0 ], [ 104.959395923000045, -5.438226535999936, 0.0 ], [ 104.959190261000089, -5.438388417999919, 0.0 ], [ 104.959108189000048, -5.43845141099998, 0.0 ], [ 104.959026116000089, -5.438484273999945, 0.0 ], [ 104.958915322000081, -5.438491113999889, 0.0 ], [ 104.958805896000086, -5.438485628999969, 0.0 ], [ 104.958627598000078, -5.438497307999958, 0.0 ], [ 104.958421788000095, -5.433941080999917, 0.0 ], [ 104.956871116000045, -5.433691036999923, 0.0 ], [ 104.957596731000038, -5.431559470999948, 0.0 ], [ 104.956407245000037, -5.431316737999937, 0.0 ], [ 104.956169373000066, -5.431231679999916, 0.0 ], [ 104.955778576000071, -5.431227399, 0.0 ], [ 104.955532210000015, -5.43112108, 0.0 ], [ 104.955077712000076, -5.430874427999933, 0.0 ], [ 104.95491630500004, -5.430742601999951, 0.0 ], [ 104.954572243000086, -5.430602258999974, 0.0 ], [ 104.954470297000086, -5.430580991999902, 0.0 ], [ 104.954393841000069, -5.430534212999939, 0.0 ], [ 104.954151719000023, -5.430478917999983, 0.0 ], [ 104.954007294000064, -5.430478906999982, 0.0 ], [ 104.953947826000018, -5.430461895, 0.0 ], [ 104.953845884000117, -5.430398105999958, 0.0 ], [ 104.953960203000065, -5.429902183999959, 0.0 ], [ 104.953938977000092, -5.429736352999916, 0.0 ], [ 104.954032457000011, -5.429357927999957, 0.0 ], [ 104.952911054000126, -5.429045994, 0.0 ], [ 104.952991839000063, -5.427705021999975, 0.0 ], [ 104.949512224000017, -5.428178078999947, 0.0 ], [ 104.9471538640001, -5.428623806999967, 0.0 ], [ 104.947149570000107, -5.428528567999903, 0.0 ], [ 104.947127459000058, -5.428466823999946, 0.0 ], [ 104.947110086000038, -5.428419328999924, 0.0 ], [ 104.9470785, -5.428332252999914, 0.0 ], [ 104.94703112100008, -5.428189766999937, 0.0 ], [ 104.94700901100002, -5.428118524, 0.0 ], [ 104.946966366000041, -5.428033030999936, 0.0 ], [ 104.946923718000065, -5.427980782999965, 0.0 ], [ 104.946873171000064, -5.427933284999943, 0.0 ], [ 104.946830521, -5.427904783999983, 0.0 ], [ 104.946778393000031, -5.427879450000018, 0.0 ], [ 104.946669399000072, -5.427805033, 0.0 ], [ 104.946610953000032, -5.427768614999907, 0.0 ], [ 104.946533552000034, -5.427703699999954, 0.0 ], [ 104.946473528000041, -5.427645119, 0.0 ], [ 104.946359798000046, -5.427537454999966, 0.0 ], [ 104.946261862000114, -5.427475703999919, 0.0 ], [ 104.946154446, -5.427423450999948, 0.0 ], [ 104.946073883000096, -5.427393363999945, 0.0 ], [ 104.945985420000056, -5.427374358999971, 0.0 ], [ 104.945922233000076, -5.427355355, 0.0 ], [ 104.945860629000038, -5.427311021999971, 0.0 ], [ 104.945835358000082, -5.427260358999954, 0.0 ], [ 104.945819567000015, -5.427190699999963, 0.0 ], [ 104.945799036000011, -5.427122622999926, 0.0 ], [ 104.94575165, -5.427062459999922, 0.0 ], [ 104.945693203000047, -5.427038706999911, 0.0 ], [ 104.945639495000037, -5.427018121999895, 0.0 ], [ 104.945569994000067, -5.426945291, 0.0 ], [ 104.94552734700008, -5.426885128, 0.0 ], [ 104.945475219000031, -5.426850294999953, 0.0 ], [ 104.945416771000083, -5.426837623999971, 0.0 ], [ 104.945310931000037, -5.426826532999941, 0.0 ], [ 104.945255644000071, -5.426798030999981, 0.0 ], [ 104.945209835000099, -5.426771113999974, 0.0 ], [ 104.945143489000117, -5.426748943999916, 0.0 ], [ 104.945069244000109, -5.426733105999938, 0.0 ], [ 104.944996578000044, -5.426725183, 0.0 ], [ 104.944908115, -5.426714092999964, 0.0 ], [ 104.94478963800006, -5.426698250999985, 0.0 ], [ 104.944702755000066, -5.426676078999927, 0.0 ], [ 104.944617456000032, -5.426622245, 0.0 ], [ 104.944552692000087, -5.426571577999896, 0.0 ], [ 104.944510044000111, -5.426524079999963, 0.0 ], [ 104.944465817, -5.426468666999908, 0.0 ], [ 104.944410534000056, -5.426394253999968, 0.0 ], [ 104.944353672000048, -5.426313508999948, 0.0 ], [ 104.944311026000079, -5.426243846999958, 0.0 ], [ 104.944274700000094, -5.426166269999934, 0.0 ], [ 104.944219419000049, -5.426069692999937, 0.0 ], [ 104.94417045200008, -5.426028527, 0.0 ], [ 104.94408198900004, -5.426015853999923, 0.0 ], [ 104.944007743000029, -5.426012681000016, 0.0 ], [ 104.943927178000109, -5.426006340999935, 0.0 ], [ 104.943849774000014, -5.425990501999957, 0.0 ], [ 104.943766054000022, -5.425939833999939, 0.0 ], [ 104.943687073000049, -5.425886, 0.0 ], [ 104.94362230900002, -5.425838499999903, 0.0 ], [ 104.943574924000103, -5.425778335999988, 0.0 ], [ 104.94354649800006, -5.425681762, 0.0 ], [ 104.943540185000074, -5.42561527, 0.0 ], [ 104.94353861300003, -5.425537695999973, 0.0 ], [ 104.943525980000047, -5.425482284999918, 0.0 ], [ 104.943497549000099, -5.42543795499998, 0.0 ], [ 104.943453321000078, -5.425396788999949, 0.0 ], [ 104.943388556000045, -5.425363536999951, 0.0 ], [ 104.943311156000036, -5.425309702999938, 0.0 ], [ 104.943252713000092, -5.425236872999951, 0.0 ], [ 104.943200590000032, -5.425159294999927, 0.0 ], [ 104.943151628000066, -5.425065885000015, 0.0 ], [ 104.943116879000044, -5.425010471999959, 0.0 ], [ 104.943053694000056, -5.424975636999919, 0.0 ], [ 104.942960496000069, -5.424931299999981, 0.0 ], [ 104.942919428000039, -5.424883801999959, 0.0 ], [ 104.94287836300002, -5.424804641999982, 0.0 ], [ 104.94284203200003, -5.424772975999938, 0.0 ], [ 104.942786743000084, -5.424765055, 0.0 ], [ 104.94273303000007, -5.424795129, 0.0 ], [ 104.942688796000056, -5.424820454999958, 0.0 ], [ 104.942647723000036, -5.424823617999953, 0.0 ], [ 104.942592437000073, -5.424788782999913, 0.0 ], [ 104.942532414000084, -5.424720702999965, 0.0 ], [ 104.942475553000094, -5.424639956999945, 0.0 ], [ 104.942398157000085, -5.42453862899991, 0.0 ], [ 104.942325498000017, -5.424453132999941, 0.0 ], [ 104.942257577000078, -5.424391383999895, 0.0 ], [ 104.942188074000015, -5.424348633, 0.0 ], [ 104.942115409000039, -5.424323295999946, 0.0 ], [ 104.941936906000109, -5.424286865999951, 0.0 ], [ 104.941867399000046, -5.424288443, 0.0 ], [ 104.941813687000035, -5.424305852000012, 0.0 ], [ 104.941737859000071, -5.424323258999943, 0.0 ], [ 104.941654135000064, -5.424326416999937, 0.0 ], [ 104.941568831000026, -5.424323242999941, 0.0 ], [ 104.941331879000046, -5.424275726, 0.0 ], [ 104.941214986000062, -5.424225053999988, 0.0 ], [ 104.941115471000089, -5.424158552999904, 0.0 ], [ 104.941023855000054, -5.424087302999959, 0.0 ], [ 104.940955930000115, -5.424061966, 0.0 ], [ 104.940884843, -5.424060375999952, 0.0 ], [ 104.940801117, -5.424074615999887, 0.0 ], [ 104.940703174000078, -5.424090437999952, 0.0 ], [ 104.940636827, -5.42408884799991, 0.0 ], [ 104.940591016000042, -5.424074594999974, 0.0 ], [ 104.940559429000089, -5.424004933999894, 0.0 ], [ 104.940551538000051, -5.423928943, 0.0 ], [ 104.940551545000062, -5.423856117999927, 0.0 ], [ 104.940554711000047, -5.423791209999974, 0.0 ], [ 104.940562615, -5.423731051999971, 0.0 ], [ 104.94056420000004, -5.423677224999958, 0.0 ], [ 104.940548408000069, -5.423626562999941, 0.0 ], [ 104.940513657000025, -5.423605978999925, 0.0 ], [ 104.940469425000103, -5.423601224999976, 0.0 ], [ 104.940395180000081, -5.423594884999984, 0.0 ], [ 104.940327253000063, -5.423588546, 0.0 ], [ 104.940271967000015, -5.423550544999957, 0.0 ], [ 104.940230900000088, -5.423496714999944, 0.0 ], [ 104.940207208000075, -5.423458717, 0.0 ], [ 104.940177195000075, -5.423450797999964, 0.0 ], [ 104.940125063000025, -5.423461874999903, 0.0 ], [ 104.940090306000087, -5.423498283999985, 0.0 ], [ 104.940047649000107, -5.423552105999908, 0.0 ], [ 104.94001763300011, -5.423566351999932, 0.0 ], [ 104.939990779000112, -5.423556849999946, 0.0 ], [ 104.939967088000103, -5.423515686, 0.0 ], [ 104.939962354000073, -5.423463441999944, 0.0 ], [ 104.939956041000073, -5.423401698999987, 0.0 ], [ 104.939911814000055, -5.423355784, 0.0 ], [ 104.939858105000056, -5.423347862999973, 0.0 ], [ 104.939782279, -5.423351021999968, 0.0 ], [ 104.939706452000038, -5.423358929999912, 0.0 ], [ 104.939630625000063, -5.423366837999945, 0.0 ], [ 104.939527945000094, -5.423365244, 0.0 ], [ 104.93935891600006, -5.423363643999947, 0.0 ], [ 104.939245178000064, -5.42336046699995, 0.0 ], [ 104.939136179000101, -5.423354122999958, 0.0 ], [ 104.939035079000078, -5.423344613999971, 0.0 ], [ 104.938946617000042, -5.423331939999988, 0.0 ], [ 104.938873951000076, -5.423328766999903, 0.0 ], [ 104.938798124000101, -5.423336674999936, 0.0 ], [ 104.938730195000076, -5.423357248999951, 0.0 ], [ 104.938569059000073, -5.423420557999949, 0.0 ], [ 104.938480593000037, -5.423439545999921, 0.0 ], [ 104.938409507000102, -5.423431622999976, 0.0 ], [ 104.938370016000121, -5.423415787999909, 0.0 ], [ 104.938317886000078, -5.423412615999913, 0.0 ], [ 104.938221520000099, -5.423458517999981, 0.0 ], [ 104.938137786000098, -5.423547164999944, 0.0 ], [ 104.938044577000113, -5.423616812999933, 0.0 ], [ 104.937941891000051, -5.423661129999958, 0.0 ], [ 104.937823410000107, -5.423692780999913, 0.0 ], [ 104.937760222000023, -5.423691190999959, 0.0 ], [ 104.937638585000087, -5.423691178999958, 0.0 ], [ 104.937569075000027, -5.423719667999917, 0.0 ], [ 104.937505877000035, -5.423811483999964, 0.0 ], [ 104.937475849000037, -5.423941297999958, 0.0 ], [ 104.937463204000053, -5.424018869999982, 0.0 ], [ 104.937414226000087, -5.424083773999934, 0.0 ], [ 104.937368408000026, -5.424145510999979, 0.0 ], [ 104.937379458000052, -5.424221502999961, 0.0 ], [ 104.937412626000039, -5.42427849899997, 0.0 ], [ 104.937412623000043, -5.424314910999962, 0.0 ], [ 104.937357330000083, -5.424344984999964, 0.0 ], [ 104.937272026000045, -5.424341809999968, 0.0 ], [ 104.937205678000069, -5.424343386, 0.0 ], [ 104.937134588000049, -5.424373459000011, 0.0 ], [ 104.937104569000041, -5.424422532999897, 0.0 ], [ 104.937101401000049, -5.424501688999962, 0.0 ], [ 104.937109288000087, -5.424609342999899, 0.0 ], [ 104.937134551000042, -5.424735996999987, 0.0 ], [ 104.937142441000077, -5.424818320999959, 0.0 ], [ 104.937131374000046, -5.424905391999969, 0.0 ], [ 104.937072918000098, -5.424971877999964, 0.0 ], [ 104.937004983000065, -5.425044694999949, 0.0 ], [ 104.936990757000046, -5.42512701700001, 0.0 ], [ 104.937004968000068, -5.425185593999972, 0.0 ], [ 104.937042878000099, -5.425209344999894, 0.0 ], [ 104.93710606500008, -5.425225182999961, 0.0 ], [ 104.937167671000026, -5.425248936999973, 0.0 ], [ 104.937211898000044, -5.425296435999906, 0.0 ], [ 104.937226109000065, -5.425359762, 0.0 ], [ 104.937226099000071, -5.42546108299994, 0.0 ], [ 104.937208711000054, -5.425568734999965, 0.0 ], [ 104.937150249000098, -5.425692212999968, 0.0 ], [ 104.937094951000049, -5.425772947999986, 0.0 ], [ 104.937023856000025, -5.425845763999972, 0.0 ], [ 104.936943284000023, -5.425913830999919, 0.0 ], [ 104.936835852000016, -5.426024638999939, 0.0 ], [ 104.936766334000126, -5.426129118999969, 0.0 ], [ 104.936734730000083, -5.426217770999932, 0.0 ], [ 104.936693644000059, -5.426352333999963, 0.0 ], [ 104.936674676000095, -5.426459984999989, 0.0 ], [ 104.936663609000064, -5.426543889999914, 0.0 ], [ 104.93664148500001, -5.426626210999887, 0.0 ], [ 104.936597244000083, -5.42670378, 0.0 ], [ 104.936521183000096, -5.42679695099998, 0.0 ], [ 104.936451227000077, -5.426772065999964, 0.0 ], [ 104.936408349, -5.426772060999964, 0.0 ], [ 104.936347416000018, -5.426778839999903, 0.0 ], [ 104.936327105000018, -5.426787883999941, 0.0 ], [ 104.936275199000079, -5.426794662999969, 0.0 ], [ 104.936239093000026, -5.426783350999921, 0.0 ], [ 104.936200733000049, -5.426740376999918, 0.0 ], [ 104.936178169000044, -5.426706449999953, 0.0 ], [ 104.936148837000104, -5.426654428999912, 0.0 ], [ 104.936094679000064, -5.426618237999937, 0.0 ], [ 104.936040518000112, -5.426611447, 0.0 ], [ 104.935947992000095, -5.426615960999927, 0.0 ], [ 104.935896084000063, -5.426638570999932, 0.0 ], [ 104.935830636000063, -5.426667964999966, 0.0 ], [ 104.935758420000042, -5.426677003999915, 0.0 ], [ 104.93570651600001, -5.426663428999946, 0.0 ], [ 104.935650102000054, -5.426620451999943, 0.0 ], [ 104.935586916000062, -5.426597828999936, 0.0 ], [ 104.935535011000027, -5.426602346999955, 0.0 ], [ 104.935487617000021, -5.42662721999997, 0.0 ], [ 104.935449250000048, -5.426654354999906, 0.0 ], [ 104.935338660000042, -5.426749330999948, 0.0 ], [ 104.935246127000113, -5.426812646999947, 0.0 ], [ 104.935182935000029, -5.426839779999971, 0.0 ], [ 104.935140057000041, -5.426842036999981, 0.0 ], [ 104.935115234000122, -5.426835248999952, 0.0 ], [ 104.935092673000028, -5.426771920999952, 0.0 ], [ 104.935085909000094, -5.426717642, 0.0 ], [ 104.935085915000087, -5.426663362999941, 0.0 ], [ 104.935083663000086, -5.426618129999929, 0.0 ], [ 104.93508141100007, -5.426575159000015, 0.0 ], [ 104.935063360000086, -5.42654349399997, 0.0 ], [ 104.935054334000057, -5.426534446999932, 0.0 ], [ 104.935024997000113, -5.426534443999932, 0.0 ], [ 104.934968577000063, -5.426550269, 0.0 ], [ 104.934923439000059, -5.426575141999924, 0.0 ], [ 104.934869275000011, -5.426602275999949, 0.0 ], [ 104.934801571, -5.426624883999954, 0.0 ], [ 104.934731612000078, -5.426627138999963, 0.0 ], [ 104.934630060000117, -5.426618080999924, 0.0 ], [ 104.93453076600008, -5.426597715999927, 0.0 ], [ 104.934449526, -5.426572828999911, 0.0 ], [ 104.934307364000063, -5.426464255999987, 0.0 ], [ 104.934250954000021, -5.42638735399993, 0.0 ], [ 104.934205828000103, -5.426305930999943, 0.0 ], [ 104.934185524000014, -5.426244864999953, 0.0 ], [ 104.934178759000076, -5.426190585, 0.0 ], [ 104.93417199200006, -5.426163444999967, 0.0 ], [ 104.934156198000082, -5.426138564999951, 0.0 ], [ 104.934129119000062, -5.426115945999944, 0.0 ], [ 104.934086244000071, -5.426093324999938, 0.0 ], [ 104.934041111000056, -5.426082011999979, 0.0 ], [ 104.933964383000017, -5.42607295699994, 0.0 ], [ 104.933894425000091, -5.426068426999921, 0.0 ], [ 104.933833493000023, -5.426063897, 0.0 ], [ 104.933797386000052, -5.426063892999901, 0.0 ], [ 104.93373645300008, -5.426072931999938, 0.0 ], [ 104.933630387000093, -5.426072920999937, 0.0 ], [ 104.933526579000031, -5.426059339999968, 0.0 ], [ 104.933443082000053, -5.426036713999961, 0.0 ], [ 104.933341535000082, -5.425986946999929, 0.0 ], [ 104.93331897200008, -5.425948496999945, 0.0 ], [ 104.933318976000081, -5.425910049999962, 0.0 ], [ 104.933377654000054, -5.425880654999927, 0.0 ], [ 104.933420532000056, -5.425876135999909, 0.0 ], [ 104.933470183000068, -5.425855786999913, 0.0 ], [ 104.93350629400004, -5.425821866999948, 0.0 ], [ 104.933513069000071, -5.425776634999936, 0.0 ], [ 104.933508562000057, -5.425717831999956, 0.0 ], [ 104.933490513000066, -5.425674859999953, 0.0 ], [ 104.933440868000048, -5.425647714999927, 0.0 ], [ 104.933384450000091, -5.425640923999898, 0.0 ], [ 104.933328034000041, -5.425620562999901, 0.0 ], [ 104.933309988000047, -5.425550449999962, 0.0 ], [ 104.93329419700008, -5.425493908, 0.0 ], [ 104.933251323, -5.425459978999937, 0.0 ], [ 104.933215218000029, -5.42544188199995, 0.0 ], [ 104.933156544000056, -5.425430567, 0.0 ], [ 104.933120436000095, -5.425432825, 0.0 ], [ 104.933075300000084, -5.425444127999958, 0.0 ], [ 104.933032419000085, -5.425475785999913, 0.0 ], [ 104.93298050900006, -5.425518751, 0.0 ], [ 104.932878952000095, -5.425559448999907, 0.0 ], [ 104.932824790000055, -5.425563966000015, 0.0 ], [ 104.932763859000076, -5.425559436, 0.0 ], [ 104.932714215000047, -5.425527767999951, 0.0 ], [ 104.932657802000094, -5.425475745, 0.0 ], [ 104.932612670000083, -5.425450861999893, 0.0 ], [ 104.932560766000051, -5.425448593999972, 0.0 ], [ 104.932488550000031, -5.425453108999902, 0.0 ], [ 104.932434386000082, -5.425477981, 0.0 ], [ 104.932389249000082, -5.425500591999922, 0.0 ], [ 104.932339599000059, -5.425516417999988, 0.0 ], [ 104.93208909400002, -5.425584238999916, 0.0 ], [ 104.932014620000075, -5.425602324, 0.0 ], [ 104.931913068000114, -5.425597788999971, 0.0 ], [ 104.931858907000077, -5.425590997999942, 0.0 ], [ 104.931791208000064, -5.425572896999954, 0.0 ], [ 104.931696425000041, -5.425575147999963, 0.0 ], [ 104.931621950000093, -5.425595493999959, 0.0 ], [ 104.931567784000052, -5.425636197999951, 0.0 ], [ 104.931452684000121, -5.42569950999995, 0.0 ], [ 104.93139852200008, -5.425699503999949, 0.0 ], [ 104.931339850000114, -5.425676880999942, 0.0 ], [ 104.931319543000114, -5.425647476999908, 0.0 ], [ 104.931306004000064, -5.425636167999949, 0.0 ], [ 104.931247329000101, -5.425633899999939, 0.0 ], [ 104.931139004000016, -5.425649719, 0.0 ], [ 104.931107408000059, -5.425672330999921, 0.0 ], [ 104.9310487260001, -5.42572886499998, 0.0 ], [ 104.930983269000095, -5.425832891999972, 0.0 ], [ 104.930958435, -5.425918830999978, 0.0 ], [ 104.930949399000042, -5.426002509999973, 0.0 ], [ 104.930926819000049, -5.426113326999905, 0.0 ], [ 104.930886185000062, -5.426230926999954, 0.0 ], [ 104.930838781000048, -5.426334955999947, 0.0 ], [ 104.930759785000077, -5.4264299349999, 0.0 ], [ 104.930678539000013, -5.426463849999953, 0.0 ], [ 104.930604061000068, -5.426509073999965, 0.0 ], [ 104.930601797000065, -5.426572399999964, 0.0 ], [ 104.930613076000014, -5.426619894999897, 0.0 ], [ 104.930635638000112, -5.426660606999979, 0.0 ], [ 104.930642405000043, -5.426694531999944, 0.0 ], [ 104.930601781000064, -5.42671714399995, 0.0 ], [ 104.930527308000123, -5.426721657999968, 0.0 ], [ 104.930446063000062, -5.426746526999983, 0.0 ], [ 104.930405436000072, -5.426794016, 0.0 ], [ 104.930317415000076, -5.426868639999961, 0.0 ], [ 104.930258740000099, -5.426866370999951, 0.0 ], [ 104.930197811000127, -5.426846009999954, 0.0 ], [ 104.93016396200008, -5.426825650999957, 0.0 ], [ 104.930139138000058, -5.426823386999947, 0.0 ], [ 104.930073691000061, -5.426839210000013, 0.0 ], [ 104.930026298000058, -5.426859559, 0.0 ], [ 104.929969874000093, -5.426902523999923, 0.0 ], [ 104.929895397000053, -5.426945485999925, 0.0 ], [ 104.929818667000106, -5.426954523999962, 0.0 ], [ 104.929746451000085, -5.426956776999971, 0.0 ], [ 104.929703573000083, -5.426963557, 0.0 ], [ 104.929640381000098, -5.426992949999944, 0.0 ], [ 104.92956815900007, -5.427047221, 0.0 ], [ 104.92949819100005, -5.42712410799996, 0.0 ], [ 104.929441766000096, -5.427185164999949, 0.0 ], [ 104.929367279000061, -5.427311807999947, 0.0 ], [ 104.929367270000057, -5.427384178999985, 0.0 ], [ 104.929371779000078, -5.427429412, 0.0 ], [ 104.929385314000044, -5.427470123, 0.0 ], [ 104.929414645000065, -5.427528928999971, 0.0 ], [ 104.929414640000076, -5.427569637999964, 0.0 ], [ 104.929396583000084, -5.42759903699991, 0.0 ], [ 104.929367244000062, -5.427610341999957, 0.0 ], [ 104.929288258, -5.427610332999956, 0.0 ], [ 104.929225071000104, -5.427599017, 0.0 ], [ 104.929150600000071, -5.427585438999939, 0.0 ], [ 104.929087414, -5.427567337999951, 0.0 ], [ 104.928997149000082, -5.427528879999967, 0.0 ], [ 104.928809848000029, -5.427463270999956, 0.0 ], [ 104.928681216000044, -5.427445162999968, 0.0 ], [ 104.928536784000087, -5.427447406999976, 0.0 ], [ 104.928414920000037, -5.427454177999914, 0.0 ], [ 104.928279513000035, -5.427474516, 0.0 ], [ 104.928096712000098, -5.427526511999949, 0.0 ], [ 104.92800418300007, -5.427551378999963, 0.0 ], [ 104.927895854000084, -5.427598859999895, 0.0 ], [ 104.927767210000098, -5.427684785999899, 0.0 ], [ 104.927631796000085, -5.427766188999973, 0.0 ], [ 104.92752121000008, -5.427811407999984, 0.0 ], [ 104.927446734000043, -5.427843061999939, 0.0 ], [ 104.927403851000051, -5.427886026999941, 0.0 ], [ 104.927390303, -5.42794482800001, 0.0 ], [ 104.927390297000088, -5.427999106999971, 0.0 ], [ 104.927406088000055, -5.428053387999933, 0.0 ], [ 104.927433165000082, -5.428085053999977, 0.0 ], [ 104.92748055, -5.428137077000018, 0.0 ], [ 104.927500854000087, -5.42819135799998, 0.0 ], [ 104.927491806000049, -5.42837002499993, 0.0 ], [ 104.927487289000027, -5.428399425999965, 0.0 ], [ 104.927460203000095, -5.428442392999967, 0.0 ], [ 104.927399265000119, -5.428487618999979, 0.0 ], [ 104.927315763000053, -5.428514747999914, 0.0 ], [ 104.927178094000027, -5.428578056999912, 0.0 ], [ 104.927099101000067, -5.428636849999981, 0.0 ], [ 104.927020105000096, -5.428720519999976, 0.0 ], [ 104.92693823900008, -5.428783589999954, 0.0 ], [ 104.926837639000013, -5.428832817999941, 0.0 ], [ 104.92670056300004, -5.428877805999933, 0.0 ], [ 104.926574722000012, -5.428912669999976, 0.0 ], [ 104.926467538000026, -5.428944398999937, 0.0 ], [ 104.926106450000091, -5.429023512, 0.0 ], [ 104.925705875000077, -5.429051732999936, 0.0 ], [ 104.925350439000056, -5.429046034999908, 0.0 ], [ 104.925079634000042, -5.429012076999941, 0.0 ], [ 104.924887815000062, -5.428978128999974, 0.0 ], [ 104.924746768000034, -5.428989419999931, 0.0 ], [ 104.924588777000011, -5.429142059999949, 0.0 ], [ 104.92454361900009, -5.429322984, 0.0 ], [ 104.924588721000092, -5.429588729999958, 0.0 ], [ 104.924763587000086, -5.429848838999897, 0.0 ], [ 104.924977942000055, -5.43013156800002, 0.0 ], [ 104.925068155000062, -5.430595211999924, 0.0 ], [ 104.924910148000052, -5.430877894999954, 0.0 ], [ 104.924605461000056, -5.431081402999917, 0.0 ], [ 104.924391062000083, -5.431149224999933, 0.0 ], [ 104.924187932000066, -5.43133012999998, 0.0 ], [ 104.924052486000051, -5.431652394, 0.0 ], [ 104.92389448000003, -5.431923768999981, 0.0 ], [ 104.923654153000129, -5.432191294999912, 0.0 ], [ 104.923217396000055, -5.432387315999966, 0.0 ], [ 104.922816818000044, -5.432421188999927, 0.0 ], [ 104.92248957700005, -5.432511611999947, 0.0 ], [ 104.92220181600004, -5.432703812999952, 0.0 ], [ 104.921970482000091, -5.432833825999962, 0.0 ], [ 104.921688387000103, -5.432833789999959, 0.0 ], [ 104.921366804000058, -5.432799824, 0.0 ], [ 104.921107289000076, -5.432714978999988, 0.0 ], [ 104.920802650000013, -5.432534008999935, 0.0 ], [ 104.920701106000038, -5.432460492999981, 0.0 ], [ 104.920582649000011, -5.432290855999979, 0.0 ], [ 104.92049240900009, -5.432059027999982, 0.0 ], [ 104.920407810000114, -5.43183285399992, 0.0 ], [ 104.920283715000053, -5.431634945999976, 0.0 ], [ 104.920137058000094, -5.431397455999955, 0.0 ], [ 104.919967822000032, -5.43123911999991, 0.0 ], [ 104.919770369000034, -5.431142974999949, 0.0 ], [ 104.919572911000046, -5.431086407999976, 0.0 ], [ 104.919414941000028, -5.431069425, 0.0 ], [ 104.919290820000057, -5.431069409, 0.0 ], [ 104.919036932000012, -5.431097644999928, 0.0 ], [ 104.918867673000051, -5.431120237999933, 0.0 ], [ 104.918771760000098, -5.431125879999955, 0.0 ], [ 104.918630734000075, -5.430973200999935, 0.0 ], [ 104.918405084000057, -5.430792240999972, 0.0 ], [ 104.918139933000049, -5.430667815999891, 0.0 ], [ 104.917818360000084, -5.430565999, 0.0 ], [ 104.917502429000066, -5.430469836999942, 0.0 ], [ 104.917220342000078, -5.430418911, 0.0 ], [ 104.9169608240001, -5.430362336000018, 0.0 ], [ 104.916701308000128, -5.430294451, 0.0 ], [ 104.916458729000041, -5.430141757999975, 0.0 ], [ 104.916306423000051, -5.429966460999948, 0.0 ], [ 104.916131538000059, -5.429870317999898, 0.0 ], [ 104.915939712000082, -5.429892907999902, 0.0 ], [ 104.915646329000054, -5.429938099, 0.0 ], [ 104.915431938000083, -5.429938068999908, 0.0 ], [ 104.915296542000064, -5.429875856, 0.0 ], [ 104.915200651000035, -5.429734490999939, 0.0 ], [ 104.915178100000034, -5.42961009899995, 0.0 ], [ 104.915110440000035, -5.429310423999935, 0.0 ], [ 104.914969417000094, -5.429146436999956, 0.0 ], [ 104.91465914200009, -5.428954154999944, 0.0 ], [ 104.914484249000097, -5.428925859999913, 0.0 ], [ 104.914337546000027, -5.429027611999983, 0.0 ], [ 104.91408927, -5.429270700999934, 0.0 ], [ 104.913886150000081, -5.42936679099998, 0.0 ], [ 104.913688695000076, -5.429298913999959, 0.0 ], [ 104.913468687, -5.429129260999956, 0.0 ], [ 104.913333290000068, -5.429072700999983, 0.0 ], [ 104.913192242000036, -5.42908398899994, 0.0 ], [ 104.912972197000045, -5.429174421999962, 0.0 ], [ 104.912791654000017, -5.429202667, 0.0 ], [ 104.912690105000053, -5.429168728000024, 0.0 ], [ 104.912611132000094, -5.429083904999933, 0.0 ], [ 104.912560374000066, -5.428948200999985, 0.0 ], [ 104.912549107000117, -5.428835117999954, 0.0 ], [ 104.912532187000053, -5.428795536999965, 0.0 ], [ 104.912430639, -5.428761597999911, 0.0 ], [ 104.91235729400006, -5.428767241999934, 0.0 ], [ 104.912244440000038, -5.428885959999986, 0.0 ], [ 104.911973595000106, -5.429134698999961, 0.0 ], [ 104.911697129000061, -5.429242085999965, 0.0 ], [ 104.911460171000073, -5.429242050999962, 0.0 ], [ 104.911138591000025, -5.42920242599997, 0.0 ], [ 104.910907291000072, -5.42909496499996, 0.0 ], [ 104.91073805900001, -5.428930971999891, 0.0 ], [ 104.910557551000096, -5.428721744999988, 0.0 ], [ 104.910393968000051, -5.428518174999931, 0.0 ], [ 104.910365762000126, -5.428495554999925, 0.0 ], [ 104.910298064000116, -5.428467273999983, 0.0 ], [ 104.910140090000098, -5.42847855899994, 0.0 ], [ 104.909857971000022, -5.428659446999985, 0.0 ], [ 104.90957022000002, -5.428772485000012, 0.0 ], [ 104.909299410000088, -5.428783751999967, 0.0 ], [ 104.909073741000071, -5.428749793999911, 0.0 ], [ 104.908887572000111, -5.428670608999932, 0.0 ], [ 104.908723977000079, -5.428546195999941, 0.0 ], [ 104.908543463000072, -5.428376546999937, 0.0 ], [ 104.908379867000036, -5.428263441, 0.0 ], [ 104.908210614000055, -5.42824645299992, 0.0 ], [ 104.907866459, -5.428263362999898, 0.0 ], [ 104.907714134000102, -5.428235068999955, 0.0 ], [ 104.907584394000111, -5.428088043999958, 0.0 ], [ 104.907432092000036, -5.427907091, 0.0 ], [ 104.907285423000076, -5.427782679, 0.0 ], [ 104.906972473000025, -5.427674429000019, 0.0 ], [ 104.906631004000104, -5.427556415999936, 0.0 ], [ 104.905898557000071, -5.427548595999911, 0.0 ], [ 104.905649345000057, -5.42742622, 0.0 ], [ 104.905519621000067, -5.427183075999954, 0.0 ], [ 104.90551965700007, -5.426951258999958, 0.0 ], [ 104.905570474000015, -5.426691180999933, 0.0 ], [ 104.905660788000034, -5.426402837999968, 0.0 ], [ 104.90575111000004, -5.426063608999966, 0.0 ], [ 104.905886571000053, -5.425690462, 0.0 ], [ 104.906050222, -5.425447362999959, 0.0 ], [ 104.906067164000078, -5.425339938999953, 0.0 ], [ 104.906044607000084, -5.425272086999934, 0.0 ], [ 104.905931778000067, -5.425226837, 0.0 ], [ 104.905739955000101, -5.425232460999942, 0.0 ], [ 104.905604553000089, -5.425221131999892, 0.0 ], [ 104.905514297000082, -5.425141960999914, 0.0 ], [ 104.905474828000095, -5.424989294999895, 0.0 ], [ 104.905463572000059, -5.424808362999935, 0.0 ], [ 104.905457953000038, -5.424661356999939, 0.0 ], [ 104.905412841000029, -5.424519998999967, 0.0 ], [ 104.905294368000085, -5.424486056, 0.0 ], [ 104.905215383000041, -5.424486042999911, 0.0 ], [ 104.905125112000022, -5.424497336999957, 0.0 ], [ 104.90502919300009, -5.424553863000016, 0.0 ], [ 104.904673748000079, -5.424621655999941, 0.0 ], [ 104.90435781000005, -5.424598989999931, 0.0 ], [ 104.9039064870001, -5.424463220999977, 0.0 ], [ 104.903336708000026, -5.424191734999985, 0.0 ], [ 104.903049009000114, -5.423982489, 0.0 ], [ 104.90276131100002, -5.423773243, 0.0 ], [ 104.902518761000024, -5.423473538999891, 0.0 ], [ 104.902349551000057, -5.423202117, 0.0 ], [ 104.901971595000049, -5.422930660999915, 0.0 ], [ 104.901811064000086, -5.422743553999977, 0.0 ], [ 104.901686195000067, -5.422520655, 0.0 ], [ 104.901588750000087, -5.42224585199992, 0.0 ], [ 104.901527869000105, -5.421934416999909, 0.0 ], [ 104.901488295000036, -5.421714580999927, 0.0 ], [ 104.901445668000051, -5.421558855999921, 0.0 ], [ 104.901360385000018, -5.421433665999954, 0.0 ], [ 104.900136088000053, -5.420346724999904, 0.0 ], [ 104.900578635000088, -5.418926498999989, 0.0 ], [ 104.901066228000019, -5.418030975999967, 0.0 ], [ 104.901481544, -5.41751539399994, 0.0 ], [ 104.903043235000084, -5.417162833, 0.0 ], [ 104.903603080000039, -5.415995924999985, 0.0 ], [ 104.9056573780001, -5.415410932999988, 0.0 ], [ 104.906095735000051, -5.415286102999962, 0.0 ], [ 104.907286161000044, -5.414947106999891, 0.0 ], [ 104.909957950000035, -5.415815972999928, 0.0 ], [ 104.911573806000064, -5.415372932999952, 0.0 ], [ 104.912894479, -5.415572775999967, 0.0 ], [ 104.912890996000073, -5.415513272999929, 0.0 ], [ 104.912845482000122, -5.415434010999943, 0.0 ], [ 104.912708115000044, -5.415251179999915, 0.0 ], [ 104.912738798000092, -5.414700782999939, 0.0 ], [ 104.913549928000052, -5.414339387999968, 0.0 ], [ 104.914602273000085, -5.413958610999904, 0.0 ], [ 104.917049051000035, -5.412266079999929, 0.0 ], [ 104.919432737000079, -5.410919229999957, 0.0 ], [ 104.91979004500007, -5.410616927, 0.0 ], [ 104.920102771000103, -5.410741822000022, 0.0 ], [ 104.920373725000047, -5.410218442999971, 0.0 ], [ 104.920681969000057, -5.410187192999961, 0.0 ], [ 104.920739031000068, -5.410044445999963, 0.0 ], [ 104.921395027000088, -5.410019339999929, 0.0 ], [ 104.921378287000024, -5.409738865999904, 0.0 ], [ 104.922311201000042, -5.409269655999895, 0.0 ], [ 104.922457250000036, -5.409196199999945, 0.0 ], [ 104.922782361000117, -5.409049420999969, 0.0 ], [ 104.922977414000087, -5.409069121999911, 0.0 ], [ 104.923183021000057, -5.408781958999954, 0.0 ], [ 104.923371538000112, -5.408666252999973, 0.0 ], [ 104.92379588200005, -5.408410936999898, 0.0 ], [ 104.924807470000076, -5.407830075999888, 0.0 ], [ 104.92540709500004, -5.407312281999944, 0.0 ], [ 104.92643264200008, -5.406807788999947, 0.0 ], [ 104.926496216, -5.406165608000014, 0.0 ], [ 104.92685880600007, -5.39356035299995, 0.0 ], [ 104.926940507000083, -5.389688458999954, 0.0 ], [ 104.929124919000074, -5.389444462000016, 0.0 ], [ 104.929648454000059, -5.389408336999958, 0.0 ], [ 104.93009978500001, -5.389299830999951, 0.0 ], [ 104.931155897000082, -5.389064741999951, 0.0 ], [ 104.932221039000098, -5.388802513000014, 0.0 ], [ 104.933206324000096, -5.38868151199995, 0.0 ], [ 104.934937996000102, -5.388612831999952, 0.0 ], [ 104.935786490000055, -5.388468177999885, 0.0 ], [ 104.935867730000027, -5.388441046999949, 0.0 ], [ 104.936319070000067, -5.388233024999968, 0.0 ], [ 104.936961259, -5.388226172999934, 0.0 ], [ 104.937172114000035, -5.388281884000014, 0.0 ], [ 104.937329504, -5.388563124999925, 0.0 ], [ 104.937493148000044, -5.388759406, 0.0 ], [ 104.93767363700006, -5.38890240099993, 0.0 ], [ 104.937854137000073, -5.388973907999985, 0.0 ], [ 104.938114397000021, -5.388973934999987, 0.0 ], [ 104.938273914000078, -5.388969745999907, 0.0 ], [ 104.938405028, -5.388954896999921, 0.0 ], [ 104.938493254000022, -5.388956541999969, 0.0 ], [ 104.938580433000126, -5.388960875999972, 0.0 ], [ 104.939089190000033, -5.389089598999965, 0.0 ], [ 104.939269676000038, -5.389216099999951, 0.0 ], [ 104.93943261900003, -5.389387998999963, 0.0 ], [ 104.939632396000036, -5.38976855999992, 0.0 ], [ 104.939852463000122, -5.39021249699997, 0.0 ], [ 104.940026608000053, -5.390476309999949, 0.0 ], [ 104.940237492000094, -5.390652895, 0.0 ], [ 104.940517611000089, -5.390740967999909, 0.0 ], [ 104.940718059000062, -5.390768778999901, 0.0 ], [ 104.940847306000109, -5.390766524999981, 0.0 ], [ 104.941091520000057, -5.390640978999985, 0.0 ], [ 104.941258732000037, -5.390519831999908, 0.0 ], [ 104.941563601000041, -5.390295009999958, 0.0 ], [ 104.941704896, -5.390230179999923, 0.0 ], [ 104.941989431000096, -5.390240031999939, 0.0 ], [ 104.942361625000075, -5.39038281599994, 0.0 ], [ 104.942638786, -5.390626754999962, 0.0 ], [ 104.942936242000101, -5.391061671999976, 0.0 ], [ 104.943093025000024, -5.391168224, 0.0 ], [ 104.943308613000099, -5.391151421999941, 0.0 ], [ 104.943555008000047, -5.391033693999971, 0.0 ], [ 104.943686612000107, -5.390901937, 0.0 ], [ 104.943703424000077, -5.390758954999976, 0.0 ], [ 104.943695040000094, -5.390607559999973, 0.0 ], [ 104.943675455000076, -5.390456161999969, 0.0 ], [ 104.943647466000058, -5.390344016000016, 0.0 ], [ 104.94365265100005, -5.390182895999919, 0.0 ], [ 104.94371986500002, -5.389989453999901, 0.0 ], [ 104.943815077000082, -5.389790405999952, 0.0 ], [ 104.943834340000066, -5.389592890999952, 0.0 ], [ 104.943837151000125, -5.389472335999924, 0.0 ], [ 104.943789563000095, -5.389382616999962, 0.0 ], [ 104.943668844000058, -5.389310064, 0.0 ], [ 104.943433480000039, -5.389189173999943, 0.0 ], [ 104.943252432000065, -5.389060229999933, 0.0 ], [ 104.943139785000071, -5.388945394999935, 0.0 ], [ 104.942998741000039, -5.388729033999974, 0.0 ], [ 104.942938405000106, -5.388545711, 0.0 ], [ 104.942908243, -5.38838857799996, 0.0 ], [ 104.942942457000086, -5.388251598999906, 0.0 ], [ 104.943020922000088, -5.388177069999957, 0.0 ], [ 104.943159735000037, -5.388164995999935, 0.0 ], [ 104.943276413, -5.388205295999983, 0.0 ], [ 104.943447398000032, -5.388346326000017, 0.0 ], [ 104.943711536000123, -5.388673145999968, 0.0 ], [ 104.943897199000034, -5.388913162999932, 0.0 ], [ 104.944173431000067, -5.38918722499996, 0.0 ], [ 104.944358744000027, -5.389290944000015, 0.0 ], [ 104.944542249000023, -5.38930733499995, 0.0 ], [ 104.944687604000066, -5.389267321999926, 0.0 ], [ 104.94490413500003, -5.389161253999943, 0.0 ], [ 104.945051966, -5.38893508399997, 0.0 ], [ 104.945181923000106, -5.388695526999955, 0.0 ], [ 104.945280938000039, -5.388493142999907, 0.0 ], [ 104.945388525000055, -5.388254416999962, 0.0 ], [ 104.945501979000113, -5.388052033999914, 0.0 ], [ 104.94566287100011, -5.387812479999988, 0.0 ], [ 104.945819811000035, -5.387652280999967, 0.0 ], [ 104.946310954000083, -5.387434214999955, 0.0 ], [ 104.946730397000067, -5.387367933999977, 0.0 ], [ 104.946840775000041, -5.387375311999966, 0.0 ], [ 104.947307114000083, -5.387403124999958, 0.0 ], [ 104.947630889000052, -5.387406837, 0.0 ], [ 104.948058220000064, -5.387370031999973, 0.0 ], [ 104.948336010000034, -5.38730558199997, 0.0 ], [ 104.948724277000011, -5.387211815999938, 0.0 ], [ 104.948990105000064, -5.387178976999975, 0.0 ], [ 104.949178806000049, -5.387180634999934, 0.0 ], [ 104.949275802000088, -5.38723830999991, 0.0 ], [ 104.949313850000038, -5.387308660999958, 0.0 ], [ 104.94938409100007, -5.387472813999951, 0.0 ], [ 104.949441134000082, -5.387745121999922, 0.0 ], [ 104.949476017000038, -5.387821654999948, 0.0 ], [ 104.949569052000101, -5.387888209999948, 0.0 ], [ 104.949725225000051, -5.387889885999909, 0.0 ], [ 104.949914633000091, -5.387839991999956, 0.0 ], [ 104.95002928100007, -5.387740179999957, 0.0 ], [ 104.950120842000018, -5.387587413999929, 0.0 ], [ 104.950238603000074, -5.387433070999949, 0.0 ], [ 104.950358501000053, -5.38734304299996, 0.0 ], [ 104.950446279000033, -5.387328041999963, 0.0 ], [ 104.950558429000068, -5.387363677999891, 0.0 ], [ 104.950738637000057, -5.387531922999957, 0.0 ], [ 104.950879134000047, -5.387703223999919, 0.0 ], [ 104.951095122000069, -5.387929997999942, 0.0 ], [ 104.951350285000046, -5.388100365999916, 0.0 ], [ 104.951578725000019, -5.388139320999942, 0.0 ], [ 104.951743983000114, -5.388117431999907, 0.0 ], [ 104.951814465000083, -5.388054166, 0.0 ], [ 104.951875232000049, -5.387908158999911, 0.0 ], [ 104.951887560000088, -5.387608960999936, 0.0 ], [ 104.951904126000031, -5.387432165999963, 0.0 ], [ 104.951989653000098, -5.387318912999918, 0.0 ], [ 104.952124839000092, -5.387225000999964, 0.0 ], [ 104.952367611000014, -5.387139383999985, 0.0 ], [ 104.95286699200004, -5.387027847999905, 0.0 ], [ 104.953055931000037, -5.386956914999898, 0.0 ], [ 104.953138595000041, -5.386878093999949, 0.0 ], [ 104.953174028000035, -5.386763796, 0.0 ], [ 104.953213399, -5.386617965999919, 0.0 ], [ 104.95322522, -5.386472133999932, 0.0 ], [ 104.953217360000068, -5.386294769, 0.0 ], [ 104.953205565000076, -5.386125287000011, 0.0 ], [ 104.953158343000069, -5.385967626999934, 0.0 ], [ 104.953084379000074, -5.385696423999965, 0.0 ], [ 104.953069027000055, -5.385546972999945, 0.0 ], [ 104.95309098300001, -5.385439282999917, 0.0 ], [ 104.953130497000075, -5.385340385, 0.0 ], [ 104.953249021000019, -5.38529424, 0.0 ], [ 104.953424650000073, -5.385281284999989, 0.0 ], [ 104.953765989000075, -5.385284444999984, 0.0 ], [ 104.954154299000052, -5.385334647999963, 0.0 ], [ 104.954508155000028, -5.38544756399998, 0.0 ], [ 104.954764932000046, -5.385604371999898, 0.0 ], [ 104.954949681000045, -5.385761177, 0.0 ], [ 104.955097892000055, -5.385910070999968, 0.0 ], [ 104.955689726000088, -5.386349127999969, 0.0 ], [ 104.956021658000012, -5.386546706999974, 0.0 ], [ 104.956334808000079, -5.386621989999986, 0.0 ], [ 104.956625878000096, -5.386632508999968, 0.0 ], [ 104.956872094000033, -5.386625533999924, 0.0 ], [ 104.957106973000108, -5.386576665999966, 0.0 ], [ 104.957245600000121, -5.386529885999915, 0.0 ], [ 104.957278583000104, -5.386465121999974, 0.0 ], [ 104.957294167000057, -5.386346588000025, 0.0 ], [ 104.957259206000089, -5.386127509999929, 0.0 ], [ 104.957232214000086, -5.385990063999925, 0.0 ], [ 104.957232222000087, -5.385881910999947, 0.0 ], [ 104.957304232000084, -5.385803055999906, 0.0 ], [ 104.957421238000094, -5.385803064, 0.0 ], [ 104.957657495, -5.385872929, 0.0 ], [ 104.958101371000055, -5.386088845999927, 0.0 ], [ 104.95835377800006, -5.386232272999981, 0.0 ], [ 104.958671266000039, -5.386390348999916, 0.0 ], [ 104.958791273000116, -5.386384956, 0.0 ], [ 104.95883059500008, -5.386383188999945, 0.0 ], [ 104.958988134000066, -5.386350932999941, 0.0 ], [ 104.959091968000038, -5.386293575, 0.0 ], [ 104.95918533900003, -5.386191990999935, 0.0 ], [ 104.959224732000095, -5.386068301999915, 0.0 ], [ 104.959231900000063, -5.385958951999926, 0.0 ], [ 104.95924443900013, -5.385851396, 0.0 ], [ 104.959233704000042, -5.385759970999983, 0.0 ], [ 104.959129690000054, -5.385504142999954, 0.0 ], [ 104.959015130000068, -5.385323080999983, 0.0 ], [ 104.958927421000098, -5.385159944999986, 0.0 ], [ 104.958919835000088, -5.38504155199996, 0.0 ], [ 104.958939785000055, -5.384900357999912, 0.0 ], [ 104.959029520000016, -5.384823347999935, 0.0 ], [ 104.959134920000039, -5.38480766699997, 0.0 ], [ 104.959294436000093, -5.384839053999903, 0.0 ], [ 104.959483864000049, -5.384901820999945, 0.0 ], [ 104.95969892400008, -5.384993112999949, 0.0 ], [ 104.959825734000091, -5.384996847, 0.0 ], [ 104.960033602000053, -5.385002535999929, 0.0 ], [ 104.960251170000021, -5.384983260999933, 0.0 ], [ 104.960406612000014, -5.384925923999985, 0.0 ], [ 104.960547744000053, -5.384815638, 0.0 ], [ 104.96064527300004, -5.384749008, 0.0 ], [ 104.960777223000036, -5.38464676499998, 0.0 ], [ 104.960966195000125, -5.384639998999953, 0.0 ], [ 104.961126619000069, -5.384713775999929, 0.0 ], [ 104.961267395000093, -5.384817055999948, 0.0 ], [ 104.961441325000095, -5.38502591, 0.0 ], [ 104.961549356000063, -5.385222624999932, 0.0 ], [ 104.961650756000012, -5.385311861999943, 0.0 ], [ 104.961857006000017, -5.385349426999943, 0.0 ], [ 104.961990342000036, -5.385343176999958, 0.0 ], [ 104.962127845000055, -5.385297289999892, 0.0 ], [ 104.962186181000078, -5.385245138999929, 0.0 ], [ 104.962307026000047, -5.385082424999966, 0.0 ], [ 104.962434384000105, -5.38483521399994, 0.0 ], [ 104.962478148000073, -5.384647460999949, 0.0 ], [ 104.962494824000032, -5.384476395, 0.0 ], [ 104.962526082000053, -5.384340794999977, 0.0 ], [ 104.962618408000054, -5.384301790999947, 0.0 ], [ 104.962738066, -5.384278532999888, 0.0 ], [ 104.962842621000036, -5.384276211999962, 0.0 ], [ 104.96296692300011, -5.384304137999964, 0.0 ], [ 104.96320475300007, -5.384421016999953, 0.0 ], [ 104.963655669000076, -5.384606099999901, 0.0 ], [ 104.963974483000072, -5.384711507999919, 0.0 ], [ 104.964268692000076, -5.384744095999951, 0.0 ], [ 104.964524463000018, -5.3847574349999, 0.0 ], [ 104.96484541800001, -5.384703723999985, 0.0 ], [ 104.964931585000045, -5.385007173999957, 0.0 ], [ 104.964978834000036, -5.385224320999983, 0.0 ], [ 104.965063623000034, -5.385611153999927, 0.0 ], [ 104.965076480000036, -5.385714284999933, 0.0 ], [ 104.965082286000069, -5.38599883399994, 0.0 ], [ 104.966491509000051, -5.386213363999927, 0.0 ], [ 104.966440028000065, -5.387126213999961, 0.0 ], [ 104.966787162000088, -5.387151680999937, 0.0 ], [ 104.967626156000051, -5.38725621399997, 0.0 ], [ 104.968671175000011, -5.387373194999968, 0.0 ], [ 104.969075779, -5.387432921999936, 0.0 ], [ 104.969632824000087, -5.387512533999951, 0.0 ], [ 104.970915113000046, -5.387666864999931, 0.0 ], [ 104.971116174000073, -5.387686776999979, 0.0 ], [ 104.971247732000037, -5.387704197999911, 0.0 ], [ 104.971284965000095, -5.387736541000011, 0.0 ], [ 104.971299856000087, -5.387791272999921, 0.0 ], [ 104.97129985300009, -5.387848491999948, 0.0 ], [ 104.97130481400005, -5.387910686999943, 0.0 ], [ 104.971342046000117, -5.387965419999942, 0.0 ], [ 104.971401618000073, -5.387995276999925, 0.0 ], [ 104.971518284000041, -5.388002744999921, 0.0 ], [ 104.971600198000061, -5.388010213, 0.0 ], [ 104.971642395000089, -5.388027628999938, 0.0 ], [ 104.971674662000098, -5.388069922999973, 0.0 ], [ 104.971697, -5.388127143, 0.0 ], [ 104.971706925000021, -5.388204264999986, 0.0 ], [ 104.971734228000059, -5.388258997999985, 0.0 ], [ 104.97182110600005, -5.388271440999949, 0.0 ], [ 104.972260467000069, -5.388216729999952, 0.0 ], [ 104.97266011100001, -5.388166992000011, 0.0 ], [ 104.972838585000034, -5.388682867999973, 0.0 ], [ 104.974499446000053, -5.388485273999967, 0.0 ], [ 104.975276124000104, -5.388418841999977, 0.0 ], [ 104.9755659610001, -5.388374940999897, 0.0 ], [ 104.975759579000041, -5.38830031499994, 0.0 ], [ 104.976169161000101, -5.388046577, 0.0 ], [ 104.976601080000037, -5.387845081999933, 0.0 ], [ 104.977055342000057, -5.38755402799992, 0.0 ], [ 104.977338331000027, -5.387464477999972, 0.0 ], [ 104.977576628000108, -5.387442096999985, 0.0 ], [ 104.977972114000053, -5.386576326999938, 0.0 ], [ 104.978512218000077, -5.385616486999924, 0.0 ], [ 104.978584910000052, -5.385108596999912, 0.0 ], [ 104.978785880000061, -5.38419842400001, 0.0 ], [ 104.979206909000084, -5.383748138999968, 0.0 ], [ 104.979800157000057, -5.383681092999927, 0.0 ], [ 104.980322863000055, -5.38329313399989, 0.0 ], [ 104.980636166000039, -5.383403722999981, 0.0 ], [ 104.980934066000088, -5.383462879, 0.0 ], [ 104.981160963000022, -5.383473282999963, 0.0 ], [ 104.981389524000107, -5.383470717999929, 0.0 ], [ 104.981582132000057, -5.38345272299995, 0.0 ], [ 104.981751629000044, -5.383398724999923, 0.0 ], [ 104.982070470000053, -5.38326486899995, 0.0 ], [ 104.982337557000037, -5.383138868999916, 0.0 ], [ 104.982712169000123, -5.38303086199995, 0.0 ], [ 104.982845424000047, -5.383005142999954, 0.0 ], [ 104.98297225400006, -5.383022831999908, 0.0 ], [ 104.983073399000077, -5.383072671999946, 0.0 ], [ 104.983116744000114, -5.38311768799994, 0.0 ], [ 104.983131190000066, -5.383235045999969, 0.0 ], [ 104.983119996000113, -5.383396338999903, 0.0 ], [ 104.983058987000035, -5.38349279599989, 0.0 ], [ 104.982792275000094, -5.383672471999924, 0.0 ], [ 104.982409607000051, -5.383880710999923, 0.0 ], [ 104.982193316000092, -5.384018150999927, 0.0 ], [ 104.981953913, -5.384267182999926, 0.0 ] ] ] ] } },
{ "type": "Feature", "properties": { "KDPPUM": null, "NAMOBJ": "PAGELARAN", "REMARK": "Wilayah Administrasi Kecamatan", "KDPBPS": null, "FCODE": null, "LUASWH": 0.0, "UUPP": null, "SRS_ID": null, "LCODE": "BA0080", "METADATA": null, "KDEBPS": null, "KDEPUM": null, "KDCBPS": null, "KDCPUM": null, "KDBBPS": null, "KDBPUM": null, "WADMKD": null, "WIADKD": null, "WADMKC": null, "WIADKC": null, "WADMKK": "PRINGSEWU", "WIADKK": null, "WADMPR": "LAMPUNG", "WIADPR": null, "TIPADM": 0, "Shape_Leng": 0.35465447129, "Shape_Area": 0.00400772746 }, "geometry": { "type": "MultiPolygon", "coordinates": [ [ [ [ 104.920113177000076, -5.333180260999905, 0.0 ], [ 104.920153641000041, -5.333292826999982, 0.0 ], [ 104.920193770000083, -5.333370121999982, 0.0 ], [ 104.920417281000098, -5.333637783000013, 0.0 ], [ 104.920551619000022, -5.333760018999913, 0.0 ], [ 104.92076768000004, -5.333919057999926, 0.0 ], [ 104.920926010000088, -5.334029553999921, 0.0 ], [ 104.92114176600009, -5.334241197999935, 0.0 ], [ 104.921255058000042, -5.334504176999934, 0.0 ], [ 104.92132970500009, -5.334814111, 0.0 ], [ 104.921384003000057, -5.335098865999933, 0.0 ], [ 104.921416042000047, -5.33539665499997, 0.0 ], [ 104.921434632000071, -5.335698521999989, 0.0 ], [ 104.921433170000043, -5.335908336999941, 0.0 ], [ 104.92152848900011, -5.341747500999906, 0.0 ], [ 104.922763945000014, -5.34392244, 0.0 ], [ 104.924066491000048, -5.345399895999948, 0.0 ], [ 104.926458360000069, -5.344975000999964, 0.0 ], [ 104.927926490000047, -5.345711303999957, 0.0 ], [ 104.928760650000044, -5.346129652999933, 0.0 ], [ 104.930092575000032, -5.347230205999955, 0.0 ], [ 104.931133280000068, -5.348603196999958, 0.0 ], [ 104.931250553000012, -5.349164093999915, 0.0 ], [ 104.93112411200012, -5.349878754999983, 0.0 ], [ 104.93106983400007, -5.355228159999927, 0.0 ], [ 104.931060226000071, -5.356175122999941, 0.0 ], [ 104.931430301000049, -5.356048513999946, 0.0 ], [ 104.932007974000058, -5.355903833999966, 0.0 ], [ 104.932387067000079, -5.355849597, 0.0 ], [ 104.932368963000087, -5.356329059999977, 0.0 ], [ 104.933207261000078, -5.35626862499995, 0.0 ], [ 104.933136140000059, -5.356546260999918, 0.0 ], [ 104.93339788300004, -5.356618660999958, 0.0 ], [ 104.935239069000062, -5.357541602999939, 0.0 ], [ 104.935356880000128, -5.35751477999994, 0.0 ], [ 104.937566412000066, -5.358365759, 0.0 ], [ 104.941511854000026, -5.359885281999967, 0.0 ], [ 104.941313270000109, -5.360119709999912, 0.0 ], [ 104.941098113000066, -5.360312967, 0.0 ], [ 104.94105020900011, -5.360376527999934, 0.0 ], [ 104.940798341000047, -5.360934109999972, 0.0 ], [ 104.940351306000096, -5.361946900999927, 0.0 ], [ 104.940611500000045, -5.362107308999965, 0.0 ], [ 104.941212578000034, -5.362270746999988, 0.0 ], [ 104.941718066000121, -5.362487784999916, 0.0 ], [ 104.941200563000024, -5.363322022999929, 0.0 ], [ 104.940577671000085, -5.363970371999928, 0.0 ], [ 104.940103755000038, -5.364485243999985, 0.0 ], [ 104.939601050000107, -5.364862859999965, 0.0 ], [ 104.937957518000104, -5.365517653999964, 0.0 ], [ 104.937419043000048, -5.365605810999975, 0.0 ], [ 104.936596312000091, -5.365861018999952, 0.0 ], [ 104.933708651000089, -5.366437798999891, 0.0 ], [ 104.931012267000099, -5.36699157199997, 0.0 ], [ 104.930160307000037, -5.367228222999922, 0.0 ], [ 104.930340525000119, -5.367827529999948, 0.0 ], [ 104.930308630000056, -5.368910212999912, 0.0 ], [ 104.930265175000017, -5.370056582, 0.0 ], [ 104.930270859000032, -5.37086715, 0.0 ], [ 104.930312099000076, -5.371112368999954, 0.0 ], [ 104.930565584000092, -5.370989274999983, 0.0 ], [ 104.931150233000054, -5.371383624000016, 0.0 ], [ 104.931346699000059, -5.371512305999916, 0.0 ], [ 104.9314803, -5.371619982999944, 0.0 ], [ 104.931768474000052, -5.371725045999932, 0.0 ], [ 104.932088082000021, -5.371788099, 0.0 ], [ 104.9322950480001, -5.371811751999912, 0.0 ], [ 104.932530828000068, -5.371817024999904, 0.0 ], [ 104.932569363000056, -5.372123406999942, 0.0 ], [ 104.932650619000029, -5.372422981999948, 0.0 ], [ 104.932687265000041, -5.372759081999957, 0.0 ], [ 104.932760794000089, -5.373068905999924, 0.0 ], [ 104.932850589000054, -5.373206558999945, 0.0 ], [ 104.932968462000034, -5.373361492999974, 0.0 ], [ 104.933146591000124, -5.373542686999956, 0.0 ], [ 104.9332461340001, -5.373692364, 0.0 ], [ 104.933269429000077, -5.373866222, 0.0 ], [ 104.933197764000099, -5.374424710000016, 0.0 ], [ 104.933137488000085, -5.374668895999969, 0.0 ], [ 104.933077210000064, -5.374842192999919, 0.0 ], [ 104.933051659000085, -5.375000002, 0.0 ], [ 104.932969217, -5.375375870999934, 0.0 ], [ 104.932954742000064, -5.375672594999971, 0.0 ], [ 104.932940266000102, -5.375991029999939, 0.0 ], [ 104.9329402380001, -5.376240714, 0.0 ], [ 104.93294742900008, -5.376515728999921, 0.0 ], [ 104.932983502000042, -5.376808839999926, 0.0 ], [ 104.933034019000047, -5.377080240999911, 0.0 ], [ 104.933048438000085, -5.37729374, 0.0 ], [ 104.933037586000069, -5.377481905999927, 0.0 ], [ 104.932979795000094, -5.37768815999994, 0.0 ], [ 104.932914788000033, -5.377858226999978, 0.0 ], [ 104.93281006800008, -5.378002959999963, 0.0 ], [ 104.932636747000032, -5.378169396999967, 0.0 ], [ 104.9324850900001, -5.378321360999928, 0.0 ], [ 104.932416476000114, -5.378448004999926, 0.0 ], [ 104.932383956000081, -5.378683209999936, 0.0 ], [ 104.932371814000049, -5.378850287, 0.0 ], [ 104.937520354000071, -5.379832447999989, 0.0 ], [ 104.943982795000096, -5.38038324199991, 0.0 ], [ 104.943897199000034, -5.388913162999932, 0.0 ], [ 104.943711536000123, -5.388673145999968, 0.0 ], [ 104.943447398000032, -5.388346326000017, 0.0 ], [ 104.943276413, -5.388205295999983, 0.0 ], [ 104.943159735000037, -5.388164995999935, 0.0 ], [ 104.943020922000088, -5.388177069999957, 0.0 ], [ 104.942942457000086, -5.388251598999906, 0.0 ], [ 104.942908243, -5.38838857799996, 0.0 ], [ 104.942938405000106, -5.388545711, 0.0 ], [ 104.942998741000039, -5.388729033999974, 0.0 ], [ 104.943139785000071, -5.388945394999935, 0.0 ], [ 104.943252432000065, -5.389060229999933, 0.0 ], [ 104.943433480000039, -5.389189173999943, 0.0 ], [ 104.943668844000058, -5.389310064, 0.0 ], [ 104.943789563000095, -5.389382616999962, 0.0 ], [ 104.943837151000125, -5.389472335999924, 0.0 ], [ 104.943834340000066, -5.389592890999952, 0.0 ], [ 104.943815077000082, -5.389790405999952, 0.0 ], [ 104.94371986500002, -5.389989453999901, 0.0 ], [ 104.94365265100005, -5.390182895999919, 0.0 ], [ 104.943647466000058, -5.390344016000016, 0.0 ], [ 104.943675455000076, -5.390456161999969, 0.0 ], [ 104.943695040000094, -5.390607559999973, 0.0 ], [ 104.943703424000077, -5.390758954999976, 0.0 ], [ 104.943686612000107, -5.390901937, 0.0 ], [ 104.943555008000047, -5.391033693999971, 0.0 ], [ 104.943308613000099, -5.391151421999941, 0.0 ], [ 104.943093025000024, -5.391168224, 0.0 ], [ 104.942936242000101, -5.391061671999976, 0.0 ], [ 104.942638786, -5.390626754999962, 0.0 ], [ 104.942361625000075, -5.39038281599994, 0.0 ], [ 104.941989431000096, -5.390240031999939, 0.0 ], [ 104.941704896, -5.390230179999923, 0.0 ], [ 104.941563601000041, -5.390295009999958, 0.0 ], [ 104.941258732000037, -5.390519831999908, 0.0 ], [ 104.941091520000057, -5.390640978999985, 0.0 ], [ 104.940847306000109, -5.390766524999981, 0.0 ], [ 104.940718059000062, -5.390768778999901, 0.0 ], [ 104.940517611000089, -5.390740967999909, 0.0 ], [ 104.940237492000094, -5.390652895, 0.0 ], [ 104.940026608000053, -5.390476309999949, 0.0 ], [ 104.939852463000122, -5.39021249699997, 0.0 ], [ 104.939632396000036, -5.38976855999992, 0.0 ], [ 104.93943261900003, -5.389387998999963, 0.0 ], [ 104.939269676000038, -5.389216099999951, 0.0 ], [ 104.939089190000033, -5.389089598999965, 0.0 ], [ 104.938580433000126, -5.388960875999972, 0.0 ], [ 104.938493254000022, -5.388956541999969, 0.0 ], [ 104.938405028, -5.388954896999921, 0.0 ], [ 104.938273914000078, -5.388969745999907, 0.0 ], [ 104.938114397000021, -5.388973934999987, 0.0 ], [ 104.937854137000073, -5.388973907999985, 0.0 ], [ 104.93767363700006, -5.38890240099993, 0.0 ], [ 104.937493148000044, -5.388759406, 0.0 ], [ 104.937329504, -5.388563124999925, 0.0 ], [ 104.937172114000035, -5.388281884000014, 0.0 ], [ 104.936961259, -5.388226172999934, 0.0 ], [ 104.936319070000067, -5.388233024999968, 0.0 ], [ 104.935867730000027, -5.388441046999949, 0.0 ], [ 104.935786490000055, -5.388468177999885, 0.0 ], [ 104.934937996000102, -5.388612831999952, 0.0 ], [ 104.933206324000096, -5.38868151199995, 0.0 ], [ 104.932221039000098, -5.388802513000014, 0.0 ], [ 104.931155897000082, -5.389064741999951, 0.0 ], [ 104.93009978500001, -5.389299830999951, 0.0 ], [ 104.929648454000059, -5.389408336999958, 0.0 ], [ 104.929124919000074, -5.389444462000016, 0.0 ], [ 104.926940507000083, -5.389688458999954, 0.0 ], [ 104.92685880600007, -5.39356035299995, 0.0 ], [ 104.926496216, -5.406165608000014, 0.0 ], [ 104.92643264200008, -5.406807788999947, 0.0 ], [ 104.92540709500004, -5.407312281999944, 0.0 ], [ 104.924807470000076, -5.407830075999888, 0.0 ], [ 104.92379588200005, -5.408410936999898, 0.0 ], [ 104.923371538000112, -5.408666252999973, 0.0 ], [ 104.923183021000057, -5.408781958999954, 0.0 ], [ 104.922977414000087, -5.409069121999911, 0.0 ], [ 104.922782361000117, -5.409049420999969, 0.0 ], [ 104.922457250000036, -5.409196199999945, 0.0 ], [ 104.922311201000042, -5.409269655999895, 0.0 ], [ 104.921378287000024, -5.409738865999904, 0.0 ], [ 104.921395027000088, -5.410019339999929, 0.0 ], [ 104.920739031000068, -5.410044445999963, 0.0 ], [ 104.920681969000057, -5.410187192999961, 0.0 ], [ 104.920373725000047, -5.410218442999971, 0.0 ], [ 104.920102771000103, -5.410741822000022, 0.0 ], [ 104.91979004500007, -5.410616927, 0.0 ], [ 104.919432737000079, -5.410919229999957, 0.0 ], [ 104.917049051000035, -5.412266079999929, 0.0 ], [ 104.914602273000085, -5.413958610999904, 0.0 ], [ 104.913549928000052, -5.414339387999968, 0.0 ], [ 104.912738798000092, -5.414700782999939, 0.0 ], [ 104.912708115000044, -5.415251179999915, 0.0 ], [ 104.912845482000122, -5.415434010999943, 0.0 ], [ 104.912890996000073, -5.415513272999929, 0.0 ], [ 104.912894479, -5.415572775999967, 0.0 ], [ 104.911573806000064, -5.415372932999952, 0.0 ], [ 104.909957950000035, -5.415815972999928, 0.0 ], [ 104.907286161000044, -5.414947106999891, 0.0 ], [ 104.906095735000051, -5.415286102999962, 0.0 ], [ 104.9056573780001, -5.415410932999988, 0.0 ], [ 104.905742862000068, -5.415203634999978, 0.0 ], [ 104.905755064000104, -5.415101864, 0.0 ], [ 104.905723977000022, -5.414804156999965, 0.0 ], [ 104.905701959000055, -5.414699621999931, 0.0 ], [ 104.905662317000065, -5.41456268799997, 0.0 ], [ 104.90561093400008, -5.414346252, 0.0 ], [ 104.905580097000012, -5.414238764999903, 0.0 ], [ 104.90552869900003, -5.414119496999982, 0.0 ], [ 104.905462609000068, -5.413982567999932, 0.0 ], [ 104.905371538000082, -5.41387065799991, 0.0 ], [ 104.905281943000034, -5.413783770999915, 0.0 ], [ 104.905193806000028, -5.41372045, 0.0 ], [ 104.905007252000047, -5.413537853, 0.0 ], [ 104.904958803000028, -5.413380310000017, 0.0 ], [ 104.904947089000046, -5.413132958999979, 0.0 ], [ 104.904945636, -5.413016647999948, 0.0 ], [ 104.904942708000121, -5.412923884999911, 0.0 ], [ 104.904932474000077, -5.412620589999952, 0.0 ], [ 104.904923690000061, -5.412451274999976, 0.0 ], [ 104.904907558000062, -5.412231894999943, 0.0 ], [ 104.904913456000102, -5.412090552999972, 0.0 ], [ 104.904904679000083, -5.411881477999904, 0.0 ], [ 104.90488119200009, -5.411760748999951, 0.0 ], [ 104.904782365000088, -5.411487140999961, 0.0 ], [ 104.904716592000071, -5.411286840999908, 0.0 ], [ 104.904675183, -5.411137838999926, 0.0 ], [ 104.90449974700006, -5.410861802999912, 0.0 ], [ 104.90432672600005, -5.410729876999921, 0.0 ], [ 104.904104974000091, -5.410519782999947, 0.0 ], [ 104.90403188100008, -5.410370775999963, 0.0 ], [ 104.903871064, -5.410128936999937, 0.0 ], [ 104.903780899000097, -5.410053203999977, 0.0 ], [ 104.903651861000071, -5.40983413199997, 0.0 ], [ 104.90346858, -5.410256239, 0.0 ], [ 104.903028425000102, -5.410627192999952, 0.0 ], [ 104.90273940200008, -5.410784265999981, 0.0 ], [ 104.902159934000096, -5.410895009999907, 0.0 ], [ 104.901971875000072, -5.410984792999963, 0.0 ], [ 104.90173111600005, -5.410866751999967, 0.0 ], [ 104.90148434200006, -5.410714549999986, 0.0 ], [ 104.901202789000124, -5.410558968, 0.0 ], [ 104.900983031000052, -5.410358859999954, 0.0 ], [ 104.900704222000087, -5.410145461999972, 0.0 ], [ 104.900470274000085, -5.409947005999895, 0.0 ], [ 104.900282999000041, -5.409828140999918, 0.0 ], [ 104.900035894000027, -5.409665760999895, 0.0 ], [ 104.899766131, -5.409506289999934, 0.0 ], [ 104.899451262000056, -5.409457268999963, 0.0 ], [ 104.899232084000047, -5.409408019999974, 0.0 ], [ 104.898975196000023, -5.40934498699991, 0.0 ], [ 104.89892972700008, -5.409026398000018, 0.0 ], [ 104.898646591, -5.40835347199994, 0.0 ], [ 104.898246814000061, -5.407897407999952, 0.0 ], [ 104.897819353000045, -5.407437366999902, 0.0 ], [ 104.897693579000119, -5.407325951999921, 0.0 ], [ 104.897587484000042, -5.407231971999961, 0.0 ], [ 104.897180074000076, -5.406811982999939, 0.0 ], [ 104.896972172000019, -5.406549824999919, 0.0 ], [ 104.89647661000005, -5.406125152999953, 0.0 ], [ 104.896126940000073, -5.40632237899993, 0.0 ], [ 104.895802254000031, -5.406416551999905, 0.0 ], [ 104.895650936000038, -5.406447446999975, 0.0 ], [ 104.895368868000062, -5.406468005999988, 0.0 ], [ 104.894807535000069, -5.406330962999929, 0.0 ], [ 104.894555039000039, -5.406195492999911, 0.0 ], [ 104.894309723000092, -5.406087968999985, 0.0 ], [ 104.894064410000041, -5.40596719199994, 0.0 ], [ 104.893813211000037, -5.405847896999928, 0.0 ], [ 104.893359857000092, -5.405598676999913, 0.0 ], [ 104.893202598000059, -5.405529950999911, 0.0 ], [ 104.892928974000057, -5.405278517999891, 0.0 ], [ 104.892759630000086, -5.404997432, 0.0 ], [ 104.892662102000102, -5.404665507999974, 0.0 ], [ 104.892314618000029, -5.404486877999938, 0.0 ], [ 104.892094182000093, -5.40447723999994, 0.0 ], [ 104.89189901600011, -5.40443513899992, 0.0 ], [ 104.891775220000085, -5.404260546999952, 0.0 ], [ 104.891764767000012, -5.404060725999939, 0.0 ], [ 104.891771121, -5.40370947899992, 0.0 ], [ 104.891785835000064, -5.403604317000012, 0.0 ], [ 104.891825749000091, -5.403360339999987, 0.0 ], [ 104.891935244000081, -5.402885499999956, 0.0 ], [ 104.891958076000023, -5.402608934999899, 0.0 ], [ 104.891940842000011, -5.40241669399998, 0.0 ], [ 104.891962845000066, -5.402233161999982, 0.0 ], [ 104.891971655000077, -5.401765424, 0.0 ], [ 104.891457258000059, -5.401925132999986, 0.0 ], [ 104.890641339000055, -5.402067030999914, 0.0 ], [ 104.889677652000074, -5.402019507999979, 0.0 ], [ 104.889508113, -5.401905723999979, 0.0 ], [ 104.889369010000024, -5.401812365999982, 0.0 ], [ 104.889243203, -5.401483823999977, 0.0 ], [ 104.889189314000078, -5.401177708999962, 0.0 ], [ 104.889153939, -5.40097682899995, 0.0 ], [ 104.889067439000129, -5.400669601999931, 0.0 ], [ 104.888914040000131, -5.400425376999975, 0.0 ], [ 104.888760028, -5.400265279999962, 0.0 ], [ 104.888449236000042, -5.400103736999919, 0.0 ], [ 104.888382368000109, -5.400005258999942, 0.0 ], [ 104.888413873000047, -5.399839841999933, 0.0 ], [ 104.88856340100007, -5.399749281999989, 0.0 ], [ 104.888756184000044, -5.399761132, 0.0 ], [ 104.889137821000091, -5.399773018999911, 0.0 ], [ 104.889318808000056, -5.399769111999943, 0.0 ], [ 104.889559700000092, -5.399593808999915, 0.0 ], [ 104.889886323000027, -5.399251207, 0.0 ], [ 104.889992602000021, -5.398967643999976, 0.0 ], [ 104.889996596000088, -5.398644674999987, 0.0 ], [ 104.889858975000067, -5.398164137999929, 0.0 ], [ 104.889700980000057, -5.397708060999941, 0.0 ], [ 104.889496485000095, -5.397192061999968, 0.0 ], [ 104.889272298000023, -5.396766646999941, 0.0 ], [ 104.88902725300008, -5.396509162999953, 0.0 ], [ 104.888803022, -5.39633188199994, 0.0 ], [ 104.888480418000043, -5.396225480999929, 0.0 ], [ 104.888153863000028, -5.396229358999983, 0.0 ], [ 104.887721031000098, -5.396473474999931, 0.0 ], [ 104.887402333000111, -5.396528556999959, 0.0 ], [ 104.887221354000062, -5.396493075999954, 0.0 ], [ 104.887099419, -5.396343385999915, 0.0 ], [ 104.887136095000102, -5.395995804999933, 0.0 ], [ 104.887340202000118, -5.395754193999926, 0.0 ], [ 104.887432305000104, -5.395612212, 0.0 ], [ 104.887467174000051, -5.395462743999969, 0.0 ], [ 104.887412414000053, -5.395230567999944, 0.0 ], [ 104.88723231700007, -5.395022724999977, 0.0 ], [ 104.886993435000122, -5.39490060899991, 0.0 ], [ 104.88673713200005, -5.39480340399995, 0.0 ], [ 104.886266832000032, -5.394618964999966, 0.0 ], [ 104.886129195000109, -5.394532885999949, 0.0 ], [ 104.885932614000097, -5.394438181999929, 0.0 ], [ 104.885795784000052, -5.394218927999907, 0.0 ], [ 104.88577341800007, -5.394052011999952, 0.0 ], [ 104.885828209000067, -5.393840265999929, 0.0 ], [ 104.885905385000058, -5.393668385999918, 0.0 ], [ 104.885912602000033, -5.393405475999925, 0.0 ], [ 104.885763334000032, -5.393148848999919, 0.0 ], [ 104.885444836000062, -5.392947, 0.0 ], [ 104.885088990000014, -5.392872194999944, 0.0 ], [ 104.884894871000114, -5.392924476, 0.0 ], [ 104.88470850700007, -5.393088312999973, 0.0 ], [ 104.8845950850001, -5.393040380999915, 0.0 ], [ 104.88442665800001, -5.392963715999967, 0.0 ], [ 104.884258230000029, -5.39288706099993, 0.0 ], [ 104.884097123000103, -5.392811038999946, 0.0 ], [ 104.883902843000016, -5.39273738199998, 0.0 ], [ 104.883751209000081, -5.392689858999956, 0.0 ], [ 104.883568779000086, -5.392578216999956, 0.0 ], [ 104.883445594000108, -5.392445209999964, 0.0 ], [ 104.883405341000071, -5.392326467, 0.0 ], [ 104.883286932000033, -5.391998735999971, 0.0 ], [ 104.883204010000014, -5.391932227999975, 0.0 ], [ 104.883104504000045, -5.391877585999984, 0.0 ], [ 104.882846259000075, -5.391780178, 0.0 ], [ 104.882663822000083, -5.391708901999971, 0.0 ], [ 104.88251337800007, -5.391668497999914, 0.0 ], [ 104.882187604000123, -5.391540200999957, 0.0 ], [ 104.882092849000088, -5.391423826999921, 0.0 ], [ 104.882019430000057, -5.391231457, 0.0 ], [ 104.881972069000042, -5.391086594999907, 0.0 ], [ 104.881893907000062, -5.390960715999972, 0.0 ], [ 104.881784922000108, -5.390913200999949, 0.0 ], [ 104.881667232000055, -5.390374124999932, 0.0 ], [ 104.881589581000114, -5.390221277999986, 0.0 ], [ 104.881511920000079, -5.390068431999952, 0.0 ], [ 104.881396868000067, -5.389895394999934, 0.0 ], [ 104.88135087100008, -5.389699302999963, 0.0 ], [ 104.881009792000015, -5.38961970999995, 0.0 ], [ 104.880487133000102, -5.389232582999982, 0.0 ], [ 104.879827818000095, -5.388262972999959, 0.0 ], [ 104.879842468000064, -5.388126192999922, 0.0 ], [ 104.879792126000069, -5.387999170999892, 0.0 ], [ 104.879509595000044, -5.387661924999966, 0.0 ], [ 104.879328135000051, -5.387455303000012, 0.0 ], [ 104.879048529, -5.387165723999944, 0.0 ], [ 104.878721218000095, -5.386793367999955, 0.0 ], [ 104.878574353000033, -5.386595627999936, 0.0 ], [ 104.87846317000006, -5.386402100999911, 0.0 ], [ 104.878368775000069, -5.386162304999965, 0.0 ], [ 104.878280683000071, -5.385909889999953, 0.0 ], [ 104.878178980000087, -5.385519703999909, 0.0 ], [ 104.878100343000071, -5.385246257999933, 0.0 ], [ 104.877978697000032, -5.384835042999926, 0.0 ], [ 104.877922084000062, -5.38460787499996, 0.0 ], [ 104.877798327000036, -5.384275526999906, 0.0 ], [ 104.877706975000109, -5.384182216999912, 0.0 ], [ 104.877483584000103, -5.38403357799996, 0.0 ], [ 104.877342998000103, -5.383951526, 0.0 ], [ 104.877217104000081, -5.38384002000002, 0.0 ], [ 104.877099612000038, -5.38369066599992, 0.0 ], [ 104.876967452000116, -5.38340668799996, 0.0 ], [ 104.876864654000059, -5.383257336999948, 0.0 ], [ 104.87670098800001, -5.383131104999984, 0.0 ], [ 104.876589767000041, -5.383086908999969, 0.0 ], [ 104.876181296000084, -5.382218633999981, 0.0 ], [ 104.876106853000053, -5.382099204999959, 0.0 ], [ 104.876088268000032, -5.381923817000013, 0.0 ], [ 104.876106924000069, -5.381748426999978, 0.0 ], [ 104.876162866000072, -5.381270783999982, 0.0 ], [ 104.876236493000036, -5.380690402999923, 0.0 ], [ 104.876306318000047, -5.380539221999937, 0.0 ], [ 104.876673497000041, -5.380027156999935, 0.0 ], [ 104.876512155000015, -5.380014685999969, 0.0 ], [ 104.87620437700005, -5.379935013999949, 0.0 ], [ 104.87608773000008, -5.379852893, 0.0 ], [ 104.87597108300011, -5.379770772999949, 0.0 ], [ 104.875946057000078, -5.37949670300001, 0.0 ], [ 104.876000520000048, -5.379202622000014, 0.0 ], [ 104.876120755000059, -5.378915419999965, 0.0 ], [ 104.876260619000078, -5.378640355999943, 0.0 ], [ 104.876479535000072, -5.378400558, 0.0 ], [ 104.876774979000089, -5.37816871099991, 0.0 ], [ 104.876954096000077, -5.378002319, 0.0 ], [ 104.876818726000067, -5.377885247999904, 0.0 ], [ 104.876683357000061, -5.377768185999988, 0.0 ], [ 104.876547988000056, -5.377651114999894, 0.0 ], [ 104.876398234000092, -5.377518779999958, 0.0 ], [ 104.876248480000058, -5.377386443999933, 0.0 ], [ 104.876200419000071, -5.377365788999912, 0.0 ], [ 104.876035255, -5.377294804999989, 0.0 ], [ 104.875904951000052, -5.377257461999919, 0.0 ], [ 104.875774639000014, -5.377220118999938, 0.0 ], [ 104.875644335000075, -5.377182774999957, 0.0 ], [ 104.87551547200006, -5.37712078999998, 0.0 ], [ 104.875386600000056, -5.377058803999914, 0.0 ], [ 104.875257737000055, -5.376996826999937, 0.0 ], [ 104.875128864000047, -5.37693484099996, 0.0 ], [ 104.875, -5.376869821, 0.0 ], [ 104.874851878000044, -5.376843976, 0.0 ], [ 104.874737542000091, -5.376808127999956, 0.0 ], [ 104.874623206000052, -5.37677227199992, 0.0 ], [ 104.874541271000012, -5.37674256899995, 0.0 ], [ 104.874394542000047, -5.376700575999939, 0.0 ], [ 104.87426878600003, -5.37667256099993, 0.0 ], [ 104.874143040000021, -5.37664454500001, 0.0 ], [ 104.87399438100006, -5.376631704000014, 0.0 ], [ 104.873830216000073, -5.376619267999962, 0.0 ], [ 104.873621792000051, -5.376575032999943, 0.0 ], [ 104.873493147000076, -5.376551629999961, 0.0 ], [ 104.873364511, -5.376528226999978, 0.0 ], [ 104.873135917000084, -5.376471276999974, 0.0 ], [ 104.872722049000046, -5.376555186999989, 0.0 ], [ 104.872360026000109, -5.376388655999977, 0.0 ], [ 104.870755772000066, -5.375945547, 0.0 ], [ 104.869641633000072, -5.37532729, 0.0 ], [ 104.869226152000067, -5.375000011999921, 0.0 ], [ 104.868977758000128, -5.374783109999916, 0.0 ], [ 104.86840611500007, -5.374318939999968, 0.0 ], [ 104.867839380000078, -5.374660491999984, 0.0 ], [ 104.867768159649927, -5.374717571473132, 0.0 ], [ 104.866120138000028, -5.370848196999857, 0.0 ], [ 104.866717358000059, -5.367268079999844, 0.0 ], [ 104.865025227000203, -5.364881329999895, 0.0 ], [ 104.864029866000095, -5.362395129999888, 0.0 ], [ 104.866622421000201, -5.356584395999965, 0.0 ], [ 104.869210376000098, -5.352407588999876, 0.0 ], [ 104.870120527804147, -5.349786567039162, 0.0 ], [ 104.87034799400007, -5.349953011, 0.0 ], [ 104.870820637000108, -5.350301653999979, 0.0 ], [ 104.871021661000043, -5.350380662999944, 0.0 ], [ 104.87114663300008, -5.350377965999899, 0.0 ], [ 104.871345025000053, -5.350048525, 0.0 ], [ 104.871687515000062, -5.349196299, 0.0 ], [ 104.871932219000058, -5.348254192999947, 0.0 ], [ 104.872255681000084, -5.347440085, 0.0 ], [ 104.872380752000041, -5.347042235999945, 0.0 ], [ 104.872929808, -5.345632153999892, 0.0 ], [ 104.873137716000059, -5.345409291999927, 0.0 ], [ 104.873307908000115, -5.345172942, 0.0 ], [ 104.873375470000013, -5.345017246999907, 0.0 ], [ 104.873388920000068, -5.34492186399992, 0.0 ], [ 104.873288486, -5.344815916999947, 0.0 ], [ 104.873158780000026, -5.34440791999994, 0.0 ], [ 104.873018113000029, -5.344110126, 0.0 ], [ 104.872962241000025, -5.343991414999939, 0.0 ], [ 104.872924125000068, -5.343819993999967, 0.0 ], [ 104.872839515000081, -5.343570147999989, 0.0 ], [ 104.872593759000083, -5.343594594999969, 0.0 ], [ 104.872154178000045, -5.343696176999936, 0.0 ], [ 104.871895086000094, -5.343739455999964, 0.0 ], [ 104.871816195619829, -5.343731013762122, 0.0 ], [ 104.872096947000188, -5.342562259999907, 0.0 ], [ 104.873172088133998, -5.339632671220608, 0.0 ], [ 104.873252096000016, -5.339622691999958, 0.0 ], [ 104.873557808, -5.339646945000011, 0.0 ], [ 104.873937539000067, -5.339620724999973, 0.0 ], [ 104.874103019000088, -5.339513150999954, 0.0 ], [ 104.874398338000091, -5.339234059999955, 0.0 ], [ 104.874683249000043, -5.339317224, 0.0 ], [ 104.874999999000053, -5.339251755, 0.0 ], [ 104.875104909000115, -5.339186201, 0.0 ], [ 104.8752110490001, -5.339060928999929, 0.0 ], [ 104.875464118000082, -5.338913896999932, 0.0 ], [ 104.875692677000075, -5.338864914999965, 0.0 ], [ 104.876148092000093, -5.338738702999914, 0.0 ], [ 104.876466188000038, -5.33865362799998, 0.0 ], [ 104.877006557000072, -5.33857919999995, 0.0 ], [ 104.877705662000011, -5.338519742, 0.0 ], [ 104.87799310700008, -5.33859982999997, 0.0 ], [ 104.87829905100007, -5.338851954999958, 0.0 ], [ 104.87857844700001, -5.339165585999973, 0.0 ], [ 104.878762634000068, -5.339534534999947, 0.0 ], [ 104.878856415000101, -5.339958899999976, 0.0 ], [ 104.878831417000072, -5.340162616999956, 0.0 ], [ 104.878810216, -5.340583508999964, 0.0 ], [ 104.878833235000045, -5.340683451999974, 0.0 ], [ 104.878885056000072, -5.340750729999945, 0.0 ], [ 104.879043117, -5.34086636099992, 0.0 ], [ 104.879248541000038, -5.340858714, 0.0 ], [ 104.879450132000017, -5.340820315000018, 0.0 ], [ 104.879670930000074, -5.340741560999986, 0.0 ], [ 104.879980066000073, -5.340539820999902, 0.0 ], [ 104.880702680000084, -5.340238368, 0.0 ], [ 104.881282191000082, -5.340105828999965, 0.0 ], [ 104.881747916000066, -5.340161422999946, 0.0 ], [ 104.882130445000101, -5.34035575999995, 0.0 ], [ 104.882368783000103, -5.340738782999933, 0.0 ], [ 104.882533289000037, -5.341348772999956, 0.0 ], [ 104.882674573000088, -5.342060630999969, 0.0 ], [ 104.882891631000106, -5.342732695999887, 0.0 ], [ 104.883227205000068, -5.343147832999952, 0.0 ], [ 104.883760304000035, -5.343138050999942, 0.0 ], [ 104.884708096000026, -5.342787394999972, 0.0 ], [ 104.88534510500007, -5.342598465999972, 0.0 ], [ 104.885383980000086, -5.342424410999959, 0.0 ], [ 104.885633718000051, -5.3423078, 0.0 ], [ 104.885929687000029, -5.342248599999978, 0.0 ], [ 104.886179391000084, -5.342313456999927, 0.0 ], [ 104.886510654000048, -5.342606737999946, 0.0 ], [ 104.886771336000038, -5.343127200999932, 0.0 ], [ 104.886827843000091, -5.343258705999977, 0.0 ], [ 104.886989093000111, -5.343435170999923, 0.0 ], [ 104.887533200000107, -5.343785454999951, 0.0 ], [ 104.887927281000117, -5.343976190000012, 0.0 ], [ 104.888342153000067, -5.343912081999948, 0.0 ], [ 104.888476082000039, -5.343681801999901, 0.0 ], [ 104.888606319000075, -5.343495717999959, 0.0 ], [ 104.888887314000058, -5.343367402, 0.0 ], [ 104.889463680000048, -5.343289839999978, 0.0 ], [ 104.889967181000046, -5.343220082999979, 0.0 ], [ 104.890389611, -5.343071027, 0.0 ], [ 104.890649881000044, -5.342850207999929, 0.0 ], [ 104.891073592000026, -5.342355680999956, 0.0 ], [ 104.891534890000088, -5.341825334999951, 0.0 ], [ 104.892050184000098, -5.341461794999892, 0.0 ], [ 104.892811258000094, -5.34141633599995, 0.0 ], [ 104.893396281, -5.341630134999965, 0.0 ], [ 104.893834396000017, -5.341811116000018, 0.0 ], [ 104.894776761000088, -5.342160813, 0.0 ], [ 104.895599828000073, -5.34246855899997, 0.0 ], [ 104.896342987000097, -5.342806941999902, 0.0 ], [ 104.896926764000085, -5.343062068999961, 0.0 ], [ 104.897411503000043, -5.343101114, 0.0 ], [ 104.897737049000071, -5.342963026999938, 0.0 ], [ 104.897946250000061, -5.342748355999939, 0.0 ], [ 104.89822228000007, -5.342482745999989, 0.0 ], [ 104.898346169000021, -5.342181689999949, 0.0 ], [ 104.898459450000061, -5.341852296999962, 0.0 ], [ 104.898583306, -5.341753138999929, 0.0 ], [ 104.898767298000053, -5.341749627, 0.0 ], [ 104.899036201000087, -5.341788633999935, 0.0 ], [ 104.899535085000068, -5.341877267999985, 0.0 ], [ 104.900289755000074, -5.342194408999935, 0.0 ], [ 104.900802758000069, -5.342499111999922, 0.0 ], [ 104.901490854000059, -5.342772471999981, 0.0 ], [ 104.902248649000057, -5.342835810999892, 0.0 ], [ 104.902695580000085, -5.342714307999964, 0.0 ], [ 104.90325426800004, -5.342393443999972, 0.0 ], [ 104.903484112000058, -5.342027679999907, 0.0 ], [ 104.903611343000094, -5.341833844999945, 0.0 ], [ 104.903949322000088, -5.34154121599998, 0.0 ], [ 104.904286020000058, -5.341432352999943, 0.0 ], [ 104.904519545000099, -5.341362069, 0.0 ], [ 104.904851886000074, -5.341275936999969, 0.0 ], [ 104.905229045000098, -5.341123421999962, 0.0 ], [ 104.905306289000094, -5.341086597999935, 0.0 ], [ 104.905531526000075, -5.341015345, 0.0 ], [ 104.905763835000116, -5.34096942500001, 0.0 ], [ 104.906019175000012, -5.340911371999914, 0.0 ], [ 104.906017958000092, -5.340724165999967, 0.0 ], [ 104.905921649000035, -5.340347200999952, 0.0 ], [ 104.905880282000069, -5.340182294999986, 0.0 ], [ 104.905813557000059, -5.339997119999941, 0.0 ], [ 104.905763899000121, -5.339869520999953, 0.0 ], [ 104.905647143000053, -5.339696144999907, 0.0 ], [ 104.905493839000073, -5.339485146999946, 0.0 ], [ 104.905206701000026, -5.339105438999971, 0.0 ], [ 104.904970547000033, -5.338920780999969, 0.0 ], [ 104.904529780000061, -5.338597874999985, 0.0 ], [ 104.904457485000123, -5.338475353999973, 0.0 ], [ 104.904432980000053, -5.338288337999954, 0.0 ], [ 104.904472695000052, -5.338098566999973, 0.0 ], [ 104.904563163000077, -5.337894608999973, 0.0 ], [ 104.904817241000046, -5.337501359999942, 0.0 ], [ 104.904993070000032, -5.337318375999901, 0.0 ], [ 104.905127839000073, -5.337205278999958, 0.0 ], [ 104.905395237000079, -5.337052135999988, 0.0 ], [ 104.905553742000052, -5.336955154999957, 0.0 ], [ 104.905766202000052, -5.336795579999988, 0.0 ], [ 104.9059632660001, -5.336621472999971, 0.0 ], [ 104.90631368300005, -5.336214794999895, 0.0 ], [ 104.906820619000072, -5.336303981, 0.0 ], [ 104.907272519000074, -5.33650814799992, 0.0 ], [ 104.907846594000048, -5.336915888, 0.0 ], [ 104.907915839000097, -5.337087275999965, 0.0 ], [ 104.908041178000076, -5.337209240999931, 0.0 ], [ 104.908244525000029, -5.337270100999904, 0.0 ], [ 104.908399468000056, -5.337268422999943, 0.0 ], [ 104.908576701000058, -5.337286316, 0.0 ], [ 104.90880322200006, -5.337368256999943, 0.0 ], [ 104.90891679800005, -5.337446182, 0.0 ], [ 104.90902197000004, -5.337595048999967, 0.0 ], [ 104.909130202000114, -5.337798005999973, 0.0 ], [ 104.909208095000082, -5.338032538999927, 0.0 ], [ 104.909263389000031, -5.338316489999974, 0.0 ], [ 104.909303574000077, -5.338730165999918, 0.0 ], [ 104.909341027000067, -5.338935436999938, 0.0 ], [ 104.909394905000084, -5.339089589, 0.0 ], [ 104.909530561000025, -5.339272592999945, 0.0 ], [ 104.909707365000088, -5.339517199999934, 0.0 ], [ 104.909860827000088, -5.339525286999981, 0.0 ], [ 104.910107731, -5.339433635999947, 0.0 ], [ 104.91035861400006, -5.339369889999913, 0.0 ], [ 104.910637357000027, -5.33940182199998, 0.0 ], [ 104.911196110000077, -5.339839651999968, 0.0 ], [ 104.911427017000094, -5.340230350999965, 0.0 ], [ 104.911781350000098, -5.340760591999961, 0.0 ], [ 104.911995853000079, -5.34090978299996, 0.0 ], [ 104.91227393200009, -5.340961375999965, 0.0 ], [ 104.912482417000021, -5.340975216999956, 0.0 ], [ 104.913012799000029, -5.340918020999931, 0.0 ], [ 104.913343861000058, -5.340783053999955, 0.0 ], [ 104.913765196000014, -5.340592604999918, 0.0 ], [ 104.914144882000073, -5.340278133000011, 0.0 ], [ 104.914420775000082, -5.339882362999949, 0.0 ], [ 104.914607746000101, -5.339520417999934, 0.0 ], [ 104.914819710000046, -5.339143103999978, 0.0 ], [ 104.914985207000058, -5.338934533999952, 0.0 ], [ 104.915205849000117, -5.338824131999965, 0.0 ], [ 104.915386633000054, -5.338867102999968, 0.0 ], [ 104.915610301000086, -5.339035848999986, 0.0 ], [ 104.915932009000059, -5.339305835999943, 0.0 ], [ 104.916367876000066, -5.33949448499992, 0.0 ], [ 104.916662043000073, -5.339509861999948, 0.0 ], [ 104.916977681000077, -5.339365730999925, 0.0 ], [ 104.917149318000071, -5.339065133999922, 0.0 ], [ 104.917094207000034, -5.338733831999955, 0.0 ], [ 104.916762972000072, -5.338230414999957, 0.0 ], [ 104.916514806000052, -5.337954301999938, 0.0 ], [ 104.916343249000079, -5.337653658999931, 0.0 ], [ 104.916217659000068, -5.337328481999938, 0.0 ], [ 104.916199376000066, -5.336986605999895, 0.0 ], [ 104.916199400000067, -5.336808688, 0.0 ], [ 104.916263779000076, -5.336578630999979, 0.0 ], [ 104.916407831000086, -5.336345517999964, 0.0 ], [ 104.916635670000019, -5.335956441999924, 0.0 ], [ 104.916809548000018, -5.33553823099996, 0.0 ], [ 104.916983412000022, -5.335226868999955, 0.0 ], [ 104.917099475000029, -5.334908146999963, 0.0 ], [ 104.917255047000111, -5.334544883999927, 0.0 ], [ 104.917374237000018, -5.334158642999943, 0.0 ], [ 104.917499314000068, -5.333801482999968, 0.0 ], [ 104.917701005000055, -5.333478311999963, 0.0 ], [ 104.917841306000028, -5.333292110999922, 0.0 ], [ 104.917957199000028, -5.333209699999943, 0.0 ], [ 104.918265205000111, -5.333163948999887, 0.0 ], [ 104.919021464000068, -5.333280056, 0.0 ], [ 104.919410328000097, -5.333332028999939, 0.0 ], [ 104.919809812000011, -5.333325975999971, 0.0 ], [ 104.920113177000076, -5.333180260999905, 0.0 ] ] ] ] } },
{ "type": "Feature", "properties": { "KDPPUM": null, "NAMOBJ": "GEDONGTATAAN", "REMARK": "Wilayah Administrasi Kecamatan", "KDPBPS": null, "FCODE": null, "LUASWH": 0.0, "UUPP": null, "SRS_ID": null, "LCODE": "BA0080", "METADATA": null, "KDEBPS": null, "KDEPUM": null, "KDCBPS": null, "KDCPUM": null, "KDBBPS": null, "KDBPUM": null, "WADMKD": null, "WIADKD": null, "WADMKC": null, "WIADKC": null, "WADMKK": "PESAWARAN", "WIADKK": null, "WADMPR": "LAMPUNG", "WIADPR": null, "TIPADM": 0, "Shape_Leng": 0.61766251606, "Shape_Area": 0.01269139034 }, "geometry": { "type": "MultiPolygon", "coordinates": [ [ [ [ 105.064803315327765, -5.38833443331851, 0.0 ], [ 105.062558626000197, -5.389567855999923, 0.0 ], [ 105.057893161, -5.391629828999912, 0.0 ], [ 105.050736688000015, -5.394773284999856, 0.0 ], [ 105.045078580846464, -5.398579529586746, 0.0 ], [ 105.044654675000032, -5.396935596999976, 0.0 ], [ 105.044619772000075, -5.395956001999926, 0.0 ], [ 105.044473239000027, -5.39277053799997, 0.0 ], [ 105.044464206000086, -5.392680073999946, 0.0 ], [ 105.044364900000033, -5.392481057999911, 0.0 ], [ 105.044319762000029, -5.392399641999924, 0.0 ], [ 105.044202404, -5.392200627999978, 0.0 ], [ 105.04412116100012, -5.392119215, 0.0 ], [ 105.043823275000079, -5.391920212999958, 0.0 ], [ 105.043525388000035, -5.391712164999975, 0.0 ], [ 105.043173340000038, -5.391467933999929, 0.0 ], [ 105.043055994000014, -5.391431756999955, 0.0 ], [ 105.042947678000104, -5.391431763999956, 0.0 ], [ 105.042747328000047, -5.39151293600001, 0.0 ], [ 105.042454407000065, -5.391469401999961, 0.0 ], [ 105.042059739000095, -5.39128106100001, 0.0 ], [ 105.041722392000068, -5.391108635999954, 0.0 ], [ 105.041790735000035, -5.390960276999936, 0.0 ], [ 105.041806006000058, -5.390819249999902, 0.0 ], [ 105.041837302000076, -5.3906271, 0.0 ], [ 105.041873447000043, -5.390147234999988, 0.0 ], [ 105.041888034000095, -5.390022563999976, 0.0 ], [ 105.041940831000019, -5.389918750999913, 0.0 ], [ 105.042684097000063, -5.389102477999964, 0.0 ], [ 105.042767356000112, -5.388970166999941, 0.0 ], [ 105.043134297000094, -5.388157634999947, 0.0 ], [ 105.053904725000038, -5.388662622999986, 0.0 ], [ 105.053905495000024, -5.388662658999989, 0.0 ], [ 105.054248487000066, -5.388554069999975, 0.0 ], [ 105.058635257000034, -5.388083244999921, 0.0 ], [ 105.059980179000021, -5.388028834999949, 0.0 ], [ 105.061766212000094, -5.387997526999934, 0.0 ], [ 105.06205623800011, -5.387992440999957, 0.0 ], [ 105.06316649200005, -5.388100884999959, 0.0 ], [ 105.064803315327765, -5.38833443331851, 0.0 ] ] ] ] } },
{ "type": "Feature", "properties": { "KDPPUM": null, "NAMOBJ": "PRINGSEWU", "REMARK": "Wilayah Administrasi Kecamatan", "KDPBPS": null, "FCODE": null, "LUASWH": 0.0, "UUPP": null, "SRS_ID": null, "LCODE": "BA0080", "METADATA": null, "KDEBPS": null, "KDEPUM": null, "KDCBPS": null, "KDCPUM": null, "KDBBPS": null, "KDBPUM": null, "WADMKD": null, "WIADKD": null, "WADMKC": null, "WIADKC": null, "WADMKK": "PRINGSEWU", "WIADKK": null, "WADMPR": "LAMPUNG", "WIADPR": null, "TIPADM": 0, "Shape_Leng": 0.36927692835999998, "Shape_Area": 0.00360000067 }, "geometry": { "type": "MultiPolygon", "coordinates": [ [ [ [ 105.002551479000019, -5.33732003599995, 0.0 ], [ 105.001990458000051, -5.338114863999989, 0.0 ], [ 105.001945331000044, -5.338549096999946, 0.0 ], [ 105.001530153000061, -5.339010470999929, 0.0 ], [ 105.000658871, -5.339234861999932, 0.0 ], [ 105.000595692000019, -5.339379606, 0.0 ], [ 104.99999999900011, -5.340323125999914, 0.0 ], [ 104.999864614000018, -5.340537561999982, 0.0 ], [ 104.999702671000108, -5.34052000499995, 0.0 ], [ 104.999693126000039, -5.340664212999981, 0.0 ], [ 104.999729229000096, -5.341216051999899, 0.0 ], [ 104.999703296000078, -5.341242214999932, 0.0 ], [ 104.999115483000111, -5.341234143999975, 0.0 ], [ 104.99757209300013, -5.340998929999964, 0.0 ], [ 104.997409633000103, -5.340591835999943, 0.0 ], [ 104.997093735000078, -5.340347577999983, 0.0 ], [ 104.996263371000026, -5.340836086, 0.0 ], [ 104.996127985000015, -5.341071294999912, 0.0 ], [ 104.995956496000034, -5.341234130999974, 0.0 ], [ 104.996407773000072, -5.342319716999912, 0.0 ], [ 104.996461926000023, -5.34257302, 0.0 ], [ 104.995784998000062, -5.342717760999983, 0.0 ], [ 104.995843356000094, -5.34315926700001, 0.0 ], [ 104.995915557000032, -5.343828709999977, 0.0 ], [ 104.995112268000085, -5.343964401999925, 0.0 ], [ 104.995915548000113, -5.345149502999925, 0.0 ], [ 104.99552744000006, -5.345438988999986, 0.0 ], [ 104.995554516000084, -5.345638012999933, 0.0 ], [ 104.995978724000011, -5.345855131999956, 0.0 ], [ 104.996935457000035, -5.345095229999965, 0.0 ], [ 104.997061813000101, -5.345873230999944, 0.0 ], [ 104.996908375000018, -5.345909417, 0.0 ], [ 104.996998629000117, -5.346615045999949, 0.0 ], [ 104.997134016000032, -5.346624092999987, 0.0 ], [ 104.997170118, -5.346814070999896, 0.0 ], [ 104.99762140700004, -5.346578862999975, 0.0 ], [ 104.997865100000041, -5.347311631999942, 0.0 ], [ 104.998560084000076, -5.346949772999933, 0.0 ], [ 104.998370545000029, -5.346434120999989, 0.0 ], [ 104.998939168000092, -5.346162725999916, 0.0 ], [ 104.998957218000072, -5.346741703999948, 0.0 ], [ 104.998758651000074, -5.346841214999921, 0.0 ], [ 104.998885011000056, -5.347438285999941, 0.0 ], [ 104.997865097000044, -5.347917749, 0.0 ], [ 104.997612376000092, -5.347981074, 0.0 ], [ 104.997765812000083, -5.348324842999931, 0.0 ], [ 104.997143032000068, -5.348650514999965, 0.0 ], [ 104.997052775000057, -5.348478629999954, 0.0 ], [ 104.996782, -5.348813350999938, 0.0 ], [ 104.9966056210001, -5.348828337999935, 0.0 ], [ 104.996573535000024, -5.348907287999983, 0.0 ], [ 104.996461830000015, -5.349010264999977, 0.0 ], [ 104.996383812000047, -5.349175386999962, 0.0 ], [ 104.996408633000058, -5.34939554899997, 0.0 ], [ 104.996501435000098, -5.349869554999932, 0.0 ], [ 104.996605923000033, -5.350032535, 0.0 ], [ 104.996765738000121, -5.350281817999937, 0.0 ], [ 104.996857228000053, -5.350597376999934, 0.0 ], [ 104.996933467000048, -5.351080893999972, 0.0 ], [ 104.997064389000045, -5.35159301799998, 0.0 ], [ 104.998853340000011, -5.352616657999944, 0.0 ], [ 104.999323579000105, -5.352821385, 0.0 ], [ 104.999842734000069, -5.352855792999923, 0.0 ], [ 104.99999999900011, -5.352882393, 0.0 ], [ 105.000023182000078, -5.352886314999962, 0.0 ], [ 105.000223140000102, -5.352979101999912, 0.0 ], [ 105.000404809000116, -5.35311217999991, 0.0 ], [ 105.00054260800006, -5.353595092999987, 0.0 ], [ 105.000856829000043, -5.354645534999948, 0.0 ], [ 105.000991527000082, -5.354849351999937, 0.0 ], [ 105.001446509000075, -5.355083141999918, 0.0 ], [ 105.001662028000055, -5.35525098999995, 0.0 ], [ 105.001757814000072, -5.355400856, 0.0 ], [ 105.00180271400005, -5.355544726999918, 0.0 ], [ 105.001931427000045, -5.355808489999982, 0.0 ], [ 105.002008231, -5.355851705999916, 0.0 ], [ 105.002058129000048, -5.355862115999978, 0.0 ], [ 105.002093473000045, -5.355837132999953, 0.0 ], [ 105.002105949000097, -5.355780921999921, 0.0 ], [ 105.002120500000061, -5.355347891999974, 0.0 ], [ 105.002149607000064, -5.355156358999936, 0.0 ], [ 105.002224453000039, -5.355133458999907, 0.0 ], [ 105.00248018200007, -5.355120965999939, 0.0 ], [ 105.002548791000052, -5.355120965999939, 0.0 ], [ 105.002698487, -5.355293760999936, 0.0 ], [ 105.002970151000014, -5.355425290999984, 0.0 ], [ 105.003069278000041, -5.355497410999911, 0.0 ], [ 105.003069279000044, -5.355765703, 0.0 ], [ 105.003110213000056, -5.356022816999952, 0.0 ], [ 105.003378530000049, -5.356590884999969, 0.0 ], [ 105.00369149, -5.356975695999923, 0.0 ], [ 105.004112567000035, -5.357569515999939, 0.0 ], [ 105.004350717000108, -5.357897427999982, 0.0 ], [ 105.004645084000046, -5.358405823999947, 0.0 ], [ 105.004779341000045, -5.358917798999942, 0.0 ], [ 105.004771904000052, -5.359506552999983, 0.0 ], [ 105.00471334400001, -5.360012552999928, 0.0 ], [ 105.00455210300008, -5.360598946999952, 0.0 ], [ 105.004494977000064, -5.360948940999956, 0.0 ], [ 105.004425509000086, -5.361366844999983, 0.0 ], [ 105.004380546000093, -5.361537944999929, 0.0 ], [ 105.004251653, -5.361796094999972, 0.0 ], [ 105.004017844000018, -5.362060249999979, 0.0 ], [ 105.003834994000073, -5.362192326999983, 0.0 ], [ 105.003654539000067, -5.362279890999945, 0.0 ], [ 105.003356433000093, -5.362380196999895, 0.0 ], [ 105.003137025000058, -5.362459006999932, 0.0 ], [ 105.00290569500001, -5.362619017999938, 0.0 ], [ 105.002652273000095, -5.362909265999972, 0.0 ], [ 105.002535416000015, -5.363183908999959, 0.0 ], [ 105.002470301000045, -5.363479681999918, 0.0 ], [ 105.00243307000008, -5.36376895099996, 0.0 ], [ 105.002383914000092, -5.364020002999949, 0.0 ], [ 105.002241359000024, -5.364271054999938, 0.0 ], [ 105.002039815000046, -5.364433500999967, 0.0 ], [ 105.001754700000077, -5.364472881999939, 0.0 ], [ 105.001410599000025, -5.36443842499993, 0.0 ], [ 105.001066497000068, -5.364315360999962, 0.0 ], [ 105.000707647000041, -5.36409384599993, 0.0 ], [ 105.00019777200005, -5.363711010999962, 0.0 ], [ 104.99999999900011, -5.363585167999942, 0.0 ], [ 104.999988415000047, -5.363577796999953, 0.0 ], [ 104.999645459000092, -5.363365670999899, 0.0 ], [ 104.999343636000077, -5.363275310999972, 0.0 ], [ 104.99910715700004, -5.363209874999976, 0.0 ], [ 104.998655981000113, -5.36311951299996, 0.0 ], [ 104.998018757000054, -5.362911784999914, 0.0 ], [ 104.997714262000088, -5.36277791699994, 0.0 ], [ 104.997387488000044, -5.362614301, 0.0 ], [ 104.997125172000011, -5.362539366, 0.0 ], [ 104.996950291000104, -5.36253006699995, 0.0 ], [ 104.996776958000069, -5.362550212000018, 0.0 ], [ 104.99657886300011, -5.362607552999966, 0.0 ], [ 104.996498387000116, -5.362692789999914, 0.0 ], [ 104.996448864000101, -5.36278267699989, 0.0 ], [ 104.996416364000069, -5.362889609999945, 0.0 ], [ 104.99641017400009, -5.36304604500001, 0.0 ], [ 104.996449919000014, -5.36324284199995, 0.0 ], [ 104.996560323000082, -5.363386569999941, 0.0 ], [ 104.996710475000071, -5.363547986999974, 0.0 ], [ 104.997077596000068, -5.363800617, 0.0 ], [ 104.99719904300008, -5.363851474999949, 0.0 ], [ 104.997433102000088, -5.363920022999936, 0.0 ], [ 104.997572214000058, -5.364004048999961, 0.0 ], [ 104.997824800000075, -5.364142899999903, 0.0 ], [ 104.997943676000062, -5.364218009999989, 0.0 ], [ 104.998014436000048, -5.364314377999969, 0.0 ], [ 104.998059721000061, -5.364436252999928, 0.0 ], [ 104.998085160000045, -5.364613931999974, 0.0 ], [ 104.99807525300011, -5.36473439, 0.0 ], [ 104.998009656000093, -5.364897075999954, 0.0 ], [ 104.997922831000025, -5.365006262999929, 0.0 ], [ 104.997653836000055, -5.365221046999936, 0.0 ], [ 104.997453935000038, -5.365368651999981, 0.0 ], [ 104.997136458000057, -5.365520611999942, 0.0 ], [ 104.99680329100002, -5.365621707999958, 0.0 ], [ 104.996611468000054, -5.365684390999904, 0.0 ], [ 104.996417624000088, -5.365767289999924, 0.0 ], [ 104.996194728000035, -5.365901966999965, 0.0 ], [ 104.995886463000019, -5.366225080999966, 0.0 ], [ 104.995590252000028, -5.366646353999917, 0.0 ], [ 104.995530656000071, -5.366834566999946, 0.0 ], [ 104.995537533000103, -5.366942445, 0.0 ], [ 104.995597126000064, -5.367027371999912, 0.0 ], [ 104.99570943800002, -5.367084754999953, 0.0 ], [ 104.995949319000061, -5.367179993000017, 0.0 ], [ 104.996521929000011, -5.367262173999977, 0.0 ], [ 104.99693274500008, -5.367326459999967, 0.0 ], [ 104.997035449000052, -5.367391629999942, 0.0 ], [ 104.997060870000027, -5.367494475999925, 0.0 ], [ 104.997037678000055, -5.367607600999959, 0.0 ], [ 104.996962914000093, -5.367718403999978, 0.0 ], [ 104.99674460500006, -5.367847173999975, 0.0 ], [ 104.99644555, -5.36794599699998, 0.0 ], [ 104.996203317000038, -5.368044818999985, 0.0 ], [ 104.995873461000102, -5.368092825999961, 0.0 ], [ 104.995656676000095, -5.368131230999941, 0.0 ], [ 104.995469908000103, -5.368181326999911, 0.0 ], [ 104.995361516000102, -5.368249789999981, 0.0 ], [ 104.995289809000028, -5.368329943999951, 0.0 ], [ 104.995253122000108, -5.368428465999932, 0.0 ], [ 104.995258019000062, -5.368592877999946, 0.0 ], [ 104.99529303600012, -5.368694740999937, 0.0 ], [ 104.995381416000058, -5.368826662999927, 0.0 ], [ 104.995494810000125, -5.368963592999977, 0.0 ], [ 104.99559453800002, -5.369114232999918, 0.0 ], [ 104.995627847000023, -5.369276249999912, 0.0 ], [ 104.995594536000027, -5.36948591599994, 0.0 ], [ 104.995551646000109, -5.369628124999982, 0.0 ], [ 104.99551264100009, -5.369757456999936, 0.0 ], [ 104.995408950000026, -5.370004053999912, 0.0 ], [ 104.99524045400004, -5.370332849999938, 0.0 ], [ 104.994792295000082, -5.370964698, 0.0 ], [ 104.994455442000103, -5.371174655999956, 0.0 ], [ 104.993902320000075, -5.371465947999988, 0.0 ], [ 104.993434685000111, -5.371778127999972, 0.0 ], [ 104.992975894000068, -5.372040959999959, 0.0 ], [ 104.992723511000065, -5.372084530999922, 0.0 ], [ 104.99233840800008, -5.372077991, 0.0 ], [ 104.991809449000101, -5.372027321999985, 0.0 ], [ 104.991452367000051, -5.371982619999928, 0.0 ], [ 104.991124397000092, -5.371928202999955, 0.0 ], [ 104.99098855000004, -5.371902937999907, 0.0 ], [ 104.990891517000094, -5.371922369999917, 0.0 ], [ 104.99086709700002, -5.37194985099997, 0.0 ], [ 104.990804827000019, -5.372019927999906, 0.0 ], [ 104.990760523000091, -5.372122517999957, 0.0 ], [ 104.990724525000047, -5.372236198999948, 0.0 ], [ 104.990710679000046, -5.372352653999902, 0.0 ], [ 104.990710677000052, -5.372502381999945, 0.0 ], [ 104.990752208000018, -5.372688155999951, 0.0 ], [ 104.990813122000091, -5.372871157, 0.0 ], [ 104.99099936100005, -5.373200241999955, 0.0 ], [ 104.991442536000122, -5.373987119999958, 0.0 ], [ 104.991633630000123, -5.37433017099992, 0.0 ], [ 104.991793429000026, -5.374638990999893, 0.0 ], [ 104.991860714000083, -5.374821475999982, 0.0 ], [ 104.99187373800001, -5.37500000099992, 0.0 ], [ 104.991885184000068, -5.375156873999932, 0.0 ], [ 104.991882349, -5.375580912999935, 0.0 ], [ 104.991933620000069, -5.375819667999972, 0.0 ], [ 104.991995189000107, -5.376172354999932, 0.0 ], [ 104.99205283100008, -5.376937777999936, 0.0 ], [ 104.992134097000047, -5.377386070999902, 0.0 ], [ 104.992226591000062, -5.377803700999907, 0.0 ], [ 104.992311996000026, -5.378021164999959, 0.0 ], [ 104.992518059000119, -5.378415321999976, 0.0 ], [ 104.992790437000096, -5.378844957999908, 0.0 ], [ 104.992827279000025, -5.378983306999986, 0.0 ], [ 104.992847538000021, -5.379167771999972, 0.0 ], [ 104.992822132000043, -5.379300104, 0.0 ], [ 104.992795751000088, -5.379407237999979, 0.0 ], [ 104.992729796000049, -5.379543724, 0.0 ], [ 104.992571182000063, -5.379698430999914, 0.0 ], [ 104.992145229000087, -5.379885978999978, 0.0 ], [ 104.991710213000061, -5.380025125999945, 0.0 ], [ 104.991308431000036, -5.380100745999895, 0.0 ], [ 104.990751247000034, -5.380155665, 0.0 ], [ 104.990213523000037, -5.380194982999965, 0.0 ], [ 104.989352870000062, -5.380315314999974, 0.0 ], [ 104.988721616000049, -5.380432644999912, 0.0 ], [ 104.988428394000039, -5.380490400999983, 0.0 ], [ 104.988296203000033, -5.380552973, 0.0 ], [ 104.988204868000111, -5.380668494999975, 0.0 ], [ 104.988168813000058, -5.38082252499993, 0.0 ], [ 104.988162368000062, -5.381002678, 0.0 ], [ 104.98817383600003, -5.381199901999979, 0.0 ], [ 104.98825414400001, -5.381443082999938, 0.0 ], [ 104.988358386000115, -5.381614, 0.0 ], [ 104.988426588000067, -5.381802509999924, 0.0 ], [ 104.988467510000078, -5.382032, 0.0 ], [ 104.988437493000077, -5.382288807999926, 0.0 ], [ 104.988379379000065, -5.382472578999943, 0.0 ], [ 104.988074471000061, -5.382928332999905, 0.0 ], [ 104.987539781000052, -5.383428329999974, 0.0 ], [ 104.986974160000059, -5.383830980999983, 0.0 ], [ 104.986537556000087, -5.384085966999942, 0.0 ], [ 104.985883637000072, -5.384462635999933, 0.0 ], [ 104.985259576000047, -5.38474862799997, 0.0 ], [ 104.984732224000112, -5.384938717999978, 0.0 ], [ 104.984188235000033, -5.385048195999977, 0.0 ], [ 104.983706910000095, -5.385052584999896, 0.0 ], [ 104.983434382000013, -5.384999757999966, 0.0 ], [ 104.982833379000027, -5.38489998499997, 0.0 ], [ 104.982486125000065, -5.384814143999973, 0.0 ], [ 104.982163050000068, -5.38466668199994, 0.0 ], [ 104.982006653000013, -5.384529079999924, 0.0 ], [ 104.981953908, -5.384425641999981, 0.0 ], [ 104.981953913, -5.384267182999926, 0.0 ], [ 104.982193316000092, -5.384018150999927, 0.0 ], [ 104.982409607000051, -5.383880710999923, 0.0 ], [ 104.982792275000094, -5.383672471999924, 0.0 ], [ 104.983058987000035, -5.38349279599989, 0.0 ], [ 104.983119996000113, -5.383396338999903, 0.0 ], [ 104.983131190000066, -5.383235045999969, 0.0 ], [ 104.983116744000114, -5.38311768799994, 0.0 ], [ 104.983073399000077, -5.383072671999946, 0.0 ], [ 104.98297225400006, -5.383022831999908, 0.0 ], [ 104.982845424000047, -5.383005142999954, 0.0 ], [ 104.982712169000123, -5.38303086199995, 0.0 ], [ 104.982337557000037, -5.383138868999916, 0.0 ], [ 104.982070470000053, -5.38326486899995, 0.0 ], [ 104.981751629000044, -5.383398724999923, 0.0 ], [ 104.981582132000057, -5.38345272299995, 0.0 ], [ 104.981389524000107, -5.383470717999929, 0.0 ], [ 104.981160963000022, -5.383473282999963, 0.0 ], [ 104.980934066000088, -5.383462879, 0.0 ], [ 104.980636166000039, -5.383403722999981, 0.0 ], [ 104.980322863000055, -5.38329313399989, 0.0 ], [ 104.979800157000057, -5.383681092999927, 0.0 ], [ 104.979206909000084, -5.383748138999968, 0.0 ], [ 104.978785880000061, -5.38419842400001, 0.0 ], [ 104.978584910000052, -5.385108596999912, 0.0 ], [ 104.978512218000077, -5.385616486999924, 0.0 ], [ 104.977972114000053, -5.386576326999938, 0.0 ], [ 104.977576628000108, -5.387442096999985, 0.0 ], [ 104.977338331000027, -5.387464477999972, 0.0 ], [ 104.977055342000057, -5.38755402799992, 0.0 ], [ 104.976601080000037, -5.387845081999933, 0.0 ], [ 104.976169161000101, -5.388046577, 0.0 ], [ 104.975759579000041, -5.38830031499994, 0.0 ], [ 104.9755659610001, -5.388374940999897, 0.0 ], [ 104.975276124000104, -5.388418841999977, 0.0 ], [ 104.974499446000053, -5.388485273999967, 0.0 ], [ 104.972838585000034, -5.388682867999973, 0.0 ], [ 104.97266011100001, -5.388166992000011, 0.0 ], [ 104.972260467000069, -5.388216729999952, 0.0 ], [ 104.97182110600005, -5.388271440999949, 0.0 ], [ 104.971734228000059, -5.388258997999985, 0.0 ], [ 104.971706925000021, -5.388204264999986, 0.0 ], [ 104.971697, -5.388127143, 0.0 ], [ 104.971674662000098, -5.388069922999973, 0.0 ], [ 104.971642395000089, -5.388027628999938, 0.0 ], [ 104.971600198000061, -5.388010213, 0.0 ], [ 104.971518284000041, -5.388002744999921, 0.0 ], [ 104.971401618000073, -5.387995276999925, 0.0 ], [ 104.971342046000117, -5.387965419999942, 0.0 ], [ 104.97130481400005, -5.387910686999943, 0.0 ], [ 104.97129985300009, -5.387848491999948, 0.0 ], [ 104.971299856000087, -5.387791272999921, 0.0 ], [ 104.971284965000095, -5.387736541000011, 0.0 ], [ 104.971247732000037, -5.387704197999911, 0.0 ], [ 104.971116174000073, -5.387686776999979, 0.0 ], [ 104.970915113000046, -5.387666864999931, 0.0 ], [ 104.969632824000087, -5.387512533999951, 0.0 ], [ 104.969075779, -5.387432921999936, 0.0 ], [ 104.968671175000011, -5.387373194999968, 0.0 ], [ 104.967626156000051, -5.38725621399997, 0.0 ], [ 104.966787162000088, -5.387151680999937, 0.0 ], [ 104.966440028000065, -5.387126213999961, 0.0 ], [ 104.966491509000051, -5.386213363999927, 0.0 ], [ 104.965082286000069, -5.38599883399994, 0.0 ], [ 104.965076480000036, -5.385714284999933, 0.0 ], [ 104.965063623000034, -5.385611153999927, 0.0 ], [ 104.964978834000036, -5.385224320999983, 0.0 ], [ 104.964931585000045, -5.385007173999957, 0.0 ], [ 104.96484541800001, -5.384703723999985, 0.0 ], [ 104.964524463000018, -5.3847574349999, 0.0 ], [ 104.964268692000076, -5.384744095999951, 0.0 ], [ 104.963974483000072, -5.384711507999919, 0.0 ], [ 104.963655669000076, -5.384606099999901, 0.0 ], [ 104.96320475300007, -5.384421016999953, 0.0 ], [ 104.96296692300011, -5.384304137999964, 0.0 ], [ 104.962842621000036, -5.384276211999962, 0.0 ], [ 104.962738066, -5.384278532999888, 0.0 ], [ 104.962618408000054, -5.384301790999947, 0.0 ], [ 104.962526082000053, -5.384340794999977, 0.0 ], [ 104.962494824000032, -5.384476395, 0.0 ], [ 104.962478148000073, -5.384647460999949, 0.0 ], [ 104.962434384000105, -5.38483521399994, 0.0 ], [ 104.962307026000047, -5.385082424999966, 0.0 ], [ 104.962186181000078, -5.385245138999929, 0.0 ], [ 104.962127845000055, -5.385297289999892, 0.0 ], [ 104.961990342000036, -5.385343176999958, 0.0 ], [ 104.961857006000017, -5.385349426999943, 0.0 ], [ 104.961650756000012, -5.385311861999943, 0.0 ], [ 104.961549356000063, -5.385222624999932, 0.0 ], [ 104.961441325000095, -5.38502591, 0.0 ], [ 104.961267395000093, -5.384817055999948, 0.0 ], [ 104.961126619000069, -5.384713775999929, 0.0 ], [ 104.960966195000125, -5.384639998999953, 0.0 ], [ 104.960777223000036, -5.38464676499998, 0.0 ], [ 104.96064527300004, -5.384749008, 0.0 ], [ 104.960547744000053, -5.384815638, 0.0 ], [ 104.960406612000014, -5.384925923999985, 0.0 ], [ 104.960251170000021, -5.384983260999933, 0.0 ], [ 104.960033602000053, -5.385002535999929, 0.0 ], [ 104.959825734000091, -5.384996847, 0.0 ], [ 104.95969892400008, -5.384993112999949, 0.0 ], [ 104.959483864000049, -5.384901820999945, 0.0 ], [ 104.959294436000093, -5.384839053999903, 0.0 ], [ 104.959134920000039, -5.38480766699997, 0.0 ], [ 104.959029520000016, -5.384823347999935, 0.0 ], [ 104.958939785000055, -5.384900357999912, 0.0 ], [ 104.958919835000088, -5.38504155199996, 0.0 ], [ 104.958927421000098, -5.385159944999986, 0.0 ], [ 104.959015130000068, -5.385323080999983, 0.0 ], [ 104.959129690000054, -5.385504142999954, 0.0 ], [ 104.959233704000042, -5.385759970999983, 0.0 ], [ 104.95924443900013, -5.385851396, 0.0 ], [ 104.959231900000063, -5.385958951999926, 0.0 ], [ 104.959224732000095, -5.386068301999915, 0.0 ], [ 104.95918533900003, -5.386191990999935, 0.0 ], [ 104.959091968000038, -5.386293575, 0.0 ], [ 104.958988134000066, -5.386350932999941, 0.0 ], [ 104.95883059500008, -5.386383188999945, 0.0 ], [ 104.958791273000116, -5.386384956, 0.0 ], [ 104.958671266000039, -5.386390348999916, 0.0 ], [ 104.95835377800006, -5.386232272999981, 0.0 ], [ 104.958101371000055, -5.386088845999927, 0.0 ], [ 104.957657495, -5.385872929, 0.0 ], [ 104.957421238000094, -5.385803064, 0.0 ], [ 104.957304232000084, -5.385803055999906, 0.0 ], [ 104.957232222000087, -5.385881910999947, 0.0 ], [ 104.957232214000086, -5.385990063999925, 0.0 ], [ 104.957259206000089, -5.386127509999929, 0.0 ], [ 104.957294167000057, -5.386346588000025, 0.0 ], [ 104.957278583000104, -5.386465121999974, 0.0 ], [ 104.957245600000121, -5.386529885999915, 0.0 ], [ 104.957106973000108, -5.386576665999966, 0.0 ], [ 104.956872094000033, -5.386625533999924, 0.0 ], [ 104.956625878000096, -5.386632508999968, 0.0 ], [ 104.956334808000079, -5.386621989999986, 0.0 ], [ 104.956021658000012, -5.386546706999974, 0.0 ], [ 104.955689726000088, -5.386349127999969, 0.0 ], [ 104.955097892000055, -5.385910070999968, 0.0 ], [ 104.954949681000045, -5.385761177, 0.0 ], [ 104.954764932000046, -5.385604371999898, 0.0 ], [ 104.954508155000028, -5.38544756399998, 0.0 ], [ 104.954154299000052, -5.385334647999963, 0.0 ], [ 104.953765989000075, -5.385284444999984, 0.0 ], [ 104.953424650000073, -5.385281284999989, 0.0 ], [ 104.953249021000019, -5.38529424, 0.0 ], [ 104.953130497000075, -5.385340385, 0.0 ], [ 104.95309098300001, -5.385439282999917, 0.0 ], [ 104.953069027000055, -5.385546972999945, 0.0 ], [ 104.953084379000074, -5.385696423999965, 0.0 ], [ 104.953158343000069, -5.385967626999934, 0.0 ], [ 104.953205565000076, -5.386125287000011, 0.0 ], [ 104.953217360000068, -5.386294769, 0.0 ], [ 104.95322522, -5.386472133999932, 0.0 ], [ 104.953213399, -5.386617965999919, 0.0 ], [ 104.953174028000035, -5.386763796, 0.0 ], [ 104.953138595000041, -5.386878093999949, 0.0 ], [ 104.953055931000037, -5.386956914999898, 0.0 ], [ 104.95286699200004, -5.387027847999905, 0.0 ], [ 104.952367611000014, -5.387139383999985, 0.0 ], [ 104.952124839000092, -5.387225000999964, 0.0 ], [ 104.951989653000098, -5.387318912999918, 0.0 ], [ 104.951904126000031, -5.387432165999963, 0.0 ], [ 104.951887560000088, -5.387608960999936, 0.0 ], [ 104.951875232000049, -5.387908158999911, 0.0 ], [ 104.951814465000083, -5.388054166, 0.0 ], [ 104.951743983000114, -5.388117431999907, 0.0 ], [ 104.951578725000019, -5.388139320999942, 0.0 ], [ 104.951350285000046, -5.388100365999916, 0.0 ], [ 104.951095122000069, -5.387929997999942, 0.0 ], [ 104.950879134000047, -5.387703223999919, 0.0 ], [ 104.950738637000057, -5.387531922999957, 0.0 ], [ 104.950558429000068, -5.387363677999891, 0.0 ], [ 104.950446279000033, -5.387328041999963, 0.0 ], [ 104.950358501000053, -5.38734304299996, 0.0 ], [ 104.950238603000074, -5.387433070999949, 0.0 ], [ 104.950120842000018, -5.387587413999929, 0.0 ], [ 104.95002928100007, -5.387740179999957, 0.0 ], [ 104.949914633000091, -5.387839991999956, 0.0 ], [ 104.949725225000051, -5.387889885999909, 0.0 ], [ 104.949569052000101, -5.387888209999948, 0.0 ], [ 104.949476017000038, -5.387821654999948, 0.0 ], [ 104.949441134000082, -5.387745121999922, 0.0 ], [ 104.94938409100007, -5.387472813999951, 0.0 ], [ 104.949313850000038, -5.387308660999958, 0.0 ], [ 104.949275802000088, -5.38723830999991, 0.0 ], [ 104.949178806000049, -5.387180634999934, 0.0 ], [ 104.948990105000064, -5.387178976999975, 0.0 ], [ 104.948724277000011, -5.387211815999938, 0.0 ], [ 104.948336010000034, -5.38730558199997, 0.0 ], [ 104.948058220000064, -5.387370031999973, 0.0 ], [ 104.947630889000052, -5.387406837, 0.0 ], [ 104.947307114000083, -5.387403124999958, 0.0 ], [ 104.946840775000041, -5.387375311999966, 0.0 ], [ 104.946730397000067, -5.387367933999977, 0.0 ], [ 104.946310954000083, -5.387434214999955, 0.0 ], [ 104.945819811000035, -5.387652280999967, 0.0 ], [ 104.94566287100011, -5.387812479999988, 0.0 ], [ 104.945501979000113, -5.388052033999914, 0.0 ], [ 104.945388525000055, -5.388254416999962, 0.0 ], [ 104.945280938000039, -5.388493142999907, 0.0 ], [ 104.945181923000106, -5.388695526999955, 0.0 ], [ 104.945051966, -5.38893508399997, 0.0 ], [ 104.94490413500003, -5.389161253999943, 0.0 ], [ 104.944687604000066, -5.389267321999926, 0.0 ], [ 104.944542249000023, -5.38930733499995, 0.0 ], [ 104.944358744000027, -5.389290944000015, 0.0 ], [ 104.944173431000067, -5.38918722499996, 0.0 ], [ 104.943897199000034, -5.388913162999932, 0.0 ], [ 104.943982795000096, -5.38038324199991, 0.0 ], [ 104.937520354000071, -5.379832447999989, 0.0 ], [ 104.932371814000049, -5.378850287, 0.0 ], [ 104.932383956000081, -5.378683209999936, 0.0 ], [ 104.932416476000114, -5.378448004999926, 0.0 ], [ 104.9324850900001, -5.378321360999928, 0.0 ], [ 104.932636747000032, -5.378169396999967, 0.0 ], [ 104.93281006800008, -5.378002959999963, 0.0 ], [ 104.932914788000033, -5.377858226999978, 0.0 ], [ 104.932979795000094, -5.37768815999994, 0.0 ], [ 104.933037586000069, -5.377481905999927, 0.0 ], [ 104.933048438000085, -5.37729374, 0.0 ], [ 104.933034019000047, -5.377080240999911, 0.0 ], [ 104.932983502000042, -5.376808839999926, 0.0 ], [ 104.93294742900008, -5.376515728999921, 0.0 ], [ 104.9329402380001, -5.376240714, 0.0 ], [ 104.932940266000102, -5.375991029999939, 0.0 ], [ 104.932954742000064, -5.375672594999971, 0.0 ], [ 104.932969217, -5.375375870999934, 0.0 ], [ 104.933051659000085, -5.375000002, 0.0 ], [ 104.933077210000064, -5.374842192999919, 0.0 ], [ 104.933137488000085, -5.374668895999969, 0.0 ], [ 104.933197764000099, -5.374424710000016, 0.0 ], [ 104.933269429000077, -5.373866222, 0.0 ], [ 104.9332461340001, -5.373692364, 0.0 ], [ 104.933146591000124, -5.373542686999956, 0.0 ], [ 104.932968462000034, -5.373361492999974, 0.0 ], [ 104.932850589000054, -5.373206558999945, 0.0 ], [ 104.932760794000089, -5.373068905999924, 0.0 ], [ 104.932687265000041, -5.372759081999957, 0.0 ], [ 104.932650619000029, -5.372422981999948, 0.0 ], [ 104.932569363000056, -5.372123406999942, 0.0 ], [ 104.932530828000068, -5.371817024999904, 0.0 ], [ 104.9322950480001, -5.371811751999912, 0.0 ], [ 104.932088082000021, -5.371788099, 0.0 ], [ 104.931768474000052, -5.371725045999932, 0.0 ], [ 104.9314803, -5.371619982999944, 0.0 ], [ 104.931346699000059, -5.371512305999916, 0.0 ], [ 104.931150233000054, -5.371383624000016, 0.0 ], [ 104.930565584000092, -5.370989274999983, 0.0 ], [ 104.930312099000076, -5.371112368999954, 0.0 ], [ 104.930270859000032, -5.37086715, 0.0 ], [ 104.930265175000017, -5.370056582, 0.0 ], [ 104.930308630000056, -5.368910212999912, 0.0 ], [ 104.930340525000119, -5.367827529999948, 0.0 ], [ 104.930160307000037, -5.367228222999922, 0.0 ], [ 104.931012267000099, -5.36699157199997, 0.0 ], [ 104.933708651000089, -5.366437798999891, 0.0 ], [ 104.936596312000091, -5.365861018999952, 0.0 ], [ 104.937419043000048, -5.365605810999975, 0.0 ], [ 104.937957518000104, -5.365517653999964, 0.0 ], [ 104.939601050000107, -5.364862859999965, 0.0 ], [ 104.940103755000038, -5.364485243999985, 0.0 ], [ 104.940577671000085, -5.363970371999928, 0.0 ], [ 104.941200563000024, -5.363322022999929, 0.0 ], [ 104.941718066000121, -5.362487784999916, 0.0 ], [ 104.941212578000034, -5.362270746999988, 0.0 ], [ 104.940611500000045, -5.362107308999965, 0.0 ], [ 104.940351306000096, -5.361946900999927, 0.0 ], [ 104.940798341000047, -5.360934109999972, 0.0 ], [ 104.94105020900011, -5.360376527999934, 0.0 ], [ 104.941098113000066, -5.360312967, 0.0 ], [ 104.941313270000109, -5.360119709999912, 0.0 ], [ 104.941511854000026, -5.359885281999967, 0.0 ], [ 104.937566412000066, -5.358365759, 0.0 ], [ 104.935356880000128, -5.35751477999994, 0.0 ], [ 104.935239069000062, -5.357541602999939, 0.0 ], [ 104.93339788300004, -5.356618660999958, 0.0 ], [ 104.933136140000059, -5.356546260999918, 0.0 ], [ 104.933207261000078, -5.35626862499995, 0.0 ], [ 104.932368963000087, -5.356329059999977, 0.0 ], [ 104.932387067000079, -5.355849597, 0.0 ], [ 104.932007974000058, -5.355903833999966, 0.0 ], [ 104.931430301000049, -5.356048513999946, 0.0 ], [ 104.931060226000071, -5.356175122999941, 0.0 ], [ 104.93106983400007, -5.355228159999927, 0.0 ], [ 104.93112411200012, -5.349878754999983, 0.0 ], [ 104.931250553000012, -5.349164093999915, 0.0 ], [ 104.931133280000068, -5.348603196999958, 0.0 ], [ 104.930092575000032, -5.347230205999955, 0.0 ], [ 104.928760650000044, -5.346129652999933, 0.0 ], [ 104.927926490000047, -5.345711303999957, 0.0 ], [ 104.926458360000069, -5.344975000999964, 0.0 ], [ 104.924066491000048, -5.345399895999948, 0.0 ], [ 104.922763945000014, -5.34392244, 0.0 ], [ 104.92152848900011, -5.341747500999906, 0.0 ], [ 104.921433170000043, -5.335908336999941, 0.0 ], [ 104.921434632000071, -5.335698521999989, 0.0 ], [ 104.921416042000047, -5.33539665499997, 0.0 ], [ 104.921384003000057, -5.335098865999933, 0.0 ], [ 104.92132970500009, -5.334814111, 0.0 ], [ 104.921255058000042, -5.334504176999934, 0.0 ], [ 104.92114176600009, -5.334241197999935, 0.0 ], [ 104.920926010000088, -5.334029553999921, 0.0 ], [ 104.92076768000004, -5.333919057999926, 0.0 ], [ 104.920551619000022, -5.333760018999913, 0.0 ], [ 104.920417281000098, -5.333637783000013, 0.0 ], [ 104.920193770000083, -5.333370121999982, 0.0 ], [ 104.920153641000041, -5.333292826999982, 0.0 ], [ 104.920113177000076, -5.333180260999905, 0.0 ], [ 104.920212045000085, -5.33310602299998, 0.0 ], [ 104.920328801000053, -5.332955226999937, 0.0 ], [ 104.920459470000125, -5.332704202999951, 0.0 ], [ 104.920487747000067, -5.332453165999963, 0.0 ], [ 104.920482897000014, -5.332022251999925, 0.0 ], [ 104.920415381000026, -5.331604785999934, 0.0 ], [ 104.920277710000093, -5.331167941999938, 0.0 ], [ 104.920246853000023, -5.330855684999948, 0.0 ], [ 104.920242301000101, -5.330518562999943, 0.0 ], [ 104.920318309000081, -5.330332809999939, 0.0 ], [ 104.920485943000088, -5.330187355999984, 0.0 ], [ 104.92070720400001, -5.330115765999922, 0.0 ], [ 104.921202472000047, -5.329996741999933, 0.0 ], [ 104.92140137800007, -5.329981100999971, 0.0 ], [ 104.921611449000054, -5.330021413999932, 0.0 ], [ 104.921770115000029, -5.330093051999908, 0.0 ], [ 104.922053532000035, -5.330200934999953, 0.0 ], [ 104.922283907000093, -5.330240840999968, 0.0 ], [ 104.92260529900004, -5.330249425999968, 0.0 ], [ 104.922761735, -5.330209568999956, 0.0 ], [ 104.923393990000093, -5.329985074999945, 0.0 ], [ 104.923698426000058, -5.329939381999983, 0.0 ], [ 104.924245504000027, -5.329869990999926, 0.0 ], [ 104.925018378000033, -5.329834746999941, 0.0 ], [ 104.925461876000043, -5.329762701999931, 0.0 ], [ 104.925790180000035, -5.329699294999925, 0.0 ], [ 104.926086799000061, -5.329696445999955, 0.0 ], [ 104.92634569600007, -5.32973704699994, 0.0 ], [ 104.926473978000033, -5.329865545, 0.0 ], [ 104.926599331, -5.330102085999945, 0.0 ], [ 104.926625556000047, -5.330251012999922, 0.0 ], [ 104.926616788000032, -5.330423296999966, 0.0 ], [ 104.926572803000042, -5.330669975999948, 0.0 ], [ 104.926464899000081, -5.330827646999937, 0.0 ], [ 104.926354083000064, -5.330923996999916, 0.0 ], [ 104.925750152, -5.331316088999939, 0.0 ], [ 104.925518138000086, -5.331536765999902, 0.0 ], [ 104.925399514000034, -5.331767838999925, 0.0 ], [ 104.925346118000064, -5.332088436999895, 0.0 ], [ 104.925372440000018, -5.332483226999964, 0.0 ], [ 104.925430352, -5.332711178, 0.0 ], [ 104.925554486000067, -5.332874898999952, 0.0 ], [ 104.925740714000113, -5.332893571999898, 0.0 ], [ 104.925918671, -5.332870797999968, 0.0 ], [ 104.926066482000067, -5.332812319999926, 0.0 ], [ 104.926167890000016, -5.332673493999986, 0.0 ], [ 104.926352081000076, -5.33242484899993, 0.0 ], [ 104.926589989000036, -5.332263698, 0.0 ], [ 104.926743183000013, -5.332228597999945, 0.0 ], [ 104.926805936000051, -5.332235997999936, 0.0 ], [ 104.926994688000036, -5.33227481199995, 0.0 ], [ 104.927449288000076, -5.33259469899995, 0.0 ], [ 104.928047254, -5.333134340999925, 0.0 ], [ 104.928682752000086, -5.333651054999956, 0.0 ], [ 104.929330730000061, -5.334196136999937, 0.0 ], [ 104.929692645000074, -5.334525089999977, 0.0 ], [ 104.930139925000034, -5.334885250999934, 0.0 ], [ 104.930381218000022, -5.334959114999917, 0.0 ], [ 104.930585655000058, -5.33496249399993, 0.0 ], [ 104.930977778000084, -5.334888700999953, 0.0 ], [ 104.93151066800003, -5.334744441999918, 0.0 ], [ 104.932131887000097, -5.334525919999956, 0.0 ], [ 104.932426822000082, -5.334415195999943, 0.0 ], [ 104.932702609000074, -5.334198487999954, 0.0 ], [ 104.932813230000079, -5.333980345999935, 0.0 ], [ 104.932836725000058, -5.333735235999905, 0.0 ], [ 104.9329004290001, -5.333486880999962, 0.0 ], [ 104.933035248000053, -5.333377108999938, 0.0 ], [ 104.933365209, -5.333199963999936, 0.0 ], [ 104.933786011000095, -5.333132967999989, 0.0 ], [ 104.9345654480001, -5.333022912999942, 0.0 ], [ 104.935605374, -5.33282617, 0.0 ], [ 104.936384818000093, -5.33265385899996, 0.0 ], [ 104.936882117000025, -5.332687429999984, 0.0 ], [ 104.937183958000048, -5.332732213999959, 0.0 ], [ 104.937384186000088, -5.332847667999919, 0.0 ], [ 104.937567306000048, -5.333124172999971, 0.0 ], [ 104.937726130000044, -5.333519987999948, 0.0 ], [ 104.937947473000065, -5.334270083999927, 0.0 ], [ 104.938037819000087, -5.33441098499995, 0.0 ], [ 104.938311131000049, -5.334854487999964, 0.0 ], [ 104.938612110000079, -5.335061508999951, 0.0 ], [ 104.939063118, -5.33537362899993, 0.0 ], [ 104.939292728000083, -5.335485889999982, 0.0 ], [ 104.939560541000034, -5.335598764999906, 0.0 ], [ 104.939743604000085, -5.335738620999932, 0.0 ], [ 104.940041466000039, -5.336055613999958, 0.0 ], [ 104.940462646000071, -5.336686750999954, 0.0 ], [ 104.940606562000085, -5.336794862999929, 0.0 ], [ 104.94080446800011, -5.336836798000023, 0.0 ], [ 104.941086785000024, -5.336809105999953, 0.0 ], [ 104.941269469000034, -5.336720426999898, 0.0 ], [ 104.941386213000015, -5.336583615999947, 0.0 ], [ 104.941560618000054, -5.336223303999889, 0.0 ], [ 104.941646453000061, -5.335871297999985, 0.0 ], [ 104.941671403000072, -5.335667882999941, 0.0 ], [ 104.941677019000096, -5.33494328899994, 0.0 ], [ 104.941605097, -5.334302113, 0.0 ], [ 104.941516389000043, -5.333940696999941, 0.0 ], [ 104.94117842100006, -5.33334051099993, 0.0 ], [ 104.941117557000084, -5.333055011999933, 0.0 ], [ 104.941084349000093, -5.332817364999899, 0.0 ], [ 104.94105668600011, -5.33217235599991, 0.0 ], [ 104.941073112000041, -5.331706516999914, 0.0 ], [ 104.941125049000078, -5.331484739999949, 0.0 ], [ 104.941336989000035, -5.331268532, 0.0 ], [ 104.941700878000034, -5.330944224, 0.0 ], [ 104.942170278000049, -5.33060666599995, 0.0 ], [ 104.943137880000094, -5.329897528999895, 0.0 ], [ 104.943961782000045, -5.32938685999992, 0.0 ], [ 104.944348291000054, -5.329185501999957, 0.0 ], [ 104.945347078000097, -5.328810750999947, 0.0 ], [ 104.945979826000041, -5.328534406999909, 0.0 ], [ 104.947268272000073, -5.327981750999923, 0.0 ], [ 104.94772921900001, -5.327750396999965, 0.0 ], [ 104.948007299000025, -5.327679380999951, 0.0 ], [ 104.948679778000056, -5.32772206199993, 0.0 ], [ 104.949044498000035, -5.32779625299994, 0.0 ], [ 104.949520359000061, -5.327823643999986, 0.0 ], [ 104.949822858000047, -5.32791636099993, 0.0 ], [ 104.950275905000055, -5.328136726999956, 0.0 ], [ 104.950804136000059, -5.328469103999923, 0.0 ], [ 104.951112002000045, -5.328717317999944, 0.0 ], [ 104.951272267000064, -5.328938887999891, 0.0 ], [ 104.951367063000092, -5.329201145999919, 0.0 ], [ 104.951425873000076, -5.329494052, 0.0 ], [ 104.951412302000023, -5.329844470999946, 0.0 ], [ 104.951360443000084, -5.330351314999961, 0.0 ], [ 104.951322998000094, -5.330789555999983, 0.0 ], [ 104.951259704000094, -5.331144559999958, 0.0 ], [ 104.951279789000068, -5.331481191000011, 0.0 ], [ 104.951366120000017, -5.331793294999988, 0.0 ], [ 104.951526980000011, -5.332175971999943, 0.0 ], [ 104.951779500000029, -5.332644113999953, 0.0 ], [ 104.952037773000086, -5.332868464999953, 0.0 ], [ 104.952317053000101, -5.332946385999916, 0.0 ], [ 104.952593635000071, -5.332934961999948, 0.0 ], [ 104.952861076000076, -5.332875466, 0.0 ], [ 104.953165097000095, -5.332724409999935, 0.0 ], [ 104.953384956000079, -5.332541845000017, 0.0 ], [ 104.953552155000054, -5.332360138999904, 0.0 ], [ 104.953634884000067, -5.332203789999935, 0.0 ], [ 104.953882316000019, -5.331628398999934, 0.0 ], [ 104.954007864000104, -5.331456650999934, 0.0 ], [ 104.954316457000061, -5.331152984999944, 0.0 ], [ 104.954623041000019, -5.330792703999977, 0.0 ], [ 104.954947593000057, -5.330497030999938, 0.0 ], [ 104.955134425000054, -5.330367005999927, 0.0 ], [ 104.955386593000057, -5.33031206299991, 0.0 ], [ 104.955575512000053, -5.330358951999971, 0.0 ], [ 104.955868476000049, -5.330428006, 0.0 ], [ 104.956264827000069, -5.330678280000013, 0.0 ], [ 104.956597459000051, -5.330818665, 0.0 ], [ 104.956955332000092, -5.330969701999967, 0.0 ], [ 104.957304958000066, -5.331004053999967, 0.0 ], [ 104.957620311000127, -5.330993777999916, 0.0 ], [ 104.957791701000104, -5.330949164999955, 0.0 ], [ 104.958425156000018, -5.330745059999943, 0.0 ], [ 104.958704929000078, -5.330736465999943, 0.0 ], [ 104.958951545000048, -5.330770614999926, 0.0 ], [ 104.959079819000095, -5.330829015999962, 0.0 ], [ 104.959371479000069, -5.330961804999935, 0.0 ], [ 104.959798355000046, -5.331201654999974, 0.0 ], [ 104.960496279000054, -5.331455755999949, 0.0 ], [ 104.960711094000061, -5.331500347, 0.0 ], [ 104.961111134000035, -5.331531254999978, 0.0 ], [ 104.961882200000062, -5.331571357999922, 0.0 ], [ 104.96265044600004, -5.331606913999932, 0.0 ], [ 104.963005024000068, -5.331595098999932, 0.0 ], [ 104.963572346000021, -5.331603023999966, 0.0 ], [ 104.963974196000052, -5.331646447, 0.0 ], [ 104.964363593000115, -5.33174369999997, 0.0 ], [ 104.965001825000073, -5.332047343999958, 0.0 ], [ 104.96587764300007, -5.332619867999901, 0.0 ], [ 104.966369476000082, -5.332944800999963, 0.0 ], [ 104.966680777000079, -5.333134724999956, 0.0 ], [ 104.966934914000063, -5.333207455000023, 0.0 ], [ 104.967138544000122, -5.333202722999987, 0.0 ], [ 104.967562317000016, -5.333182820999939, 0.0 ], [ 104.967766596000047, -5.333098812999916, 0.0 ], [ 104.967934403000072, -5.332894251999955, 0.0 ], [ 104.968171728000073, -5.332513569999987, 0.0 ], [ 104.968358732000098, -5.332310331999958, 0.0 ], [ 104.968589680000022, -5.33212477199997, 0.0 ], [ 104.968801760000076, -5.332063123999932, 0.0 ], [ 104.969182591000049, -5.332008333000017, 0.0 ], [ 104.969344500000034, -5.332008341999929, 0.0 ], [ 104.96958295500005, -5.332042676999928, 0.0 ], [ 104.969895368000053, -5.332095216999923, 0.0 ], [ 104.970260233000047, -5.33210436999997, 0.0 ], [ 104.970570369000129, -5.332079263999935, 0.0 ], [ 104.970904197000038, -5.332054163, 0.0 ], [ 104.971221176000057, -5.33199023299994, 0.0 ], [ 104.971463153000101, -5.331979892999884, 0.0 ], [ 104.971725547000048, -5.33196768299994, 0.0 ], [ 104.972073679000076, -5.331989607999978, 0.0 ], [ 104.972454204000115, -5.332036286999932, 0.0 ], [ 104.972733776000069, -5.332033706999896, 0.0 ], [ 104.972888256000061, -5.332019181999938, 0.0 ], [ 104.972969300000017, -5.331992921999896, 0.0 ], [ 104.973151735000016, -5.331852092999968, 0.0 ], [ 104.973327550000079, -5.331674735999949, 0.0 ], [ 104.973485967000045, -5.331484120999987, 0.0 ], [ 104.973647487000079, -5.331279175, 0.0 ], [ 104.973761025000059, -5.331149923999957, 0.0 ], [ 104.973829130000098, -5.331072395999938, 0.0 ], [ 104.974071074000051, -5.330838583999954, 0.0 ], [ 104.974316874000053, -5.330691285999935, 0.0 ], [ 104.974483599000081, -5.330610399, 0.0 ], [ 104.974611874000033, -5.33053856299991, 0.0 ], [ 104.974824430000027, -5.330433636999933, 0.0 ], [ 104.975000810000054, -5.330361832999943, 0.0 ], [ 104.975192039000078, -5.3302400119999, 0.0 ], [ 104.975281570000021, -5.33017299699995, 0.0 ], [ 104.975395360000022, -5.33008667, 0.0 ], [ 104.975531183000072, -5.329979703999944, 0.0 ], [ 104.975656396000034, -5.329863552999926, 0.0 ], [ 104.975818510000039, -5.329664689, 0.0 ], [ 104.975993673000048, -5.329502716, 0.0 ], [ 104.976312741000072, -5.329152333999966, 0.0 ], [ 104.976528082000044, -5.328961825999924, 0.0 ], [ 104.976608885000061, -5.328901185999969, 0.0 ], [ 104.976759931000032, -5.328701453999964, 0.0 ], [ 104.976951950000029, -5.328399825999965, 0.0 ], [ 104.976982940000099, -5.328174879999915, 0.0 ], [ 104.976971330000126, -5.327988715999966, 0.0 ], [ 104.976913107000101, -5.32768330700001, 0.0 ], [ 104.97685115000003, -5.327464174999909, 0.0 ], [ 104.976827746000055, -5.327328281999945, 0.0 ], [ 104.976824296000032, -5.327212392999948, 0.0 ], [ 104.976898568000053, -5.327148396999982, 0.0 ], [ 104.977038474000082, -5.327077483999977, 0.0 ], [ 104.977154796000022, -5.327040673999951, 0.0 ], [ 104.97735170100006, -5.326900576, 0.0 ], [ 104.978311415000064, -5.326101447999955, 0.0 ], [ 104.978501052000041, -5.326000995, 0.0 ], [ 104.978652210000106, -5.325956963999902, 0.0 ], [ 104.978893436000078, -5.325958574999946, 0.0 ], [ 104.979154006000059, -5.326049653999933, 0.0 ], [ 104.979342875000057, -5.32612847099997, 0.0 ], [ 104.979853523000116, -5.326270346999896, 0.0 ], [ 104.980096305000046, -5.326340570999934, 0.0 ], [ 104.980334840000069, -5.326397553999941, 0.0 ], [ 104.980627358000021, -5.326494679999984, 0.0 ], [ 104.980937356000084, -5.326546239999987, 0.0 ], [ 104.981226444000114, -5.32661974099994, 0.0 ], [ 104.98146052200012, -5.326662586999932, 0.0 ], [ 104.981874690000012, -5.326746713999965, 0.0 ], [ 104.982391141000022, -5.326772571999884, 0.0 ], [ 104.982712801000091, -5.326807145, 0.0 ], [ 104.982953852000051, -5.32683002199993, 0.0 ], [ 104.983212835000074, -5.326852329, 0.0 ], [ 104.983562273000118, -5.32691556, 0.0 ], [ 104.983936835000108, -5.32696898599997, 0.0 ], [ 104.984239010000067, -5.326980812999972, 0.0 ], [ 104.984580503000075, -5.327008966999903, 0.0 ], [ 104.984818870000083, -5.327020728999988, 0.0 ], [ 104.985087550000017, -5.327024792999969, 0.0 ], [ 104.985426586000088, -5.32703887799998, 0.0 ], [ 104.985767017000015, -5.327040910999971, 0.0 ], [ 104.985995862000038, -5.327040915999971, 0.0 ], [ 104.986517686000042, -5.32699807999998, 0.0 ], [ 104.98672989900011, -5.326996159, 0.0 ], [ 104.987106553, -5.327006111999934, 0.0 ], [ 104.987467629000037, -5.327028389, 0.0 ], [ 104.987644875000043, -5.327066839999896, 0.0 ], [ 104.98785562500008, -5.327137197999944, 0.0 ], [ 104.988099549000097, -5.327266181999958, 0.0 ], [ 104.988273009000068, -5.327400305999953, 0.0 ], [ 104.988421550000098, -5.327599711999932, 0.0 ], [ 104.988731796000096, -5.328142149999961, 0.0 ], [ 104.98886137100007, -5.328499812999977, 0.0 ], [ 104.989019216000074, -5.328960315999977, 0.0 ], [ 104.989157509000066, -5.329292719999946, 0.0 ], [ 104.989258316000047, -5.329444571999987, 0.0 ], [ 104.989567916000084, -5.329863231999989, 0.0 ], [ 104.989765955000038, -5.330043372999972, 0.0 ], [ 104.989981218000096, -5.330165535999955, 0.0 ], [ 104.990361517000025, -5.330276922999934, 0.0 ], [ 104.990845859000046, -5.330388311, 0.0 ], [ 104.991471791000052, -5.330531758999969, 0.0 ], [ 104.992022770000077, -5.330738261, 0.0 ], [ 104.992121751000099, -5.330801051999957, 0.0 ], [ 104.992179281000062, -5.330894988999914, 0.0 ], [ 104.992203098000076, -5.330990330999986, 0.0 ], [ 104.992197176000033, -5.331437960999986, 0.0 ], [ 104.992207044000054, -5.331878646999945, 0.0 ], [ 104.992230214000102, -5.332215706999945, 0.0 ], [ 104.992264893000126, -5.332406732999941, 0.0 ], [ 104.99232269300002, -5.332652750999957, 0.0 ], [ 104.992456729000097, -5.333025644, 0.0 ], [ 104.992657071000068, -5.333538436999964, 0.0 ], [ 104.992772038000084, -5.333798647, 0.0 ], [ 104.99288470500008, -5.334171689999957, 0.0 ], [ 104.99291523600003, -5.334426884999933, 0.0 ], [ 104.992896960000024, -5.334881713999907, 0.0 ], [ 104.992855235000036, -5.335254606999941, 0.0 ], [ 104.992829122, -5.335614113999933, 0.0 ], [ 104.992870097000022, -5.335990231999967, 0.0 ], [ 104.992933711000049, -5.336066939, 0.0 ], [ 104.99301160600001, -5.336070840999975, 0.0 ], [ 104.993526007000114, -5.335841088999972, 0.0 ], [ 104.993835354000041, -5.335732180999932, 0.0 ], [ 104.994021444000069, -5.33564747499994, 0.0 ], [ 104.994193034000062, -5.335548248, 0.0 ], [ 104.994286437000056, -5.335442070999909, 0.0 ], [ 104.994336300000015, -5.335313862999959, 0.0 ], [ 104.994477029000024, -5.334729791999949, 0.0 ], [ 104.994778004000054, -5.334278287999984, 0.0 ], [ 104.994974636000066, -5.334161310999987, 0.0 ], [ 104.995207014000115, -5.334085681999946, 0.0 ], [ 104.995471055000024, -5.334083442999939, 0.0 ], [ 104.995573986000096, -5.334117056999967, 0.0 ], [ 104.995862642000091, -5.33435459, 0.0 ], [ 104.996028226000107, -5.334554028999973, 0.0 ], [ 104.996243753, -5.334848516, 0.0 ], [ 104.996380248000023, -5.334938151999959, 0.0 ], [ 104.996548071000049, -5.335012100999949, 0.0 ], [ 104.996774073000012, -5.335045714999977, 0.0 ], [ 104.996996215000095, -5.335032354999937, 0.0 ], [ 104.997221180000054, -5.334965820999939, 0.0 ], [ 104.997326963, -5.334915851999979, 0.0 ], [ 104.997466971000051, -5.334807727999914, 0.0 ], [ 104.997569700000028, -5.334673118999968, 0.0 ], [ 104.997946892000058, -5.333918528999972, 0.0 ], [ 104.998395448000039, -5.332953492999971, 0.0 ], [ 104.998574593000029, -5.332564895999971, 0.0 ], [ 104.998740493000085, -5.332263950999939, 0.0 ], [ 104.998899921000131, -5.33215471299996, 0.0 ], [ 104.999070536000033, -5.332129379, 0.0 ], [ 104.999274016000086, -5.332173495999916, 0.0 ], [ 104.999513156000063, -5.332272232, 0.0 ], [ 104.999687923000053, -5.332426767, 0.0 ], [ 104.999792809000027, -5.332626338, 0.0 ], [ 104.99982007900006, -5.332764987999917, 0.0 ], [ 104.999838959000016, -5.333020206999985, 0.0 ], [ 104.999832666000117, -5.333387837999938, 0.0 ], [ 104.99975146000007, -5.333664881999946, 0.0 ], [ 104.999696384000032, -5.333746777999972, 0.0 ], [ 104.999577889000093, -5.333873800999912, 0.0 ], [ 104.999395660000019, -5.334023282999935, 0.0 ], [ 104.999237109000049, -5.334210474999969, 0.0 ], [ 104.999108289000048, -5.334400096999937, 0.0 ], [ 104.99905321300011, -5.334528792999928, 0.0 ], [ 104.998949613000065, -5.334827292999934, 0.0 ], [ 104.998934593000072, -5.335017827999978, 0.0 ], [ 104.998941269000085, -5.335109751999946, 0.0 ], [ 104.99898299200008, -5.335243461999907, 0.0 ], [ 104.999029908000054, -5.335364856999915, 0.0 ], [ 104.999195135000036, -5.33570247199996, 0.0 ], [ 104.999310460000075, -5.33591368999994, 0.0 ], [ 104.99937554900005, -5.335990572999906, 0.0 ], [ 104.999587507000086, -5.336089182999983, 0.0 ], [ 104.999716018000058, -5.336100882999974, 0.0 ], [ 104.99999999900011, -5.336096976999917, 0.0 ], [ 105.000139622000034, -5.336073417999922, 0.0 ], [ 105.000524342000062, -5.335904315999963, 0.0 ], [ 105.000880413000033, -5.335730758, 0.0 ], [ 105.001135650000023, -5.335648711999953, 0.0 ], [ 105.001559828000026, -5.335694917999957, 0.0 ], [ 105.001852063000058, -5.335906528999969, 0.0 ], [ 105.002144300000069, -5.336334254999921, 0.0 ], [ 105.002336858000021, -5.336696750999982, 0.0 ], [ 105.00248351500008, -5.337026303999982, 0.0 ], [ 105.002551479000019, -5.33732003599995, 0.0 ] ] ] ] } },
{ "type": "Feature", "properties": { "KDPPUM": null, "NAMOBJ": "GADINGREJO", "REMARK": "Wilayah Administrasi Kecamatan", "KDPBPS": null, "FCODE": null, "LUASWH": 0.0, "UUPP": null, "SRS_ID": null, "LCODE": "BA0080", "METADATA": null, "KDEBPS": null, "KDEPUM": null, "KDCBPS": null, "KDCPUM": null, "KDBBPS": null, "KDBPUM": null, "WADMKD": null, "WIADKD": null, "WADMKC": null, "WIADKC": null, "WADMKK": "PRINGSEWU", "WIADKK": null, "WADMPR": "LAMPUNG", "WIADPR": null, "TIPADM": 0, "Shape_Leng": 0.57528092007999998, "Shape_Area": 0.00562089117 }, "geometry": { "type": "MultiPolygon", "coordinates": [ [ [ [ 105.063064660281782, -5.320509178714618, 0.0 ], [ 105.062819306000094, -5.321148283999934, 0.0 ], [ 105.062530731000024, -5.321835213999838, 0.0 ], [ 105.062355687990063, -5.322335459422169, 0.0 ], [ 105.062276236000102, -5.322335069999985, 0.0 ], [ 105.062097002000101, -5.322347535999951, 0.0 ], [ 105.061881147000094, -5.322398054999956, 0.0 ], [ 105.061760514000071, -5.322489763, 0.0 ], [ 105.061689701000063, -5.322581981999987, 0.0 ], [ 105.061636643000028, -5.32269664299997, 0.0 ], [ 105.061548069000068, -5.322985352999966, 0.0 ], [ 105.061509117000043, -5.323182986999976, 0.0 ], [ 105.061494359000065, -5.323349634999909, 0.0 ], [ 105.061497757000083, -5.32357483899998, 0.0 ], [ 105.061512378000046, -5.323848757, 0.0 ], [ 105.061524698000099, -5.3240344, 0.0 ], [ 105.06154375000007, -5.324206219, 0.0 ], [ 105.06156919600005, -5.324424598999945, 0.0 ], [ 105.061573608157346, -5.324570522078011, 0.0 ], [ 105.060843457000132, -5.32665718099984, 0.0 ], [ 105.060823470000159, -5.326758491999874, 0.0 ], [ 105.060807001000043, -5.326860433999871, 0.0 ], [ 105.060794067000032, -5.32696288499991, 0.0 ], [ 105.060784686000062, -5.327065721999892, 0.0 ], [ 105.060778868000199, -5.327168821999896, 0.0 ], [ 105.060776621000102, -5.327272060999912, 0.0 ], [ 105.060777947000119, -5.32737531599984, 0.0 ], [ 105.060782843, -5.327478463999848, 0.0 ], [ 105.06079130600007, -5.327581379999836, 0.0 ], [ 105.060803324000091, -5.327683941999885, 0.0 ], [ 105.060818883000223, -5.327786026999894, 0.0 ], [ 105.060837964000115, -5.327887512999942, 0.0 ], [ 105.060860545000125, -5.327988277999841, 0.0 ], [ 105.060886598000238, -5.328088200999938, 0.0 ], [ 105.060916093000102, -5.328187162999866, 0.0 ], [ 105.060948993999972, -5.328285044999882, 0.0 ], [ 105.060985261000141, -5.328381730999888, 0.0 ], [ 105.061024852000031, -5.328477103999875, 0.0 ], [ 105.061067718000032, -5.328571049999921, 0.0 ], [ 105.06111380900002, -5.328663456999928, 0.0 ], [ 105.061163069000017, -5.328754213999888, 0.0 ], [ 105.061215439000179, -5.328843211999969, 0.0 ], [ 105.061270857000054, -5.328930345999895, 0.0 ], [ 105.061329257000082, -5.329015509999925, 0.0 ], [ 105.061390567, -5.329098602999872, 0.0 ], [ 105.061454716000171, -5.329179524999907, 0.0 ], [ 105.061521626000101, -5.329258178999842, 0.0 ], [ 105.061591217000085, -5.329334470999848, 0.0 ], [ 105.061663406000108, -5.329408309999829, 0.0 ], [ 105.06173810500016, -5.329479607999867, 0.0 ], [ 105.062141176000026, -5.329662902999933, 0.0 ], [ 105.062550437000056, -5.329831923999885, 0.0 ], [ 105.062717275590103, -5.329894059007957, 0.0 ], [ 105.062661630000022, -5.330547554999944, 0.0 ], [ 105.062713665000061, -5.331085334999942, 0.0 ], [ 105.062765737000106, -5.331987419999974, 0.0 ], [ 105.062700446000036, -5.33219346899997, 0.0 ], [ 105.062574084000062, -5.332157295999908, 0.0 ], [ 105.06259223000005, -5.333089086, 0.0 ], [ 105.062113866000075, -5.332989621999941, 0.0 ], [ 105.061356446000033, -5.333091247, 0.0 ], [ 105.060669807000053, -5.333288301999962, 0.0 ], [ 105.060552579000046, -5.334355802999914, 0.0 ], [ 105.060805336000087, -5.334771917999971, 0.0 ], [ 105.060913692000071, -5.335269465999927, 0.0 ], [ 105.060931753000062, -5.3353689759999, 0.0 ], [ 105.061074010000112, -5.336970069999948, 0.0 ], [ 105.061328895000059, -5.33689089699997, 0.0 ], [ 105.061727524000091, -5.336845867999974, 0.0 ], [ 105.06205224700004, -5.336843193999931, 0.0 ], [ 105.062458812000017, -5.336909300999894, 0.0 ], [ 105.062706976000044, -5.336954263999973, 0.0 ], [ 105.062931374000044, -5.336985994999933, 0.0 ], [ 105.063295013000115, -5.337049535999951, 0.0 ], [ 105.06346503000006, -5.337059396999967, 0.0 ], [ 105.063699113000055, -5.337098887999948, 0.0 ], [ 105.064004652000023, -5.337138371999929, 0.0 ], [ 105.064361933000015, -5.337158091999962, 0.0 ], [ 105.064741391000055, -5.337190157999951, 0.0 ], [ 105.065027216, -5.337204945999931, 0.0 ], [ 105.06522926400001, -5.337219742999912, 0.0 ], [ 105.065772754000037, -5.337251790999987, 0.0 ], [ 105.066072819000084, -5.337158615999916, 0.0 ], [ 105.066365152000031, -5.337102314999965, 0.0 ], [ 105.066674904000081, -5.337040186999976, 0.0 ], [ 105.066903330000059, -5.336840287999957, 0.0 ], [ 105.067114330000024, -5.336671447999931, 0.0 ], [ 105.067367934000046, -5.336525879999966, 0.0 ], [ 105.067697038000091, -5.336395835999953, 0.0 ], [ 105.068090031000011, -5.336318172999922, 0.0 ], [ 105.068454000000102, -5.336343353999963, 0.0 ], [ 105.068806361000043, -5.336432576999885, 0.0 ], [ 105.069121936000045, -5.336469414999913, 0.0 ], [ 105.069441365000088, -5.336422807999964, 0.0 ], [ 105.069675621000016, -5.336391733999969, 0.0 ], [ 105.069789832000055, -5.33632768, 0.0 ], [ 105.070004730000079, -5.336310195999973, 0.0 ], [ 105.070293199000048, -5.336405241999932, 0.0 ], [ 105.07060683800006, -5.336480888999974, 0.0 ], [ 105.070887569000021, -5.336548768999906, 0.0 ], [ 105.071127647000083, -5.336680693999897, 0.0 ], [ 105.071340618000121, -5.336779637999912, 0.0 ], [ 105.071749126000071, -5.336940646, 0.0 ], [ 105.07123071000008, -5.337226132999907, 0.0 ], [ 105.070989247000085, -5.337295312999947, 0.0 ], [ 105.070683726000127, -5.337413893999988, 0.0 ], [ 105.070331388000099, -5.33753001, 0.0 ], [ 105.070035724000064, -5.337660937999912, 0.0 ], [ 105.069712966000097, -5.337888186999974, 0.0 ], [ 105.069493694000073, -5.338098135999937, 0.0 ], [ 105.069386962000024, -5.338295036999975, 0.0 ], [ 105.069368981000054, -5.33839659399994, 0.0 ], [ 105.069347738000076, -5.338566946999913, 0.0 ], [ 105.0693363030001, -5.338704540000018, 0.0 ], [ 105.069330433000061, -5.338769948999923, 0.0 ], [ 105.069211344000067, -5.339207017999938, 0.0 ], [ 105.069135160000073, -5.339789767999926, 0.0 ], [ 105.069085175000012, -5.340265041, 0.0 ], [ 105.069035217000064, -5.340979143000014, 0.0 ], [ 105.069071038000089, -5.341690846999926, 0.0 ], [ 105.069092506000089, -5.341893847999936, 0.0 ], [ 105.069164037000064, -5.342321341999957, 0.0 ], [ 105.069211738, -5.342727344999977, 0.0 ], [ 105.069261836000067, -5.343257537999969, 0.0 ], [ 105.069292843000056, -5.343525021999897, 0.0 ], [ 105.06945254300004, -5.344000270999961, 0.0 ], [ 105.069588394000093, -5.344282072999919, 0.0 ], [ 105.069821954000048, -5.344695219, 0.0 ], [ 105.06985843700005, -5.34485448099994, 0.0 ], [ 105.069633502000087, -5.344984502999951, 0.0 ], [ 105.069705769000024, -5.345527285999919, 0.0 ], [ 105.070048754000069, -5.345590573, 0.0 ], [ 105.070445992000074, -5.346513271999966, 0.0 ], [ 105.070492232000092, -5.346599841999934, 0.0 ], [ 105.070677470000049, -5.346921169999964, 0.0 ], [ 105.070703950000023, -5.347002441999939, 0.0 ], [ 105.070630273000049, -5.347559181999907, 0.0 ], [ 105.070718970000101, -5.347955978999964, 0.0 ], [ 105.070698969000048, -5.348507275999927, 0.0 ], [ 105.070719256000046, -5.349498880999905, 0.0 ], [ 105.068866668000055, -5.349463693999924, 0.0 ], [ 105.068813595000023, -5.350709049999937, 0.0 ], [ 105.068235151000025, -5.350729198999916, 0.0 ], [ 105.06805476800011, -5.351932405999905, 0.0 ], [ 105.068072896000018, -5.352628985999987, 0.0 ], [ 105.068045872000084, -5.353108453999956, 0.0 ], [ 105.068379828, -5.353108416999953, 0.0 ], [ 105.068867399000027, -5.353171269, 0.0 ], [ 105.069281882000041, -5.353185075999901, 0.0 ], [ 105.069313220000055, -5.354647432000016, 0.0 ], [ 105.069017538000111, -5.354700387999957, 0.0 ], [ 105.068916175000069, -5.354837996999974, 0.0 ], [ 105.068808524000048, -5.355409568000015, 0.0 ], [ 105.068755752000115, -5.355672066999974, 0.0 ], [ 105.068734678000055, -5.356082745000025, 0.0 ], [ 105.068738933000063, -5.356362173999964, 0.0 ], [ 105.068772772000017, -5.356779195999918, 0.0 ], [ 105.06879392900008, -5.357096725999989, 0.0 ], [ 105.068821421000038, -5.357414255999972, 0.0 ], [ 105.068848910000014, -5.357706382999895, 0.0 ], [ 105.068876401000068, -5.358006976999986, 0.0 ], [ 105.068897550000131, -5.35826523499995, 0.0 ], [ 105.06891661500002, -5.358760584, 0.0 ], [ 105.068950442000059, -5.359069644999982, 0.0 ], [ 105.068977913000111, -5.359192420999927, 0.0 ], [ 105.068956801000056, -5.35927286500001, 0.0 ], [ 105.068760384000058, -5.359319458999957, 0.0 ], [ 105.06843512500005, -5.35931102799997, 0.0 ], [ 105.068344308000093, -5.359330089999949, 0.0 ], [ 105.068306302000053, -5.359431705, 0.0 ], [ 105.068289425000074, -5.35960740799989, 0.0 ], [ 105.068297894000068, -5.359800042999931, 0.0 ], [ 105.06832959700003, -5.359990558999884, 0.0 ], [ 105.068367641000066, -5.360231879999956, 0.0 ], [ 105.06835076, -5.360375829999965, 0.0 ], [ 105.068353859000084, -5.360893576, 0.0 ], [ 105.069905336000019, -5.360632779, 0.0 ], [ 105.070369330000048, -5.360562017999916, 0.0 ], [ 105.07090393200005, -5.360491248999923, 0.0 ], [ 105.071465623000066, -5.360443104999936, 0.0 ], [ 105.071617818002096, -5.360439572411492, 0.0 ], [ 105.071452142000012, -5.36078332099993, 0.0 ], [ 105.07062696999995, -5.361234224999846, 0.0 ], [ 105.071924936000059, -5.362865170999877, 0.0 ], [ 105.072723456000048, -5.363948900999928, 0.0 ], [ 105.074625162, -5.363842861999947, 0.0 ], [ 105.075082089000063, -5.364085786999885, 0.0 ], [ 105.075145542000072, -5.364144121999916, 0.0 ], [ 105.076048103999966, -5.364973885999914, 0.0 ], [ 105.076123746000107, -5.365478489999921, 0.0 ], [ 105.075922322000039, -5.366437277999848, 0.0 ], [ 105.076421582000236, -5.366699534999876, 0.0 ], [ 105.076438816000149, -5.367011116999899, 0.0 ], [ 105.076501967000226, -5.368152889999868, 0.0 ], [ 105.076376114000112, -5.369035978999927, 0.0 ], [ 105.075998365000117, -5.370171404999903, 0.0 ], [ 105.076250473000101, -5.371634749999922, 0.0 ], [ 105.075822254000201, -5.372114184999889, 0.0 ], [ 105.075597582000086, -5.372153326999841, 0.0 ], [ 105.07530216700016, -5.372204791999925, 0.0 ], [ 105.075096034000154, -5.372248877999931, 0.0 ], [ 105.07466341000007, -5.372341402999949, 0.0 ], [ 105.073146847, -5.372577494999854, 0.0 ], [ 105.071887252000224, -5.372981336999873, 0.0 ], [ 105.071207105999989, -5.373511259999932, 0.0 ], [ 105.070717208000232, -5.373683744999903, 0.0 ], [ 105.070083302000086, -5.373789629999871, 0.0 ], [ 105.069538647000144, -5.374387444999863, 0.0 ], [ 105.068939905999983, -5.37494966699993, 0.0 ], [ 105.068814058000143, -5.375984135999902, 0.0 ], [ 105.068914964999962, -5.377195194999919, 0.0 ], [ 105.069041056000103, -5.378280099999889, 0.0 ], [ 105.069823459, -5.379278724999915, 0.0 ], [ 105.070462466000023, -5.379346303999911, 0.0 ], [ 105.07093201800015, -5.379808439999868, 0.0 ], [ 105.071642735999973, -5.38048056199988, 0.0 ], [ 105.071563307000062, -5.381196222999941, 0.0 ], [ 105.070467668000092, -5.382936169999931, 0.0 ], [ 105.070403363000011, -5.383290328999925, 0.0 ], [ 105.071233337000123, -5.38424445099991, 0.0 ], [ 105.071763982999968, -5.384854470999846, 0.0 ], [ 105.069913438999976, -5.385526497999939, 0.0 ], [ 105.064803315327765, -5.38833443331851, 0.0 ], [ 105.06316649200005, -5.388100884999959, 0.0 ], [ 105.06205623800011, -5.387992440999957, 0.0 ], [ 105.061766212000094, -5.387997526999934, 0.0 ], [ 105.059980179000021, -5.388028834999949, 0.0 ], [ 105.058635257000034, -5.388083244999921, 0.0 ], [ 105.054248487000066, -5.388554069999975, 0.0 ], [ 105.053905495000024, -5.388662658999989, 0.0 ], [ 105.053904725000038, -5.388662622999986, 0.0 ], [ 105.043134297000094, -5.388157634999947, 0.0 ], [ 105.043118947000067, -5.388156914999977, 0.0 ], [ 105.041439994000058, -5.387415216999981, 0.0 ], [ 105.040672719000085, -5.386890572, 0.0 ], [ 105.040438136000034, -5.386816731999934, 0.0 ], [ 105.040240202000092, -5.386737175999924, 0.0 ], [ 105.040091118000092, -5.38667701199992, 0.0 ], [ 105.039977672000035, -5.386619222000023, 0.0 ], [ 105.039150221000057, -5.386238308999948, 0.0 ], [ 105.03873241200003, -5.386391649999934, 0.0 ], [ 105.038324330000108, -5.386541419999981, 0.0 ], [ 105.037771476000017, -5.386697506999928, 0.0 ], [ 105.037455556000083, -5.386731450999983, 0.0 ], [ 105.037324676000082, -5.386767644999958, 0.0 ], [ 105.036575507000094, -5.387061701999952, 0.0 ], [ 105.035560064, -5.387412313999919, 0.0 ], [ 105.035406619000099, -5.387468863999979, 0.0 ], [ 105.035092960000085, -5.38759327199997, 0.0 ], [ 105.035016237000036, -5.387602322999919, 0.0 ], [ 105.034849249000075, -5.387595546999892, 0.0 ], [ 105.034783808000086, -5.387595550999981, 0.0 ], [ 105.034684520000042, -5.387638527999984, 0.0 ], [ 105.034291885000059, -5.387851143, 0.0 ], [ 105.034206138000073, -5.387903164999942, 0.0 ], [ 105.034021100000032, -5.387952930999974, 0.0 ], [ 105.033698411000074, -5.388004967000017, 0.0 ], [ 105.033467789000085, -5.388030309999982, 0.0 ], [ 105.033349319000052, -5.388055645999946, 0.0 ], [ 105.033131336000054, -5.3881205669999, 0.0 ], [ 105.033027084000125, -5.388168067000011, 0.0 ], [ 105.032895980000021, -5.388251979999938, 0.0 ], [ 105.032745921000043, -5.388332728999957, 0.0 ], [ 105.032350515000104, -5.388546581999977, 0.0 ], [ 105.032096718000062, -5.38868422, 0.0 ], [ 105.031981411000032, -5.388768132999923, 0.0 ], [ 105.031881900000059, -5.388856793999976, 0.0 ], [ 105.03174606, -5.389002449999948, 0.0 ], [ 105.031416814000025, -5.389286453, 0.0 ], [ 105.031088969000081, -5.389569246999949, 0.0 ], [ 105.030765386000041, -5.389821887999981, 0.0 ], [ 105.03054153800008, -5.389955786999957, 0.0 ], [ 105.03034657400012, -5.39007521099998, 0.0 ], [ 105.03014077900005, -5.3902127279999, 0.0 ], [ 105.029895267000086, -5.390335772999956, 0.0 ], [ 105.02948728800007, -5.390632518, 0.0 ], [ 105.028924062000016, -5.391092107999919, 0.0 ], [ 105.028664112000087, -5.39131647399992, 0.0 ], [ 105.028292143928283, -5.391641166029983, 0.0 ], [ 105.028229997000139, -5.39161619099985, 0.0 ], [ 105.028156647000017, -5.391589647999874, 0.0 ], [ 105.028082415000185, -5.391565681999845, 0.0 ], [ 105.028007392000106, -5.391544321999943, 0.0 ], [ 105.027931669000154, -5.391525593999903, 0.0 ], [ 105.027855338999956, -5.391509519999905, 0.0 ], [ 105.027778493, -5.391496120999863, 0.0 ], [ 105.027701227, -5.391485411999954, 0.0 ], [ 105.02762363400015, -5.391477406999913, 0.0 ], [ 105.027545810000021, -5.391472114999919, 0.0 ], [ 105.027467847000054, -5.391469542999884, 0.0 ], [ 105.02738984300008, -5.391469693999897, 0.0 ], [ 105.02731189100011, -5.391472567999868, 0.0 ], [ 105.027234087000167, -5.391478160999887, 0.0 ], [ 105.027156526000141, -5.391486466999863, 0.0 ], [ 105.027079302000146, -5.391497474999886, 0.0 ], [ 105.027002509000098, -5.391511171999865, 0.0 ], [ 105.026926241, -5.391527540999887, 0.0 ], [ 105.026850590999956, -5.391546562999951, 0.0 ], [ 105.026775652000069, -5.391568212999877, 0.0 ], [ 105.026701513000063, -5.39159246699993, 0.0 ], [ 105.026628267000135, -5.39161929299984, 0.0 ], [ 105.026556001000102, -5.391648659999872, 0.0 ], [ 105.026484805000067, -5.391680531999933, 0.0 ], [ 105.026414764000137, -5.391714868999932, 0.0 ], [ 105.026345965000218, -5.391751630999865, 0.0 ], [ 105.026278491000056, -5.391790770999906, 0.0 ], [ 105.026212424000093, -5.391832242999874, 0.0 ], [ 105.026147845999986, -5.391875995999941, 0.0 ], [ 105.025614181000066, -5.392418809999912, 0.0 ], [ 105.024793054158792, -5.394092804762808, 0.0 ], [ 105.02453421500006, -5.394071746999986, 0.0 ], [ 105.024328949000036, -5.394042071999928, 0.0 ], [ 105.024032573000028, -5.394020095999975, 0.0 ], [ 105.023874966000051, -5.393992973999952, 0.0 ], [ 105.023548973000075, -5.394378575999971, 0.0 ], [ 105.023123156000011, -5.394562236999979, 0.0 ], [ 105.022410757000046, -5.394943799999931, 0.0 ], [ 105.022086940000079, -5.395155951999898, 0.0 ], [ 105.021568759000019, -5.395463117999912, 0.0 ], [ 105.021022666000036, -5.395702869999942, 0.0 ], [ 105.020733828000033, -5.395983320999965, 0.0 ], [ 105.020611977000073, -5.396173301999964, 0.0 ], [ 105.020399868000112, -5.396566832999929, 0.0 ], [ 105.02025094800004, -5.397077964999943, 0.0 ], [ 105.020147158000071, -5.3975122009999, 0.0 ], [ 105.02007043700003, -5.397661470999905, 0.0 ], [ 105.019975663000096, -5.397801694999961, 0.0 ], [ 105.019759034000018, -5.398014294999966, 0.0 ], [ 105.019429575000032, -5.398276655, 0.0 ], [ 105.018951179000055, -5.398570681, 0.0 ], [ 105.01865782400003, -5.398801375999897, 0.0 ], [ 105.018517915000089, -5.398869229999915, 0.0 ], [ 105.018274200000093, -5.398932562, 0.0 ], [ 105.018021459000053, -5.39896875599989, 0.0 ], [ 105.017737124000064, -5.398982333999948, 0.0 ], [ 105.017398629000027, -5.398986866999968, 0.0 ], [ 105.017254204000068, -5.398977825000019, 0.0 ], [ 105.017105268000094, -5.399004968999956, 0.0 ], [ 105.016951820000102, -5.399113530999967, 0.0 ], [ 105.016789345000063, -5.39921756999996, 0.0 ], [ 105.016171036000074, -5.399574922999951, 0.0 ], [ 105.015855110000047, -5.39966992, 0.0 ], [ 105.015521128000032, -5.399665404999977, 0.0 ], [ 105.014844137000054, -5.399615665999947, 0.0 ], [ 105.014293514000059, -5.399443795999938, 0.0 ], [ 105.014099554, -5.399397387999917, 0.0 ], [ 105.013775929000047, -5.399345385999966, 0.0 ], [ 105.01358066800006, -5.399347376999954, 0.0 ], [ 105.013251644, -5.399023745, 0.0 ], [ 105.013003861000115, -5.398799848999948, 0.0 ], [ 105.012821072000094, -5.398679760999959, 0.0 ], [ 105.012477835000112, -5.398537284999984, 0.0 ], [ 105.012181310000088, -5.398345957999963, 0.0 ], [ 105.011785266000103, -5.398008077999984, 0.0 ], [ 105.011171903000061, -5.397413733999924, 0.0 ], [ 105.010446839000025, -5.396792929999984, 0.0 ], [ 105.01012594200003, -5.396516113, 0.0 ], [ 105.00999189600013, -5.396308496999959, 0.0 ], [ 105.009849723000087, -5.395952292999974, 0.0 ], [ 105.009821446000061, -5.395670176, 0.0 ], [ 105.009803003000044, -5.395486172999954, 0.0 ], [ 105.009841581000032, -5.394857212999961, 0.0 ], [ 105.009951247000046, -5.394478614999988, 0.0 ], [ 105.00954834300002, -5.394557479999941, 0.0 ], [ 105.009324938000105, -5.394557483999941, 0.0 ], [ 105.008908592000111, -5.394537134999945, 0.0 ], [ 105.008699404000126, -5.394557492999942, 0.0 ], [ 105.008488186000051, -5.394638913999929, 0.0 ], [ 105.008238382000087, -5.394852641999938, 0.0 ], [ 105.007985239, -5.395035173999942, 0.0 ], [ 105.007736787000056, -5.395150001999939, 0.0 ], [ 105.007426221000031, -5.395212201999934, 0.0 ], [ 105.007248254000046, -5.395133258999975, 0.0 ], [ 105.007126395000085, -5.394961376999964, 0.0 ], [ 105.007054181000072, -5.394762353999928, 0.0 ], [ 105.007058692000086, -5.394635702999929, 0.0 ], [ 105.007171522000093, -5.394522619999988, 0.0 ], [ 105.007320457000077, -5.394445722999931, 0.0 ], [ 105.007176033000022, -5.394328119999971, 0.0 ], [ 105.007058687000082, -5.394205994, 0.0 ], [ 105.00696390800006, -5.394070296999955, 0.0 ], [ 105.006932314000025, -5.3939346, 0.0 ], [ 105.006932311000114, -5.393722006999914, 0.0 ], [ 105.006936822000043, -5.393450612000018, 0.0 ], [ 105.006936820000035, -5.39332396000002, 0.0 ], [ 105.006932304000102, -5.393079704999971, 0.0 ], [ 105.006927787000095, -5.392749507, 0.0 ], [ 105.006927785000087, -5.392532390999984, 0.0 ], [ 105.006923268000065, -5.39220219299993, 0.0 ], [ 105.006927778, -5.391930797999946, 0.0 ], [ 105.006846538000033, -5.391777007999922, 0.0 ], [ 105.006715654000033, -5.391636788999955, 0.0 ], [ 105.006562203000044, -5.391505615999938, 0.0 ], [ 105.006300435000057, -5.39131564199994, 0.0 ], [ 105.006034155000052, -5.391247795999922, 0.0 ], [ 105.005736284000093, -5.391238751999973, 0.0 ], [ 105.005451952000016, -5.391265894, 0.0 ], [ 105.005221779000067, -5.391279465999967, 0.0 ], [ 105.004725326000113, -5.391243283999904, 0.0 ], [ 105.004404888000067, -5.391234239999955, 0.0 ], [ 105.004097990000076, -5.391198055999981, 0.0 ], [ 105.003732419000116, -5.391048790999976, 0.0 ], [ 105.00356091600004, -5.39084976899994, 0.0 ], [ 105.003421005000106, -5.39055123500002, 0.0 ], [ 105.003317200000041, -5.390202943999979, 0.0 ], [ 105.003317198000047, -5.389886316999894, 0.0 ], [ 105.003344276000064, -5.389646583999953, 0.0 ], [ 105.003330735000091, -5.389348048999944, 0.0 ], [ 105.003267547000107, -5.388723839999988, 0.0 ], [ 105.003204360000026, -5.38842078199996, 0.0 ], [ 105.003123121000058, -5.388081537999957, 0.0 ], [ 105.003041883, -5.38776943399998, 0.0 ], [ 105.002883920000073, -5.387452806999894, 0.0 ], [ 105.002730470000074, -5.387036667999924, 0.0 ], [ 105.002540917000033, -5.387140703999917, 0.0 ], [ 105.002288180000079, -5.387280925999972, 0.0 ], [ 105.001850402000088, -5.387574938999963, 0.0 ], [ 105.001593152000041, -5.387873473999973, 0.0 ], [ 105.001412626000018, -5.388199148999918, 0.0 ], [ 105.001164401, -5.388669568999939, 0.0 ], [ 105.001198366000054, -5.388703472, 0.0 ], [ 105.001227688000085, -5.388765872, 0.0 ], [ 105.001251879000037, -5.388874522000021, 0.0 ], [ 105.001256964000021, -5.388973438999946, 0.0 ], [ 105.001253977000033, -5.389160434999964, 0.0 ], [ 105.001239820000109, -5.389286020999963, 0.0 ], [ 105.001202603000053, -5.389565565999911, 0.0 ], [ 105.001152980000114, -5.389758140999946, 0.0 ], [ 105.001038149000038, -5.390086339999923, 0.0 ], [ 105.000933088000039, -5.390247106, 0.0 ], [ 105.000830425000075, -5.390404200000022, 0.0 ], [ 105.000656742, -5.39060298599995, 0.0 ], [ 105.000464448000088, -5.39078935, 0.0 ], [ 105.000303171000056, -5.39090116799993, 0.0 ], [ 105.000117082000116, -5.390988136999932, 0.0 ], [ 104.99999999900011, -5.391034547999952, 0.0 ], [ 104.9999268400001, -5.391063547999954, 0.0 ], [ 104.999870001000019, -5.391090723999982, 0.0 ], [ 104.999801987000069, -5.391127406999908, 0.0 ], [ 104.999737520000068, -5.391164678999973, 0.0 ], [ 104.999681610000053, -5.391197074999988, 0.0 ], [ 104.999614508, -5.391239131999916, 0.0 ], [ 104.999553878000057, -5.391289475999907, 0.0 ], [ 104.999500766000011, -5.391352728999989, 0.0 ], [ 104.999436913000068, -5.391489276999918, 0.0 ], [ 104.999394317000096, -5.391623426999915, 0.0 ], [ 104.999314280000036, -5.391874132999964, 0.0 ], [ 104.999224196000043, -5.39212921800002, 0.0 ], [ 104.999135195000051, -5.392353977999965, 0.0 ], [ 104.999106473000083, -5.392480176999927, 0.0 ], [ 104.999094647000078, -5.392544253999988, 0.0 ], [ 104.998865991000073, -5.392536826, 0.0 ], [ 104.99885151200003, -5.392723337999973, 0.0 ], [ 104.998874890000096, -5.39281592, 0.0 ], [ 104.99888793300002, -5.392894605999933, 0.0 ], [ 104.998885433000083, -5.39304963599997, 0.0 ], [ 104.998865051000081, -5.393216498999921, 0.0 ], [ 104.998838413000016, -5.393483434999981, 0.0 ], [ 104.998854832000035, -5.393592770999968, 0.0 ], [ 104.998905118000025, -5.393692943, 0.0 ], [ 104.998995121000107, -5.393791278999961, 0.0 ], [ 104.999141358000116, -5.393902939999963, 0.0 ], [ 104.999267484000072, -5.394009851999927, 0.0 ], [ 104.999338459000086, -5.39409146899993, 0.0 ], [ 104.999379800000042, -5.394165921999962, 0.0 ], [ 104.999419517000049, -5.394262592999967, 0.0 ], [ 104.999448997000087, -5.394395359999939, 0.0 ], [ 104.999455866000034, -5.394545395999918, 0.0 ], [ 104.999448919000073, -5.394669948999921, 0.0 ], [ 104.999435321000107, -5.394797035999956, 0.0 ], [ 104.999394489000011, -5.395093080999937, 0.0 ], [ 104.99929249900002, -5.395443357999964, 0.0 ], [ 104.999192778000022, -5.395609024999905, 0.0 ], [ 104.999125180000121, -5.395672726999935, 0.0 ], [ 104.998949814000085, -5.39559311700001, 0.0 ], [ 104.998808378000021, -5.395552723999954, 0.0 ], [ 104.998717617000054, -5.395548925, 0.0 ], [ 104.998529676000047, -5.395588900999927, 0.0 ], [ 104.998296441000022, -5.395744418999916, 0.0 ], [ 104.998004289, -5.395915161999921, 0.0 ], [ 104.997679119000011, -5.396016182999931, 0.0 ], [ 104.997389261000109, -5.396029117999936, 0.0 ], [ 104.99760550700006, -5.396242969999955, 0.0 ], [ 104.997755229000092, -5.396433118999967, 0.0 ], [ 104.99788254700006, -5.396653934999941, 0.0 ], [ 104.997957818000074, -5.396855147999892, 0.0 ], [ 104.99803667300003, -5.397003773999932, 0.0 ], [ 104.998207048, -5.397157084999916, 0.0 ], [ 104.998442115000088, -5.3972942849999, 0.0 ], [ 104.998779688000042, -5.397394430999926, 0.0 ], [ 104.998958562000013, -5.397662712999919, 0.0 ], [ 104.999065808000083, -5.397893600999927, 0.0 ], [ 104.999189141000073, -5.39826409499994, 0.0 ], [ 104.999319778000057, -5.398792306999946, 0.0 ], [ 104.999300542000057, -5.399092461999912, 0.0 ], [ 104.999354458000084, -5.399369989999959, 0.0 ], [ 104.999450509000027, -5.399810193999967, 0.0 ], [ 104.999498069000055, -5.400150812999906, 0.0 ], [ 104.999504884, -5.400337984999938, 0.0 ], [ 104.999514452000085, -5.400562564999957, 0.0 ], [ 104.999514452000085, -5.400772642999931, 0.0 ], [ 104.999511752000032, -5.401244625999903, 0.0 ], [ 104.999630191000065, -5.401497730999973, 0.0 ], [ 104.99999999900011, -5.401692507999924, 0.0 ], [ 105.00103280200004, -5.402236485, 0.0 ], [ 105.000752301, -5.402709165000021, 0.0 ], [ 105.000588469000036, -5.403040041999953, 0.0 ], [ 105.00035513200001, -5.403400770999957, 0.0 ], [ 105.001511123000085, -5.403337617999972, 0.0 ], [ 105.001484894000043, -5.403986633999937, 0.0 ], [ 105.001628375000024, -5.404262182, 0.0 ], [ 105.001467624000043, -5.404503770999915, 0.0 ], [ 105.0017421350001, -5.404790448, 0.0 ], [ 105.001665410000058, -5.404993994999886, 0.0 ], [ 105.001588685000016, -5.405690575999968, 0.0 ], [ 105.00154806700003, -5.406301214999955, 0.0 ], [ 105.001502935000119, -5.406758064, 0.0 ], [ 105.001791812000036, -5.407144552000011, 0.0 ], [ 105.002175421000075, -5.407138014999914, 0.0 ], [ 105.002193475000055, -5.4072827589999, 0.0 ], [ 105.003132246000106, -5.407192289999964, 0.0 ], [ 105.002969657000065, -5.407625750999946, 0.0 ], [ 105.002586696, -5.407889177999982, 0.0 ], [ 105.002473305000123, -5.408377385999964, 0.0 ], [ 105.002472877000088, -5.408392477999969, 0.0 ], [ 105.002454927000102, -5.408396265999928, 0.0 ], [ 105.00208894100011, -5.408467209999936, 0.0 ], [ 105.001937023000067, -5.408529495999938, 0.0 ], [ 105.001819631000032, -5.408647146, 0.0 ], [ 105.001738491000069, -5.408750954999965, 0.0 ], [ 105.001628004000082, -5.408780364999911, 0.0 ], [ 105.001642913000069, -5.409555804999945, 0.0 ], [ 105.001445225000055, -5.409555569999926, 0.0 ], [ 105.000810198000096, -5.409536572999952, 0.0 ], [ 105.000563770000042, -5.409540644999934, 0.0 ], [ 105.000370147000098, -5.409569140999983, 0.0 ], [ 105.000129135000051, -5.409617991999939, 0.0 ], [ 104.99999999900011, -5.409663749999906, 0.0 ], [ 104.999747311000078, -5.409716321, 0.0 ], [ 104.999783359000034, -5.409996715000011, 0.0 ], [ 104.99892582300005, -5.410295248999931, 0.0 ], [ 104.998979982, -5.410485225999929, 0.0 ], [ 104.999013225000084, -5.411009953999914, 0.0 ], [ 104.999150775000018, -5.411427402, 0.0 ], [ 104.998775038000105, -5.41167844099998, 0.0 ], [ 104.998334173000032, -5.411869230999956, 0.0 ], [ 104.997973465000129, -5.411924459, 0.0 ], [ 104.997332206000095, -5.412115246999972, 0.0 ], [ 104.997241244000023, -5.412139726999955, 0.0 ], [ 104.997276739000114, -5.412224156000013, 0.0 ], [ 104.997481577000102, -5.412835177999943, 0.0 ], [ 104.99754589200009, -5.41301837, 0.0 ], [ 104.997709726000068, -5.413390859999913, 0.0 ], [ 104.997900642000047, -5.413313514, 0.0 ], [ 104.997925709000086, -5.413347496999966, 0.0 ], [ 104.99820235200005, -5.413718821999959, 0.0 ], [ 104.998514164000099, -5.414493902999963, 0.0 ], [ 104.998679314000086, -5.414437754999936, 0.0 ], [ 104.99936899100004, -5.415933510999972, 0.0 ], [ 104.999430734000086, -5.41602245699996, 0.0 ], [ 104.999452994000066, -5.416182851, 0.0 ], [ 104.999527206000067, -5.416328907, 0.0 ], [ 104.999892314000078, -5.416411385999899, 0.0 ], [ 104.999984051000041, -5.417877825999907, 0.0 ], [ 104.999448942000086, -5.417821477999953, 0.0 ], [ 104.999378358000101, -5.418427771999935, 0.0 ], [ 104.998633902000051, -5.41846122999995, 0.0 ], [ 104.998661868000056, -5.419101058999955, 0.0 ], [ 104.997993934000036, -5.419115269999976, 0.0 ], [ 104.99803735900008, -5.41928014499994, 0.0 ], [ 104.998075271000019, -5.419527114999946, 0.0 ], [ 104.998042097000024, -5.419698092999971, 0.0 ], [ 104.997928358000124, -5.419921314999966, 0.0 ], [ 104.997928358000124, -5.419959311, 0.0 ], [ 104.997952053000034, -5.420101792999978, 0.0 ], [ 104.998018400000021, -5.420315516999986, 0.0 ], [ 104.998098964000022, -5.420514992999971, 0.0 ], [ 104.998504169000071, -5.420568612999967, 0.0 ], [ 104.998571700000056, -5.420415852999939, 0.0 ], [ 104.999106170000047, -5.42049900099998, 0.0 ], [ 104.999335777000042, -5.420518342999982, 0.0 ], [ 104.999399452000077, -5.420551217999948, 0.0 ], [ 104.999642563000023, -5.420773589999962, 0.0 ], [ 104.99976613100003, -5.420930971999928, 0.0 ], [ 104.999892181000078, -5.421030980999943, 0.0 ], [ 104.99999999900011, -5.421025527999936, 0.0 ], [ 105.000242904000046, -5.421013244999896, 0.0 ], [ 105.000594274000079, -5.420955998999956, 0.0 ], [ 105.000804640000069, -5.421011618999939, 0.0 ], [ 105.001760286, -5.42098061699995, 0.0 ], [ 105.001343488000074, -5.42294837499996, 0.0 ], [ 105.001105656000021, -5.422787792999907, 0.0 ], [ 105.000688163000035, -5.422457595999942, 0.0 ], [ 105.000579208000076, -5.422392469999972, 0.0 ], [ 104.99999999900011, -5.421845130999982, 0.0 ], [ 104.999439283000086, -5.421418065, 0.0 ], [ 104.999344855000089, -5.421437280999987, 0.0 ], [ 104.999220153000067, -5.42151948899995, 0.0 ], [ 104.999168448000049, -5.421586472999897, 0.0 ], [ 104.999165406000074, -5.421626054999974, 0.0 ], [ 104.999244486000038, -5.421802648999931, 0.0 ], [ 104.999209175000047, -5.421860913999955, 0.0 ], [ 104.999161412, -5.42199239799991, 0.0 ], [ 104.999042474000106, -5.422219863, 0.0 ], [ 104.998991697000079, -5.42233079100002, 0.0 ], [ 104.998951108449248, -5.422418740511604, 0.0 ], [ 104.998725997000221, -5.422353, 0.0 ], [ 104.998524997000104, -5.422311999999886, 0.0 ], [ 104.998258997000036, -5.422287999999854, 0.0 ], [ 104.998014997000183, -5.422297999999882, 0.0 ], [ 104.997857997000068, -5.422324, 0.0 ], [ 104.997707997000091, -5.422368999999895, 0.0 ], [ 104.997564997000083, -5.422438, 0.0 ], [ 104.997368997000109, -5.422595, 0.0 ], [ 104.997038635574256, -5.422956709590311, 0.0 ], [ 104.997020885, -5.422945846999928, 0.0 ], [ 104.996891981, -5.422878539999955, 0.0 ], [ 104.996754412000072, -5.422813404999983, 0.0 ], [ 104.996544266000086, -5.422733070999909, 0.0 ], [ 104.996352255, -5.422693110999978, 0.0 ], [ 104.996301560800418, -5.423201071872009, 0.0 ], [ 104.996030997000076, -5.423151, 0.0 ], [ 104.995669997000135, -5.423051, 0.0 ], [ 104.995076997000098, -5.422843, 0.0 ], [ 104.994277997000069, -5.422500999999892, 0.0 ], [ 104.992627997000156, -5.421685999999871, 0.0 ], [ 104.991873997000113, -5.421286, 0.0 ], [ 104.991141997000028, -5.42083699999988, 0.0 ], [ 104.990819997000031, -5.420599, 0.0 ], [ 104.99054699700001, -5.420354999999878, 0.0 ], [ 104.99033599700013, -5.420106999999875, 0.0 ], [ 104.990144997000229, -5.41970199999985, 0.0 ], [ 104.989951996999977, -5.419373999999889, 0.0 ], [ 104.989751997000127, -5.419115999999859, 0.0 ], [ 104.989534997000121, -5.418922999999877, 0.0 ], [ 104.989295997000156, -5.418789999999886, 0.0 ], [ 104.989025997000098, -5.418709999999839, 0.0 ], [ 104.988718997000191, -5.418678, 0.0 ], [ 104.988367997000111, -5.418687999999884, 0.0 ], [ 104.987243997000093, -5.418886, 0.0 ], [ 104.986537996999942, -5.418977999999898, 0.0 ], [ 104.985951996999958, -5.418991, 0.0 ], [ 104.985186997000071, -5.418947, 0.0 ], [ 104.985077997000118, -5.418891999999888, 0.0 ], [ 104.984871996999942, -5.418714999999898, 0.0 ], [ 104.984266997000162, -5.417932, 0.0 ], [ 104.983933997000136, -5.417558, 0.0 ], [ 104.983588997000012, -5.417227999999875, 0.0 ], [ 104.983247997000134, -5.416946999999896, 0.0 ], [ 104.982892997000164, -5.416712999999897, 0.0 ], [ 104.982631997000155, -5.41658, 0.0 ], [ 104.982336997, -5.416464, 0.0 ], [ 104.981101997000209, -5.416064, 0.0 ], [ 104.98072499700001, -5.415900999999858, 0.0 ], [ 104.980531997000028, -5.415795999999874, 0.0 ], [ 104.980460182846741, -5.41574483241566, 0.0 ], [ 104.980633059000041, -5.415545042999982, 0.0 ], [ 104.980912978000021, -5.415269760999943, 0.0 ], [ 104.981179266000126, -5.415000212999933, 0.0 ], [ 104.981377997000038, -5.414756188, 0.0 ], [ 104.981468238000048, -5.414632979000013, 0.0 ], [ 104.981509259000063, -5.414503607999967, 0.0 ], [ 104.981511692000097, -5.414394059999962, 0.0 ], [ 104.981446887000061, -5.414016823999924, 0.0 ], [ 104.981379975000024, -5.413628493999946, 0.0 ], [ 104.98128353100013, -5.41290233, 0.0 ], [ 104.981218745, -5.412435159999974, 0.0 ], [ 104.981161537000077, -5.41221754799991, 0.0 ], [ 104.981091145000022, -5.412103855999918, 0.0 ], [ 104.980968523000087, -5.412028817999927, 0.0 ], [ 104.980759613000032, -5.411915120999934, 0.0 ], [ 104.980254762000101, -5.412015665, 0.0 ], [ 104.979797997000048, -5.411945304999945, 0.0 ], [ 104.979434930000124, -5.411839775, 0.0 ], [ 104.979212407, -5.411722524999986, 0.0 ], [ 104.97857996900008, -5.411441120999973, 0.0 ], [ 104.978345744000066, -5.411019041999955, 0.0 ], [ 104.978369183000055, -5.41064386599991, 0.0 ], [ 104.978508634000036, -5.410282095999909, 0.0 ], [ 104.978104570000099, -5.409070961999975, 0.0 ], [ 104.978369237000052, -5.409119715999923, 0.0 ], [ 104.978650323000039, -5.409072828999951, 0.0 ], [ 104.979096701000032, -5.408714249999948, 0.0 ], [ 104.979093562000031, -5.408624535999897, 0.0 ], [ 104.979115601000075, -5.40854503999998, 0.0 ], [ 104.979167475000025, -5.408478936999929, 0.0 ], [ 104.979246070000045, -5.408425425999942, 0.0 ], [ 104.979371821000058, -5.408334142999939, 0.0 ], [ 104.979456706000065, -5.408250726999965, 0.0 ], [ 104.979494435000078, -5.408170815999926, 0.0 ], [ 104.979512849000088, -5.408100873, 0.0 ], [ 104.979493808000115, -5.408030661999964, 0.0 ], [ 104.979458318000098, -5.407959581999945, 0.0 ], [ 104.979378679, -5.407889367999909, 0.0 ], [ 104.97923897700008, -5.407821036999939, 0.0 ], [ 104.979148723000066, -5.40774232, 0.0 ], [ 104.979094378000099, -5.407633477999964, 0.0 ], [ 104.979093372000108, -5.407506610999947, 0.0 ], [ 104.979128314000064, -5.407433727999956, 0.0 ], [ 104.979204016000025, -5.407359873999974, 0.0 ], [ 104.979291885000094, -5.407283080999926, 0.0 ], [ 104.979350151000034, -5.407204785000021, 0.0 ], [ 104.979363952000114, -5.407140303999926, 0.0 ], [ 104.979368558000047, -5.406965284999922, 0.0 ], [ 104.979344361000088, -5.406415445999903, 0.0 ], [ 104.979309191000112, -5.405908969999919, 0.0 ], [ 104.979321210000037, -5.405791791999905, 0.0 ], [ 104.979358209000083, -5.405597328999891, 0.0 ], [ 104.979380074000019, -5.405434793999943, 0.0 ], [ 104.979367746000065, -5.405336016999941, 0.0 ], [ 104.97934000700009, -5.405231067999962, 0.0 ], [ 104.97926602600009, -5.40515698399996, 0.0 ], [ 104.979034832000053, -5.405005726999969, 0.0 ], [ 104.97894601200008, -5.404881018999953, 0.0 ], [ 104.978896336000062, -5.404786501999949, 0.0 ], [ 104.97886156600002, -5.404673746999945, 0.0 ], [ 104.978861570000021, -5.404554359999926, 0.0 ], [ 104.978879817000021, -5.404377810999973, 0.0 ], [ 104.978874855000058, -5.404226918999923, 0.0 ], [ 104.978840086000019, -5.404052810999906, 0.0 ], [ 104.978789136000074, -5.403892124000022, 0.0 ], [ 104.978770178, -5.403757735999916, 0.0 ], [ 104.978795023000018, -5.403620973999969, 0.0 ], [ 104.978852594000074, -5.40348263699998, 0.0 ], [ 104.978853380000061, -5.403480746999913, 0.0 ], [ 104.978975924000068, -5.403322992, 0.0 ], [ 104.979297050000085, -5.402876794999946, 0.0 ], [ 104.979505304000085, -5.402539058999979, 0.0 ], [ 104.979652775000034, -5.402063005999937, 0.0 ], [ 104.979718550000058, -5.401740332999973, 0.0 ], [ 104.979784600000102, -5.401389800999924, 0.0 ], [ 104.979777919000085, -5.401351774999975, 0.0 ], [ 104.97975965100008, -5.401247798999988, 0.0 ], [ 104.979698522, -5.401110631999918, 0.0 ], [ 104.979518678000034, -5.400914664999958, 0.0 ], [ 104.979394840000097, -5.400727631999937, 0.0 ], [ 104.979339904000071, -5.40059670999994, 0.0 ], [ 104.979297274000018, -5.400436106999974, 0.0 ], [ 104.979285099000066, -5.400249076999954, 0.0 ], [ 104.979327482000116, -5.400133309999967, 0.0 ], [ 104.97940859100008, -5.400083443999927, 0.0 ], [ 104.979530964000077, -5.400052101, 0.0 ], [ 104.979742982000033, -5.400006513999957, 0.0 ], [ 104.97994504100005, -5.399949527999949, 0.0 ], [ 104.980126022000022, -5.399874809999984, 0.0 ], [ 104.980250457000096, -5.399750215999978, 0.0 ], [ 104.980432782, -5.39955616899991, 0.0 ], [ 104.980490216000035, -5.399407611999964, 0.0 ], [ 104.980539886000059, -5.399191288999917, 0.0 ], [ 104.980549462000056, -5.399077872999948, 0.0 ], [ 104.980581373000035, -5.398951679999898, 0.0 ], [ 104.980669115000097, -5.398854242, 0.0 ], [ 104.980789105000085, -5.398763857, 0.0 ], [ 104.980980542000026, -5.39864565499998, 0.0 ], [ 104.981125716000037, -5.398521062999974, 0.0 ], [ 104.981157552000099, -5.398460389000016, 0.0 ], [ 104.981177432000052, -5.39837192999998, 0.0 ], [ 104.981188523000085, -5.398247827999926, 0.0 ], [ 104.981162025000032, -5.398121771999977, 0.0 ], [ 104.981122440000036, -5.398015324999962, 0.0 ], [ 104.981048162000022, -5.397878958999959, 0.0 ], [ 104.980862141000088, -5.397585235, 0.0 ], [ 104.980773339000024, -5.397416273999957, 0.0 ], [ 104.980708932000113, -5.39722892299991, 0.0 ], [ 104.980644556000115, -5.396959920999945, 0.0 ], [ 104.980615598000028, -5.396801087999949, 0.0 ], [ 104.980551218000116, -5.396654357999976, 0.0 ], [ 104.980398033000057, -5.396440931, 0.0 ], [ 104.980164289000072, -5.396223439999938, 0.0 ], [ 104.980004440000087, -5.396090045999914, 0.0 ], [ 104.979835713000071, -5.395952204999967, 0.0 ], [ 104.979749130000101, -5.395832151999981, 0.0 ], [ 104.979747990000092, -5.395639451999935, 0.0 ], [ 104.979797788000042, -5.395505454999951, 0.0 ], [ 104.979961941000028, -5.395213054999916, 0.0 ], [ 104.980093866000018, -5.395070991999974, 0.0 ], [ 104.980215835000081, -5.394968806999957, 0.0 ], [ 104.980457279000063, -5.394861642999972, 0.0 ], [ 104.981273779000034, -5.394664029999964, 0.0 ], [ 104.981904447, -5.394507568999897, 0.0 ], [ 104.982096998000117, -5.394432128999961, 0.0 ], [ 104.982236336000099, -5.394418624, 0.0 ], [ 104.982410404000021, -5.39442842200001, 0.0 ], [ 104.982574692000114, -5.394473471, 0.0 ], [ 104.982768314000054, -5.394559648999943, 0.0 ], [ 104.983067408000025, -5.394743896, 0.0 ], [ 104.983196775000067, -5.394811965999947, 0.0 ], [ 104.983391927000056, -5.394838317999907, 0.0 ], [ 104.983595850000057, -5.394816367999956, 0.0 ], [ 104.98375372600006, -5.394763674999949, 0.0 ], [ 104.984265528000037, -5.394430304999988, 0.0 ], [ 104.984415489000099, -5.394289998000014, 0.0 ], [ 104.984444991000061, -5.394154612, 0.0 ], [ 104.984440078, -5.393977376999905, 0.0 ], [ 104.98438094300009, -5.393786281, 0.0 ], [ 104.984329323000082, -5.393601659999904, 0.0 ], [ 104.984312118000076, -5.393444117999925, 0.0 ], [ 104.984356371, -5.393306269999888, 0.0 ], [ 104.98454919200006, -5.392953095999887, 0.0 ], [ 104.984753149000056, -5.392522582999971, 0.0 ], [ 104.985028852000042, -5.391711264999989, 0.0 ], [ 104.98527135300013, -5.391041803999931, 0.0 ], [ 104.985395626000113, -5.390547256999957, 0.0 ], [ 104.985407848000051, -5.390207214999977, 0.0 ], [ 104.985371237000038, -5.389843581, 0.0 ], [ 104.985320440000109, -5.389681110999968, 0.0 ], [ 104.98528296500011, -5.389625571, 0.0 ], [ 104.985220007000052, -5.389576034999978, 0.0 ], [ 104.985125569000061, -5.389555018999927, 0.0 ], [ 104.984984661000027, -5.389540004999928, 0.0 ], [ 104.984777276000017, -5.389530641999952, 0.0 ], [ 104.984638110000049, -5.389509883999922, 0.0 ], [ 104.984404195000053, -5.389441682999964, 0.0 ], [ 104.984206715000056, -5.389361018999951, 0.0 ], [ 104.983972688000051, -5.389214751999928, 0.0 ], [ 104.983566403000012, -5.388889961999967, 0.0 ], [ 104.983538765000034, -5.388867866999915, 0.0 ], [ 104.982873976000093, -5.388241675999973, 0.0 ], [ 104.982746775000052, -5.388061846000015, 0.0 ], [ 104.982623319000055, -5.387893257000011, 0.0 ], [ 104.982515496000104, -5.387645340999926, 0.0 ], [ 104.982455407000103, -5.387436554999971, 0.0 ], [ 104.982427694000123, -5.387205244000016, 0.0 ], [ 104.982395277000109, -5.386957061, 0.0 ], [ 104.982351391000023, -5.386852969999913, 0.0 ], [ 104.982300574000078, -5.386785888999958, 0.0 ], [ 104.982189696000063, -5.386753501999943, 0.0 ], [ 104.982004896000049, -5.38676968899995, 0.0 ], [ 104.9814860070001, -5.38681680199994, 0.0 ], [ 104.980826924000013, -5.386860392, 0.0 ], [ 104.98045071100006, -5.386861412999989, 0.0 ], [ 104.980261354000021, -5.386833991999941, 0.0 ], [ 104.980129034000086, -5.386767736999966, 0.0 ], [ 104.980019530000092, -5.386635232999927, 0.0 ], [ 104.979983032000092, -5.386502729999977, 0.0 ], [ 104.979987602000023, -5.386315, 0.0 ], [ 104.9800969180001, -5.385954453, 0.0 ], [ 104.980321974000063, -5.385442606999925, 0.0 ], [ 104.980647237000071, -5.384632368999943, 0.0 ], [ 104.980814423000041, -5.384114082999959, 0.0 ], [ 104.980997673000019, -5.384020731999962, 0.0 ], [ 104.981283794000063, -5.384030398999963, 0.0 ], [ 104.981576341000022, -5.38413664099996, 0.0 ], [ 104.981875318000064, -5.384220348999959, 0.0 ], [ 104.981953913, -5.384267182999926, 0.0 ], [ 104.981953908, -5.384425641999981, 0.0 ], [ 104.982006653000013, -5.384529079999924, 0.0 ], [ 104.982163050000068, -5.38466668199994, 0.0 ], [ 104.982486125000065, -5.384814143999973, 0.0 ], [ 104.982833379000027, -5.38489998499997, 0.0 ], [ 104.983434382000013, -5.384999757999966, 0.0 ], [ 104.983706910000095, -5.385052584999896, 0.0 ], [ 104.984188235000033, -5.385048195999977, 0.0 ], [ 104.984732224000112, -5.384938717999978, 0.0 ], [ 104.985259576000047, -5.38474862799997, 0.0 ], [ 104.985883637000072, -5.384462635999933, 0.0 ], [ 104.986537556000087, -5.384085966999942, 0.0 ], [ 104.986974160000059, -5.383830980999983, 0.0 ], [ 104.987539781000052, -5.383428329999974, 0.0 ], [ 104.988074471000061, -5.382928332999905, 0.0 ], [ 104.988379379000065, -5.382472578999943, 0.0 ], [ 104.988437493000077, -5.382288807999926, 0.0 ], [ 104.988467510000078, -5.382032, 0.0 ], [ 104.988426588000067, -5.381802509999924, 0.0 ], [ 104.988358386000115, -5.381614, 0.0 ], [ 104.98825414400001, -5.381443082999938, 0.0 ], [ 104.98817383600003, -5.381199901999979, 0.0 ], [ 104.988162368000062, -5.381002678, 0.0 ], [ 104.988168813000058, -5.38082252499993, 0.0 ], [ 104.988204868000111, -5.380668494999975, 0.0 ], [ 104.988296203000033, -5.380552973, 0.0 ], [ 104.988428394000039, -5.380490400999983, 0.0 ], [ 104.988721616000049, -5.380432644999912, 0.0 ], [ 104.989352870000062, -5.380315314999974, 0.0 ], [ 104.990213523000037, -5.380194982999965, 0.0 ], [ 104.990751247000034, -5.380155665, 0.0 ], [ 104.991308431000036, -5.380100745999895, 0.0 ], [ 104.991710213000061, -5.380025125999945, 0.0 ], [ 104.992145229000087, -5.379885978999978, 0.0 ], [ 104.992571182000063, -5.379698430999914, 0.0 ], [ 104.992729796000049, -5.379543724, 0.0 ], [ 104.992795751000088, -5.379407237999979, 0.0 ], [ 104.992822132000043, -5.379300104, 0.0 ], [ 104.992847538000021, -5.379167771999972, 0.0 ], [ 104.992827279000025, -5.378983306999986, 0.0 ], [ 104.992790437000096, -5.378844957999908, 0.0 ], [ 104.992518059000119, -5.378415321999976, 0.0 ], [ 104.992311996000026, -5.378021164999959, 0.0 ], [ 104.992226591000062, -5.377803700999907, 0.0 ], [ 104.992134097000047, -5.377386070999902, 0.0 ], [ 104.99205283100008, -5.376937777999936, 0.0 ], [ 104.991995189000107, -5.376172354999932, 0.0 ], [ 104.991933620000069, -5.375819667999972, 0.0 ], [ 104.991882349, -5.375580912999935, 0.0 ], [ 104.991885184000068, -5.375156873999932, 0.0 ], [ 104.99187373800001, -5.37500000099992, 0.0 ], [ 104.991860714000083, -5.374821475999982, 0.0 ], [ 104.991793429000026, -5.374638990999893, 0.0 ], [ 104.991633630000123, -5.37433017099992, 0.0 ], [ 104.991442536000122, -5.373987119999958, 0.0 ], [ 104.99099936100005, -5.373200241999955, 0.0 ], [ 104.990813122000091, -5.372871157, 0.0 ], [ 104.990752208000018, -5.372688155999951, 0.0 ], [ 104.990710677000052, -5.372502381999945, 0.0 ], [ 104.990710679000046, -5.372352653999902, 0.0 ], [ 104.990724525000047, -5.372236198999948, 0.0 ], [ 104.990760523000091, -5.372122517999957, 0.0 ], [ 104.990804827000019, -5.372019927999906, 0.0 ], [ 104.99086709700002, -5.37194985099997, 0.0 ], [ 104.990891517000094, -5.371922369999917, 0.0 ], [ 104.99098855000004, -5.371902937999907, 0.0 ], [ 104.991124397000092, -5.371928202999955, 0.0 ], [ 104.991452367000051, -5.371982619999928, 0.0 ], [ 104.991809449000101, -5.372027321999985, 0.0 ], [ 104.99233840800008, -5.372077991, 0.0 ], [ 104.992723511000065, -5.372084530999922, 0.0 ], [ 104.992975894000068, -5.372040959999959, 0.0 ], [ 104.993434685000111, -5.371778127999972, 0.0 ], [ 104.993902320000075, -5.371465947999988, 0.0 ], [ 104.994455442000103, -5.371174655999956, 0.0 ], [ 104.994792295000082, -5.370964698, 0.0 ], [ 104.99524045400004, -5.370332849999938, 0.0 ], [ 104.995408950000026, -5.370004053999912, 0.0 ], [ 104.99551264100009, -5.369757456999936, 0.0 ], [ 104.995551646000109, -5.369628124999982, 0.0 ], [ 104.995594536000027, -5.36948591599994, 0.0 ], [ 104.995627847000023, -5.369276249999912, 0.0 ], [ 104.99559453800002, -5.369114232999918, 0.0 ], [ 104.995494810000125, -5.368963592999977, 0.0 ], [ 104.995381416000058, -5.368826662999927, 0.0 ], [ 104.99529303600012, -5.368694740999937, 0.0 ], [ 104.995258019000062, -5.368592877999946, 0.0 ], [ 104.995253122000108, -5.368428465999932, 0.0 ], [ 104.995289809000028, -5.368329943999951, 0.0 ], [ 104.995361516000102, -5.368249789999981, 0.0 ], [ 104.995469908000103, -5.368181326999911, 0.0 ], [ 104.995656676000095, -5.368131230999941, 0.0 ], [ 104.995873461000102, -5.368092825999961, 0.0 ], [ 104.996203317000038, -5.368044818999985, 0.0 ], [ 104.99644555, -5.36794599699998, 0.0 ], [ 104.99674460500006, -5.367847173999975, 0.0 ], [ 104.996962914000093, -5.367718403999978, 0.0 ], [ 104.997037678000055, -5.367607600999959, 0.0 ], [ 104.997060870000027, -5.367494475999925, 0.0 ], [ 104.997035449000052, -5.367391629999942, 0.0 ], [ 104.99693274500008, -5.367326459999967, 0.0 ], [ 104.996521929000011, -5.367262173999977, 0.0 ], [ 104.995949319000061, -5.367179993000017, 0.0 ], [ 104.99570943800002, -5.367084754999953, 0.0 ], [ 104.995597126000064, -5.367027371999912, 0.0 ], [ 104.995537533000103, -5.366942445, 0.0 ], [ 104.995530656000071, -5.366834566999946, 0.0 ], [ 104.995590252000028, -5.366646353999917, 0.0 ], [ 104.995886463000019, -5.366225080999966, 0.0 ], [ 104.996194728000035, -5.365901966999965, 0.0 ], [ 104.996417624000088, -5.365767289999924, 0.0 ], [ 104.996611468000054, -5.365684390999904, 0.0 ], [ 104.99680329100002, -5.365621707999958, 0.0 ], [ 104.997136458000057, -5.365520611999942, 0.0 ], [ 104.997453935000038, -5.365368651999981, 0.0 ], [ 104.997653836000055, -5.365221046999936, 0.0 ], [ 104.997922831000025, -5.365006262999929, 0.0 ], [ 104.998009656000093, -5.364897075999954, 0.0 ], [ 104.99807525300011, -5.36473439, 0.0 ], [ 104.998085160000045, -5.364613931999974, 0.0 ], [ 104.998059721000061, -5.364436252999928, 0.0 ], [ 104.998014436000048, -5.364314377999969, 0.0 ], [ 104.997943676000062, -5.364218009999989, 0.0 ], [ 104.997824800000075, -5.364142899999903, 0.0 ], [ 104.997572214000058, -5.364004048999961, 0.0 ], [ 104.997433102000088, -5.363920022999936, 0.0 ], [ 104.99719904300008, -5.363851474999949, 0.0 ], [ 104.997077596000068, -5.363800617, 0.0 ], [ 104.996710475000071, -5.363547986999974, 0.0 ], [ 104.996560323000082, -5.363386569999941, 0.0 ], [ 104.996449919000014, -5.36324284199995, 0.0 ], [ 104.99641017400009, -5.36304604500001, 0.0 ], [ 104.996416364000069, -5.362889609999945, 0.0 ], [ 104.996448864000101, -5.36278267699989, 0.0 ], [ 104.996498387000116, -5.362692789999914, 0.0 ], [ 104.99657886300011, -5.362607552999966, 0.0 ], [ 104.996776958000069, -5.362550212000018, 0.0 ], [ 104.996950291000104, -5.36253006699995, 0.0 ], [ 104.997125172000011, -5.362539366, 0.0 ], [ 104.997387488000044, -5.362614301, 0.0 ], [ 104.997714262000088, -5.36277791699994, 0.0 ], [ 104.998018757000054, -5.362911784999914, 0.0 ], [ 104.998655981000113, -5.36311951299996, 0.0 ], [ 104.99910715700004, -5.363209874999976, 0.0 ], [ 104.999343636000077, -5.363275310999972, 0.0 ], [ 104.999645459000092, -5.363365670999899, 0.0 ], [ 104.999988415000047, -5.363577796999953, 0.0 ], [ 104.99999999900011, -5.363585167999942, 0.0 ], [ 105.00019777200005, -5.363711010999962, 0.0 ], [ 105.000707647000041, -5.36409384599993, 0.0 ], [ 105.001066497000068, -5.364315360999962, 0.0 ], [ 105.001410599000025, -5.36443842499993, 0.0 ], [ 105.001754700000077, -5.364472881999939, 0.0 ], [ 105.002039815000046, -5.364433500999967, 0.0 ], [ 105.002241359000024, -5.364271054999938, 0.0 ], [ 105.002383914000092, -5.364020002999949, 0.0 ], [ 105.00243307000008, -5.36376895099996, 0.0 ], [ 105.002470301000045, -5.363479681999918, 0.0 ], [ 105.002535416000015, -5.363183908999959, 0.0 ], [ 105.002652273000095, -5.362909265999972, 0.0 ], [ 105.00290569500001, -5.362619017999938, 0.0 ], [ 105.003137025000058, -5.362459006999932, 0.0 ], [ 105.003356433000093, -5.362380196999895, 0.0 ], [ 105.003654539000067, -5.362279890999945, 0.0 ], [ 105.003834994000073, -5.362192326999983, 0.0 ], [ 105.004017844000018, -5.362060249999979, 0.0 ], [ 105.004251653, -5.361796094999972, 0.0 ], [ 105.004380546000093, -5.361537944999929, 0.0 ], [ 105.004425509000086, -5.361366844999983, 0.0 ], [ 105.004494977000064, -5.360948940999956, 0.0 ], [ 105.00455210300008, -5.360598946999952, 0.0 ], [ 105.00471334400001, -5.360012552999928, 0.0 ], [ 105.004771904000052, -5.359506552999983, 0.0 ], [ 105.004779341000045, -5.358917798999942, 0.0 ], [ 105.004645084000046, -5.358405823999947, 0.0 ], [ 105.004350717000108, -5.357897427999982, 0.0 ], [ 105.004112567000035, -5.357569515999939, 0.0 ], [ 105.00369149, -5.356975695999923, 0.0 ], [ 105.003378530000049, -5.356590884999969, 0.0 ], [ 105.003110213000056, -5.356022816999952, 0.0 ], [ 105.003069279000044, -5.355765703, 0.0 ], [ 105.003069278000041, -5.355497410999911, 0.0 ], [ 105.002970151000014, -5.355425290999984, 0.0 ], [ 105.002698487, -5.355293760999936, 0.0 ], [ 105.002548791000052, -5.355120965999939, 0.0 ], [ 105.00248018200007, -5.355120965999939, 0.0 ], [ 105.002224453000039, -5.355133458999907, 0.0 ], [ 105.002149607000064, -5.355156358999936, 0.0 ], [ 105.002120500000061, -5.355347891999974, 0.0 ], [ 105.002105949000097, -5.355780921999921, 0.0 ], [ 105.002093473000045, -5.355837132999953, 0.0 ], [ 105.002058129000048, -5.355862115999978, 0.0 ], [ 105.002008231, -5.355851705999916, 0.0 ], [ 105.001931427000045, -5.355808489999982, 0.0 ], [ 105.00180271400005, -5.355544726999918, 0.0 ], [ 105.001757814000072, -5.355400856, 0.0 ], [ 105.001662028000055, -5.35525098999995, 0.0 ], [ 105.001446509000075, -5.355083141999918, 0.0 ], [ 105.000991527000082, -5.354849351999937, 0.0 ], [ 105.000856829000043, -5.354645534999948, 0.0 ], [ 105.00054260800006, -5.353595092999987, 0.0 ], [ 105.000404809000116, -5.35311217999991, 0.0 ], [ 105.000223140000102, -5.352979101999912, 0.0 ], [ 105.000023182000078, -5.352886314999962, 0.0 ], [ 104.99999999900011, -5.352882393, 0.0 ], [ 104.999842734000069, -5.352855792999923, 0.0 ], [ 104.999323579000105, -5.352821385, 0.0 ], [ 104.998853340000011, -5.352616657999944, 0.0 ], [ 104.997064389000045, -5.35159301799998, 0.0 ], [ 104.996933467000048, -5.351080893999972, 0.0 ], [ 104.996857228000053, -5.350597376999934, 0.0 ], [ 104.996765738000121, -5.350281817999937, 0.0 ], [ 104.996605923000033, -5.350032535, 0.0 ], [ 104.996501435000098, -5.349869554999932, 0.0 ], [ 104.996408633000058, -5.34939554899997, 0.0 ], [ 104.996383812000047, -5.349175386999962, 0.0 ], [ 104.996461830000015, -5.349010264999977, 0.0 ], [ 104.996573535000024, -5.348907287999983, 0.0 ], [ 104.9966056210001, -5.348828337999935, 0.0 ], [ 104.996782, -5.348813350999938, 0.0 ], [ 104.997052775000057, -5.348478629999954, 0.0 ], [ 104.997143032000068, -5.348650514999965, 0.0 ], [ 104.997765812000083, -5.348324842999931, 0.0 ], [ 104.997612376000092, -5.347981074, 0.0 ], [ 104.997865097000044, -5.347917749, 0.0 ], [ 104.998885011000056, -5.347438285999941, 0.0 ], [ 104.998758651000074, -5.346841214999921, 0.0 ], [ 104.998957218000072, -5.346741703999948, 0.0 ], [ 104.998939168000092, -5.346162725999916, 0.0 ], [ 104.998370545000029, -5.346434120999989, 0.0 ], [ 104.998560084000076, -5.346949772999933, 0.0 ], [ 104.997865100000041, -5.347311631999942, 0.0 ], [ 104.99762140700004, -5.346578862999975, 0.0 ], [ 104.997170118, -5.346814070999896, 0.0 ], [ 104.997134016000032, -5.346624092999987, 0.0 ], [ 104.996998629000117, -5.346615045999949, 0.0 ], [ 104.996908375000018, -5.345909417, 0.0 ], [ 104.997061813000101, -5.345873230999944, 0.0 ], [ 104.996935457000035, -5.345095229999965, 0.0 ], [ 104.995978724000011, -5.345855131999956, 0.0 ], [ 104.995554516000084, -5.345638012999933, 0.0 ], [ 104.99552744000006, -5.345438988999986, 0.0 ], [ 104.995915548000113, -5.345149502999925, 0.0 ], [ 104.995112268000085, -5.343964401999925, 0.0 ], [ 104.995915557000032, -5.343828709999977, 0.0 ], [ 104.995843356000094, -5.34315926700001, 0.0 ], [ 104.995784998000062, -5.342717760999983, 0.0 ], [ 104.996461926000023, -5.34257302, 0.0 ], [ 104.996407773000072, -5.342319716999912, 0.0 ], [ 104.995956496000034, -5.341234130999974, 0.0 ], [ 104.996127985000015, -5.341071294999912, 0.0 ], [ 104.996263371000026, -5.340836086, 0.0 ], [ 104.997093735000078, -5.340347577999983, 0.0 ], [ 104.997409633000103, -5.340591835999943, 0.0 ], [ 104.99757209300013, -5.340998929999964, 0.0 ], [ 104.999115483000111, -5.341234143999975, 0.0 ], [ 104.999703296000078, -5.341242214999932, 0.0 ], [ 104.999729229000096, -5.341216051999899, 0.0 ], [ 104.999693126000039, -5.340664212999981, 0.0 ], [ 104.999702671000108, -5.34052000499995, 0.0 ], [ 104.999864614000018, -5.340537561999982, 0.0 ], [ 104.99999999900011, -5.340323125999914, 0.0 ], [ 105.000595692000019, -5.339379606, 0.0 ], [ 105.000658871, -5.339234861999932, 0.0 ], [ 105.001530153000061, -5.339010470999929, 0.0 ], [ 105.001945331000044, -5.338549096999946, 0.0 ], [ 105.001990458000051, -5.338114863999989, 0.0 ], [ 105.002551479000019, -5.33732003599995, 0.0 ], [ 105.002654408000097, -5.337959474999922, 0.0 ], [ 105.002736247000115, -5.338217813999981, 0.0 ], [ 105.00286612100011, -5.338438736999963, 0.0 ], [ 105.003018057000077, -5.338549281999962, 0.0 ], [ 105.003224433000099, -5.338576005999952, 0.0 ], [ 105.003413016000067, -5.338536808, 0.0 ], [ 105.003622949000032, -5.338472667999929, 0.0 ], [ 105.003894239, -5.338336290999925, 0.0 ], [ 105.004114487000024, -5.33823854599992, 0.0 ], [ 105.00455535, -5.337843214999983, 0.0 ], [ 105.004876105000065, -5.337588975, 0.0 ], [ 105.005012322000056, -5.337478297999988, 0.0 ], [ 105.005169102000053, -5.337426819, 0.0 ], [ 105.005349015000021, -5.337457703999972, 0.0 ], [ 105.005541779000069, -5.337671331999973, 0.0 ], [ 105.005609018000129, -5.337963079999954, 0.0 ], [ 105.005701547000058, -5.338305402999945, 0.0 ], [ 105.005771081000034, -5.33869042, 0.0 ], [ 105.005871320000068, -5.338914344999969, 0.0 ], [ 105.005938147000094, -5.339117679, 0.0 ], [ 105.006007935000099, -5.339497625, 0.0 ], [ 105.006100464000028, -5.339773025999962, 0.0 ], [ 105.006270098000115, -5.339901717999952, 0.0 ], [ 105.006596511000041, -5.340009815999926, 0.0 ], [ 105.006768530000059, -5.34004744399993, 0.0 ], [ 105.007092866000065, -5.339990952999964, 0.0 ], [ 105.007310567000047, -5.339825390999943, 0.0 ], [ 105.007405449, -5.339753232999923, 0.0 ], [ 105.007727877000036, -5.339481896999944, 0.0 ], [ 105.00792059700008, -5.339361859999959, 0.0 ], [ 105.008090778000039, -5.339214718999953, 0.0 ], [ 105.008182271000052, -5.339070830999949, 0.0 ], [ 105.008300268000056, -5.338651507999982, 0.0 ], [ 105.008292426000111, -5.338249629999948, 0.0 ], [ 105.008226675000088, -5.337936134999945, 0.0 ], [ 105.008117646000045, -5.337651048999893, 0.0 ], [ 105.00782407700008, -5.337214045999973, 0.0 ], [ 105.007465301000067, -5.336753429999964, 0.0 ], [ 105.007121209000019, -5.336436201999918, 0.0 ], [ 105.006765503000068, -5.336113770999974, 0.0 ], [ 105.006656272, -5.335966360999945, 0.0 ], [ 105.006590401000068, -5.335807557999951, 0.0 ], [ 105.006583081000073, -5.335702503999963, 0.0 ], [ 105.006590398000057, -5.335514380999941, 0.0 ], [ 105.006619735000086, -5.335413359999931, 0.0 ], [ 105.006741715000061, -5.33520080499993, 0.0 ], [ 105.007108057000082, -5.334782772999981, 0.0 ], [ 105.007313923000069, -5.334500334999971, 0.0 ], [ 105.007475205000091, -5.33424901199996, 0.0 ], [ 105.007564711000029, -5.333980025, 0.0 ], [ 105.007626820000013, -5.333849791999969, 0.0 ], [ 105.007782008000063, -5.333691492999927, 0.0 ], [ 105.008572987000051, -5.333380368999942, 0.0 ], [ 105.008828848000093, -5.33332087, 0.0 ], [ 105.0096448930001, -5.333000282999935, 0.0 ], [ 105.010212062000051, -5.332695912999975, 0.0 ], [ 105.010787355000048, -5.332575066999924, 0.0 ], [ 105.011243034000088, -5.33252922499995, 0.0 ], [ 105.011627765000028, -5.332461457999939, 0.0 ], [ 105.012032661000049, -5.332426315999962, 0.0 ], [ 105.012168558000013, -5.332390362999918, 0.0 ], [ 105.012294196000113, -5.332295351999962, 0.0 ], [ 105.012378415000057, -5.332194926999913, 0.0 ], [ 105.012597912000018, -5.331795577, 0.0 ], [ 105.012947283000059, -5.331240176999964, 0.0 ], [ 105.013143969000069, -5.33106610299995, 0.0 ], [ 105.013425279000074, -5.330988224, 0.0 ], [ 105.014430858000054, -5.330988627999934, 0.0 ], [ 105.014757676000016, -5.330996548999968, 0.0 ], [ 105.015024260000047, -5.331083851, 0.0 ], [ 105.015430101000049, -5.331258561999975, 0.0 ], [ 105.015898547000077, -5.331402484999982, 0.0 ], [ 105.016178932000102, -5.331445334999975, 0.0 ], [ 105.016434446000105, -5.331429334999983, 0.0 ], [ 105.016639388, -5.331354696999936, 0.0 ], [ 105.016910869000085, -5.331194761999937, 0.0 ], [ 105.017307829000075, -5.330883920999975, 0.0 ], [ 105.017555256000023, -5.330626664999917, 0.0 ], [ 105.017704117000079, -5.330454626999982, 0.0 ], [ 105.018460318000038, -5.329861094999989, 0.0 ], [ 105.018696401000028, -5.32978309099993, 0.0 ], [ 105.019365719000078, -5.32992444, 0.0 ], [ 105.01994437900008, -5.33008198899997, 0.0 ], [ 105.020438465000012, -5.330044081999942, 0.0 ], [ 105.020594257000113, -5.330008415999922, 0.0 ], [ 105.021005992000084, -5.329847924999966, 0.0 ], [ 105.021362758000109, -5.329657104999987, 0.0 ], [ 105.021722467000117, -5.32940464099997, 0.0 ], [ 105.021842036000066, -5.329253439999983, 0.0 ], [ 105.022034631000011, -5.329000980999966, 0.0 ], [ 105.022091275000079, -5.328884681999936, 0.0 ], [ 105.022238859000126, -5.328565508999906, 0.0 ], [ 105.022408792000064, -5.328242138999974, 0.0 ], [ 105.022569517000036, -5.327927126999933, 0.0 ], [ 105.022721167000057, -5.327817373, 0.0 ], [ 105.022862258000018, -5.327806836000017, 0.0 ], [ 105.023053700000048, -5.327806827999927, 0.0 ], [ 105.023287103000087, -5.327859346, 0.0 ], [ 105.023515262000046, -5.327909236999963, 0.0 ], [ 105.023904013000049, -5.32793830299997, 0.0 ], [ 105.024339347000108, -5.327946163, 0.0 ], [ 105.024758947000095, -5.327943520999957, 0.0 ], [ 105.025060315000076, -5.327915783999972, 0.0 ], [ 105.025213056000013, -5.327900121999919, 0.0 ], [ 105.025485291000066, -5.327828627999954, 0.0 ], [ 105.025981807000022, -5.327749627, 0.0 ], [ 105.026322249000117, -5.32768605099997, 0.0 ], [ 105.02659957300007, -5.32761871, 0.0 ], [ 105.026763466000034, -5.327608490999948, 0.0 ], [ 105.02710216300008, -5.327614506, 0.0 ], [ 105.027141640000067, -5.327615207999971, 0.0 ], [ 105.027529821000115, -5.327695017999913, 0.0 ], [ 105.027921381000098, -5.327965118999968, 0.0 ], [ 105.028108444000026, -5.328200465999901, 0.0 ], [ 105.028201979000045, -5.328402194999983, 0.0 ], [ 105.028341594000054, -5.32882664799993, 0.0 ], [ 105.028595811000031, -5.329208488, 0.0 ], [ 105.028893186000033, -5.329407805999965, 0.0 ], [ 105.029148350000099, -5.329546267999964, 0.0 ], [ 105.029528702000036, -5.329918655999956, 0.0 ], [ 105.030002725000088, -5.330439259999954, 0.0 ], [ 105.03013708600011, -5.330748627999972, 0.0 ], [ 105.030160266000067, -5.330948175999962, 0.0 ], [ 105.030164920000104, -5.331361195999941, 0.0 ], [ 105.0301186, -5.33177421899992, 0.0 ], [ 105.030107250000029, -5.331866932999953, 0.0 ], [ 105.030025950000052, -5.332530980999918, 0.0 ], [ 105.030024343, -5.33269275199998, 0.0 ], [ 105.030080824000066, -5.332896599999971, 0.0 ], [ 105.030160997000038, -5.33299041, 0.0 ], [ 105.03028800800007, -5.333028290999943, 0.0 ], [ 105.03047701400007, -5.333039457999979, 0.0 ], [ 105.030644090000038, -5.333040737, 0.0 ], [ 105.030817592000105, -5.333021421999907, 0.0 ], [ 105.031027393000045, -5.332976279, 0.0 ], [ 105.031186757000086, -5.332929935999976, 0.0 ], [ 105.031315274000065, -5.332869437999944, 0.0 ], [ 105.031413630000117, -5.332804247999968, 0.0 ], [ 105.031598446000046, -5.332627336999986, 0.0 ], [ 105.031794948000055, -5.332422793999937, 0.0 ], [ 105.031860230000035, -5.332333269, 0.0 ], [ 105.031930239000062, -5.332237260999952, 0.0 ], [ 105.032007251000039, -5.332101759999931, 0.0 ], [ 105.032127953000071, -5.331813982999924, 0.0 ], [ 105.032224804000094, -5.331398761999941, 0.0 ], [ 105.03230616500008, -5.331177568999935, 0.0 ], [ 105.032619633000081, -5.330660666999977, 0.0 ], [ 105.032980075000054, -5.330199133999981, 0.0 ], [ 105.033240567000021, -5.32993480399996, 0.0 ], [ 105.033452295000046, -5.329769564999966, 0.0 ], [ 105.033720734000056, -5.329591927000012, 0.0 ], [ 105.034009514000061, -5.329528374, 0.0 ], [ 105.03423266700004, -5.329541506999925, 0.0 ], [ 105.034337680000121, -5.329578746999987, 0.0 ], [ 105.034661475000092, -5.329697038999916, 0.0 ], [ 105.035206570000071, -5.329905163, 0.0 ], [ 105.035396260000041, -5.330071361999979, 0.0 ], [ 105.035623894000054, -5.330243650999934, 0.0 ], [ 105.035910400000034, -5.330441502999962, 0.0 ], [ 105.036196905000025, -5.330576038, 0.0 ], [ 105.036310762000127, -5.330604734999968, 0.0 ], [ 105.036544989000049, -5.330642501999895, 0.0 ], [ 105.036808098000066, -5.330666187, 0.0 ], [ 105.037023458000121, -5.330658303999959, 0.0 ], [ 105.037277379000074, -5.330580568999922, 0.0 ], [ 105.037452320000071, -5.3305019439999, 0.0 ], [ 105.037612157000069, -5.330405264999984, 0.0 ], [ 105.037722181000021, -5.330297071, 0.0 ], [ 105.037839682000069, -5.330061159999934, 0.0 ], [ 105.037969511000057, -5.329752637999986, 0.0 ], [ 105.038062810000056, -5.329344333999954, 0.0 ], [ 105.038083103000048, -5.329031144999975, 0.0 ], [ 105.038092125000077, -5.328668531, 0.0 ], [ 105.038072546000052, -5.327990456999933, 0.0 ], [ 105.038036409000085, -5.327674261999972, 0.0 ], [ 105.03796422300006, -5.326973023999949, 0.0 ], [ 105.037952206000043, -5.326434372999968, 0.0 ], [ 105.037960961000067, -5.326053401999976, 0.0 ], [ 105.038013161000023, -5.325597510999915, 0.0 ], [ 105.038084490000074, -5.32532086799994, 0.0 ], [ 105.038180713000131, -5.325094424999945, 0.0 ], [ 105.038284491000098, -5.324959990000012, 0.0 ], [ 105.038460359000084, -5.324856667999901, 0.0 ], [ 105.038671784000073, -5.324851361, 0.0 ], [ 105.038780141000075, -5.324869880999929, 0.0 ], [ 105.038930785000019, -5.324930746, 0.0 ], [ 105.039419729000059, -5.325290659999927, 0.0 ], [ 105.039817030000066, -5.32557717899992, 0.0 ], [ 105.040153198000084, -5.325824028999916, 0.0 ], [ 105.040983512000125, -5.326481181999933, 0.0 ], [ 105.041465396000035, -5.326847641999967, 0.0 ], [ 105.042332867000127, -5.327571197999971, 0.0 ], [ 105.042700038000049, -5.327891239999895, 0.0 ], [ 105.042925016000098, -5.328231891999925, 0.0 ], [ 105.043161321000113, -5.328573783999969, 0.0 ], [ 105.043345139000039, -5.328788060999935, 0.0 ], [ 105.043545766000122, -5.328931546, 0.0 ], [ 105.043842062000039, -5.32914306899991, 0.0 ], [ 105.044290763000035, -5.329396253999986, 0.0 ], [ 105.044650467000039, -5.329393776999959, 0.0 ], [ 105.045011807, -5.329379373999922, 0.0 ], [ 105.045249707000067, -5.329320340000011, 0.0 ], [ 105.045315183000056, -5.329300663999982, 0.0 ], [ 105.045625847000096, -5.329175504999929, 0.0 ], [ 105.045927792000029, -5.329030454, 0.0 ], [ 105.046377695000047, -5.328797632999928, 0.0 ], [ 105.046544968000035, -5.328710757999934, 0.0 ], [ 105.046665778000076, -5.328662662999951, 0.0 ], [ 105.046844635000042, -5.328539100999942, 0.0 ], [ 105.047122566000041, -5.32833739299995, 0.0 ], [ 105.047249148000034, -5.328205325999948, 0.0 ], [ 105.047355761000063, -5.328006328, 0.0 ], [ 105.047456436000033, -5.327795680999982, 0.0 ], [ 105.047519846000043, -5.327449745999958, 0.0 ], [ 105.047545229, -5.327230984999977, 0.0 ], [ 105.047508789000105, -5.326861081999924, 0.0 ], [ 105.047459956000068, -5.326607419999986, 0.0 ], [ 105.047457122000097, -5.326231561999974, 0.0 ], [ 105.047502131000087, -5.326115629999974, 0.0 ], [ 105.047547213000087, -5.326047500999932, 0.0 ], [ 105.047683865000025, -5.325942832999976, 0.0 ], [ 105.047781936000064, -5.325902571999931, 0.0 ], [ 105.0481152360001, -5.325772249999984, 0.0 ], [ 105.048809132000045, -5.325495002999959, 0.0 ], [ 105.04899020900011, -5.325412557999888, 0.0 ], [ 105.049330162000089, -5.325219477999989, 0.0 ], [ 105.049619637000049, -5.325145929999943, 0.0 ], [ 105.049779058000098, -5.32512490899998, 0.0 ], [ 105.050194508000104, -5.325116707999923, 0.0 ], [ 105.050416441000081, -5.325162659999906, 0.0 ], [ 105.050803544000047, -5.325290955999952, 0.0 ], [ 105.051013310000087, -5.325377920999953, 0.0 ], [ 105.051387956000085, -5.32544158199998, 0.0 ], [ 105.05199337500008, -5.32552208199998, 0.0 ], [ 105.052425103000104, -5.32555250400001, 0.0 ], [ 105.052667554, -5.32555858899998, 0.0 ], [ 105.052996796000059, -5.325511118999961, 0.0 ], [ 105.053268945000113, -5.325514488999973, 0.0 ], [ 105.053443782, -5.325484284999961, 0.0 ], [ 105.053834577000018, -5.325363606999924, 0.0 ], [ 105.054168335, -5.325279053999944, 0.0 ], [ 105.054312199, -5.325261752999934, 0.0 ], [ 105.054653936000037, -5.325199737999954, 0.0 ], [ 105.054719891000076, -5.325204535999907, 0.0 ], [ 105.054892571000067, -5.325205722, 0.0 ], [ 105.055164208000065, -5.325204451999989, 0.0 ], [ 105.055273331000038, -5.325186428999919, 0.0 ], [ 105.055504981000112, -5.32514077299996, 0.0 ], [ 105.055557742000033, -5.325111946999884, 0.0 ], [ 105.0557431390001, -5.324990414999954, 0.0 ], [ 105.055889238000105, -5.324796010999945, 0.0 ], [ 105.055937134000075, -5.324697878999908, 0.0 ], [ 105.056011752000117, -5.324483474999932, 0.0 ], [ 105.056054476000014, -5.324166351999983, 0.0 ], [ 105.056108315000117, -5.323841664999941, 0.0 ], [ 105.056193978000096, -5.323441143999931, 0.0 ], [ 105.056227702000044, -5.323143279999977, 0.0 ], [ 105.056235969000014, -5.322766493999977, 0.0 ], [ 105.056253112000022, -5.322435619999956, 0.0 ], [ 105.056179053000022, -5.322218479999931, 0.0 ], [ 105.056071894000027, -5.32204003399991, 0.0 ], [ 105.055835438000102, -5.321852131, 0.0 ], [ 105.05553893700008, -5.321690543999948, 0.0 ], [ 105.055197526000072, -5.321395214999937, 0.0 ], [ 105.05510196300007, -5.321221789999887, 0.0 ], [ 105.055084033000099, -5.321060317999939, 0.0 ], [ 105.055107909000029, -5.320925755, 0.0 ], [ 105.055218473000124, -5.320595573999944, 0.0 ], [ 105.055260257000029, -5.320389244999925, 0.0 ], [ 105.055275168, -5.320185905999976, 0.0 ], [ 105.055278177000091, -5.319936606999955, 0.0 ], [ 105.055373795, -5.319433323999968, 0.0 ], [ 105.055439459000112, -5.319097307999966, 0.0 ], [ 105.055451380000122, -5.318849116999948, 0.0 ], [ 105.055437970000071, -5.318567448999913, 0.0 ], [ 105.05532671600011, -5.318286558999942, 0.0 ], [ 105.055220304, -5.318058943999938, 0.0 ], [ 105.055094557000075, -5.317923348, 0.0 ], [ 105.054862422000056, -5.317841036999939, 0.0 ], [ 105.054350396000061, -5.317836273999989, 0.0 ], [ 105.053914554000059, -5.317867243999975, 0.0 ], [ 105.053547346000045, -5.317874149999925, 0.0 ], [ 105.053200724000064, -5.317815751999978, 0.0 ], [ 105.053053150000011, -5.317764211999888, 0.0 ], [ 105.052950187000107, -5.317674861999956, 0.0 ], [ 105.052871239000069, -5.317503022999949, 0.0 ], [ 105.052826413000091, -5.317199103999938, 0.0 ], [ 105.052843552000084, -5.316961956999945, 0.0 ], [ 105.052874418000059, -5.316731682999988, 0.0 ], [ 105.052956730000034, -5.316462079999974, 0.0 ], [ 105.053054665000047, -5.31622908699997, 0.0 ], [ 105.053171120000101, -5.316028889999926, 0.0 ], [ 105.053277915000052, -5.315878224999983, 0.0 ], [ 105.053463563000051, -5.315678598999986, 0.0 ], [ 105.05379199100004, -5.315426438, 0.0 ], [ 105.054074483000051, -5.315260562999947, 0.0 ], [ 105.054477106000064, -5.315050115999943, 0.0 ], [ 105.054803438000064, -5.31493545599996, 0.0 ], [ 105.055218192000012, -5.314839927999961, 0.0 ], [ 105.055554271000105, -5.314783800999935, 0.0 ], [ 105.056091763000083, -5.314773871999913, 0.0 ], [ 105.056376908000047, -5.314786261999961, 0.0 ], [ 105.056615565000072, -5.314832798999904, 0.0 ], [ 105.056910863000084, -5.314941826999954, 0.0 ], [ 105.057279706000045, -5.31509699, 0.0 ], [ 105.057687221, -5.315277802999953, 0.0 ], [ 105.057807358, -5.315345707999976, 0.0 ], [ 105.057999190000075, -5.315444652999902, 0.0 ], [ 105.058266966000105, -5.315573117999962, 0.0 ], [ 105.058646951000114, -5.315755834999981, 0.0 ], [ 105.059017529000045, -5.315950640999935, 0.0 ], [ 105.05928687600003, -5.316160183999953, 0.0 ], [ 105.059552995000018, -5.316372680999949, 0.0 ], [ 105.0596731400001, -5.316514322999945, 0.0 ], [ 105.059839056000072, -5.316741166999973, 0.0 ], [ 105.060129865000064, -5.317207494999922, 0.0 ], [ 105.060370415000065, -5.317548010999941, 0.0 ], [ 105.060572611000097, -5.317756646999973, 0.0 ], [ 105.060835262000069, -5.317944886999916, 0.0 ], [ 105.061101681000082, -5.318178921, 0.0 ], [ 105.061394763000095, -5.318552653999932, 0.0 ], [ 105.061624851000033, -5.318852974, 0.0 ], [ 105.061881989000085, -5.319182414, 0.0 ], [ 105.062098092000014, -5.319482706999969, 0.0 ], [ 105.062493465000045, -5.319886884999926, 0.0 ], [ 105.06279519800006, -5.320198676999967, 0.0 ], [ 105.062797207000045, -5.320200752999961, 0.0 ], [ 105.062987075000123, -5.320419477999939, 0.0 ], [ 105.063064660281782, -5.320509178714618, 0.0 ] ] ] ] } },
{ "type": "Feature", "properties": { "KDPPUM": null, "NAMOBJ": "PUGUNG", "REMARK": "Wilayah Administrasi Kecamatan", "KDPBPS": null, "FCODE": null, "LUASWH": 0.0, "UUPP": null, "SRS_ID": null, "LCODE": "BA0080", "METADATA": null, "KDEBPS": null, "KDEPUM": null, "KDCBPS": null, "KDCPUM": null, "KDBBPS": null, "KDBPUM": null, "WADMKD": null, "WIADKD": null, "WADMKC": null, "WIADKC": null, "WADMKK": "TANGGAMUS", "WIADKK": null, "WADMPR": "LAMPUNG", "WIADPR": null, "TIPADM": 0, "Shape_Leng": 0.94717741461000005, "Shape_Area": 0.0169784588 }, "geometry": { "type": "MultiPolygon", "coordinates": [ [ [ [ 104.83752388200007, -5.499919922999931, 0.0 ], [ 104.837443661254738, -5.499985323133684, 0.0 ], [ 104.834193572000032, -5.497580820999927, 0.0 ], [ 104.83234370000018, -5.494419071999891, 0.0 ], [ 104.82967181, -5.491162894999947, 0.0 ], [ 104.829296352000014, -5.485878486999875, 0.0 ], [ 104.830427720000017, -5.48411737299991, 0.0 ], [ 104.833192419000156, -5.482859983999878, 0.0 ], [ 104.834882059233834, -5.481258056178019, 0.0 ], [ 104.834989999000115, -5.48151832399998, 0.0 ], [ 104.83510022600008, -5.482018514999977, 0.0 ], [ 104.835150297000055, -5.482270516999955, 0.0 ], [ 104.835225394000048, -5.482648525999968, 0.0 ], [ 104.835265311000072, -5.482759952999951, 0.0 ], [ 104.83542499800005, -5.48320566999997, 0.0 ], [ 104.835533154000117, -5.483455254999926, 0.0 ], [ 104.835695380000033, -5.483829623, 0.0 ], [ 104.835990770000052, -5.484218249, 0.0 ], [ 104.836167651000025, -5.484584832999952, 0.0 ], [ 104.836259054000038, -5.484993702999942, 0.0 ], [ 104.836283536000025, -5.485263030999933, 0.0 ], [ 104.836295777000061, -5.485397690999973, 0.0 ], [ 104.836285754000031, -5.485700951999929, 0.0 ], [ 104.836259160000054, -5.48582964, 0.0 ], [ 104.83620596100009, -5.486087023999987, 0.0 ], [ 104.836158354000062, -5.486232631999956, 0.0 ], [ 104.836063148000093, -5.486523837999892, 0.0 ], [ 104.836030321000038, -5.486665314999962, 0.0 ], [ 104.835997493000079, -5.486806782999944, 0.0 ], [ 104.835964666000024, -5.486948260999926, 0.0 ], [ 104.836011739000099, -5.487519568999945, 0.0 ], [ 104.835960139000093, -5.487951926999925, 0.0 ], [ 104.836035470000112, -5.488172934, 0.0 ], [ 104.836164929000077, -5.488503842999938, 0.0 ], [ 104.836205175000032, -5.488638419999971, 0.0 ], [ 104.836329096000071, -5.489016821999927, 0.0 ], [ 104.836442799000054, -5.48919258, 0.0 ], [ 104.836590838000049, -5.48938660299997, 0.0 ], [ 104.83680565800006, -5.489543391999975, 0.0 ], [ 104.836973103000062, -5.489624176999909, 0.0 ], [ 104.837480230000011, -5.490033521999939, 0.0 ], [ 104.83787918700007, -5.490274165999955, 0.0 ], [ 104.8380245070001, -5.490378691999988, 0.0 ], [ 104.83814692300011, -5.490453929, 0.0 ], [ 104.838269347000022, -5.490529156, 0.0 ], [ 104.838392041000048, -5.490576817999949, 0.0 ], [ 104.838637420000097, -5.490672143999932, 0.0 ], [ 104.838772588, -5.490762201999923, 0.0 ], [ 104.839020974000036, -5.490918246999955, 0.0 ], [ 104.839247385000121, -5.491050232999951, 0.0 ], [ 104.839580703000081, -5.491184888, 0.0 ], [ 104.83971741000002, -5.491225931999923, 0.0 ], [ 104.839854117000044, -5.491266966999943, 0.0 ], [ 104.839990824000083, -5.491308011999964, 0.0 ], [ 104.840112929000057, -5.49136341799993, 0.0 ], [ 104.84035714, -5.491474238999951, 0.0 ], [ 104.84074284600004, -5.491713132, 0.0 ], [ 104.840891533000089, -5.491757823999967, 0.0 ], [ 104.841188914, -5.491847219, 0.0 ], [ 104.841653558000075, -5.49199437399991, 0.0 ], [ 104.842086951000056, -5.492132157999942, 0.0 ], [ 104.841935244000112, -5.492278669999985, 0.0 ], [ 104.841756427000064, -5.492521971999954, 0.0 ], [ 104.84160108, -5.492777945999906, 0.0 ], [ 104.84155048500007, -5.492923579999966, 0.0 ], [ 104.841491753000099, -5.493115348999934, 0.0 ], [ 104.841444755000026, -5.493318881999899, 0.0 ], [ 104.841454633000055, -5.493517000999949, 0.0 ], [ 104.841519563000091, -5.493785697999977, 0.0 ], [ 104.841540268000116, -5.494010055999977, 0.0 ], [ 104.841561889000047, -5.494181038999914, 0.0 ], [ 104.841556432000033, -5.494334826999937, 0.0 ], [ 104.84148415, -5.494557350999964, 0.0 ], [ 104.841356775000037, -5.494864896, 0.0 ], [ 104.841333264000042, -5.495007823999932, 0.0 ], [ 104.841334124000113, -5.495169754999919, 0.0 ], [ 104.841343105000064, -5.495347067999935, 0.0 ], [ 104.84134092000005, -5.49552103099994, 0.0 ], [ 104.841242683000104, -5.495568969, 0.0 ], [ 104.841084310000056, -5.495655618999974, 0.0 ], [ 104.840912753000069, -5.495755083999944, 0.0 ], [ 104.840739052000089, -5.495836048999893, 0.0 ], [ 104.840392792000031, -5.496152807999989, 0.0 ], [ 104.840302557000115, -5.496253714999989, 0.0 ], [ 104.840259965000058, -5.496350527999917, 0.0 ], [ 104.840216275000088, -5.496568760999944, 0.0 ], [ 104.84015832900009, -5.496855671999969, 0.0 ], [ 104.840075600000077, -5.497081991999954, 0.0 ], [ 104.839949154000095, -5.497285502999917, 0.0 ], [ 104.839738357000058, -5.497431229999984, 0.0 ], [ 104.839041996000091, -5.497560813999959, 0.0 ], [ 104.838786972000037, -5.497669509999982, 0.0 ], [ 104.838732098000023, -5.497842509, 0.0 ], [ 104.838677225000112, -5.49801549800001, 0.0 ], [ 104.838594480000012, -5.498263881999955, 0.0 ], [ 104.838550923000042, -5.49852001099992, 0.0 ], [ 104.838452237000055, -5.498794416999976, 0.0 ], [ 104.838290729, -5.499083588999921, 0.0 ], [ 104.838123467000031, -5.499355533999951, 0.0 ], [ 104.838034080000099, -5.49945712799992, 0.0 ], [ 104.837855316000045, -5.499660334999946, 0.0 ], [ 104.837765929000028, -5.499761928999915, 0.0 ], [ 104.837644906000051, -5.499840925999967, 0.0 ], [ 104.83752388200007, -5.499919922999931, 0.0 ] ] ], [ [ [ 104.837217961000064, -5.478041832000015, 0.0 ], [ 104.837133678000029, -5.478245064999955, 0.0 ], [ 104.836943921000042, -5.478229000999958, 0.0 ], [ 104.836738385000089, -5.478206328999947, 0.0 ], [ 104.836494024712792, -5.478128043817522, 0.0 ], [ 104.836837864000145, -5.477199231999842, 0.0 ], [ 104.837261812103179, -5.477078068132814, 0.0 ], [ 104.837235156000077, -5.47718502, 0.0 ], [ 104.837223989000037, -5.477587131999963, 0.0 ], [ 104.837217961000064, -5.478041832000015, 0.0 ] ] ], [ [ [ 104.872360026000109, -5.376388655999977, 0.0 ], [ 104.872722049000046, -5.376555186999989, 0.0 ], [ 104.873135917000084, -5.376471276999974, 0.0 ], [ 104.873364511, -5.376528226999978, 0.0 ], [ 104.873493147000076, -5.376551629999961, 0.0 ], [ 104.873621792000051, -5.376575032999943, 0.0 ], [ 104.873830216000073, -5.376619267999962, 0.0 ], [ 104.87399438100006, -5.376631704000014, 0.0 ], [ 104.874143040000021, -5.37664454500001, 0.0 ], [ 104.87426878600003, -5.37667256099993, 0.0 ], [ 104.874394542000047, -5.376700575999939, 0.0 ], [ 104.874541271000012, -5.37674256899995, 0.0 ], [ 104.874623206000052, -5.37677227199992, 0.0 ], [ 104.874737542000091, -5.376808127999956, 0.0 ], [ 104.874851878000044, -5.376843976, 0.0 ], [ 104.875, -5.376869821, 0.0 ], [ 104.875128864000047, -5.37693484099996, 0.0 ], [ 104.875257737000055, -5.376996826999937, 0.0 ], [ 104.875386600000056, -5.377058803999914, 0.0 ], [ 104.87551547200006, -5.37712078999998, 0.0 ], [ 104.875644335000075, -5.377182774999957, 0.0 ], [ 104.875774639000014, -5.377220118999938, 0.0 ], [ 104.875904951000052, -5.377257461999919, 0.0 ], [ 104.876035255, -5.377294804999989, 0.0 ], [ 104.876200419000071, -5.377365788999912, 0.0 ], [ 104.876248480000058, -5.377386443999933, 0.0 ], [ 104.876398234000092, -5.377518779999958, 0.0 ], [ 104.876547988000056, -5.377651114999894, 0.0 ], [ 104.876683357000061, -5.377768185999988, 0.0 ], [ 104.876818726000067, -5.377885247999904, 0.0 ], [ 104.876954096000077, -5.378002319, 0.0 ], [ 104.876774979000089, -5.37816871099991, 0.0 ], [ 104.876479535000072, -5.378400558, 0.0 ], [ 104.876260619000078, -5.378640355999943, 0.0 ], [ 104.876120755000059, -5.378915419999965, 0.0 ], [ 104.876000520000048, -5.379202622000014, 0.0 ], [ 104.875946057000078, -5.37949670300001, 0.0 ], [ 104.87597108300011, -5.379770772999949, 0.0 ], [ 104.87608773000008, -5.379852893, 0.0 ], [ 104.87620437700005, -5.379935013999949, 0.0 ], [ 104.876512155000015, -5.380014685999969, 0.0 ], [ 104.876673497000041, -5.380027156999935, 0.0 ], [ 104.876306318000047, -5.380539221999937, 0.0 ], [ 104.876236493000036, -5.380690402999923, 0.0 ], [ 104.876162866000072, -5.381270783999982, 0.0 ], [ 104.876106924000069, -5.381748426999978, 0.0 ], [ 104.876088268000032, -5.381923817000013, 0.0 ], [ 104.876106853000053, -5.382099204999959, 0.0 ], [ 104.876181296000084, -5.382218633999981, 0.0 ], [ 104.876589767000041, -5.383086908999969, 0.0 ], [ 104.87670098800001, -5.383131104999984, 0.0 ], [ 104.876864654000059, -5.383257336999948, 0.0 ], [ 104.876967452000116, -5.38340668799996, 0.0 ], [ 104.877099612000038, -5.38369066599992, 0.0 ], [ 104.877217104000081, -5.38384002000002, 0.0 ], [ 104.877342998000103, -5.383951526, 0.0 ], [ 104.877483584000103, -5.38403357799996, 0.0 ], [ 104.877706975000109, -5.384182216999912, 0.0 ], [ 104.877798327000036, -5.384275526999906, 0.0 ], [ 104.877922084000062, -5.38460787499996, 0.0 ], [ 104.877978697000032, -5.384835042999926, 0.0 ], [ 104.878100343000071, -5.385246257999933, 0.0 ], [ 104.878178980000087, -5.385519703999909, 0.0 ], [ 104.878280683000071, -5.385909889999953, 0.0 ], [ 104.878368775000069, -5.386162304999965, 0.0 ], [ 104.87846317000006, -5.386402100999911, 0.0 ], [ 104.878574353000033, -5.386595627999936, 0.0 ], [ 104.878721218000095, -5.386793367999955, 0.0 ], [ 104.879048529, -5.387165723999944, 0.0 ], [ 104.879328135000051, -5.387455303000012, 0.0 ], [ 104.879509595000044, -5.387661924999966, 0.0 ], [ 104.879792126000069, -5.387999170999892, 0.0 ], [ 104.879842468000064, -5.388126192999922, 0.0 ], [ 104.879827818000095, -5.388262972999959, 0.0 ], [ 104.880487133000102, -5.389232582999982, 0.0 ], [ 104.881009792000015, -5.38961970999995, 0.0 ], [ 104.88135087100008, -5.389699302999963, 0.0 ], [ 104.881396868000067, -5.389895394999934, 0.0 ], [ 104.881511920000079, -5.390068431999952, 0.0 ], [ 104.881589581000114, -5.390221277999986, 0.0 ], [ 104.881667232000055, -5.390374124999932, 0.0 ], [ 104.881784922000108, -5.390913200999949, 0.0 ], [ 104.881893907000062, -5.390960715999972, 0.0 ], [ 104.881972069000042, -5.391086594999907, 0.0 ], [ 104.882019430000057, -5.391231457, 0.0 ], [ 104.882092849000088, -5.391423826999921, 0.0 ], [ 104.882187604000123, -5.391540200999957, 0.0 ], [ 104.88251337800007, -5.391668497999914, 0.0 ], [ 104.882663822000083, -5.391708901999971, 0.0 ], [ 104.882846259000075, -5.391780178, 0.0 ], [ 104.883104504000045, -5.391877585999984, 0.0 ], [ 104.883204010000014, -5.391932227999975, 0.0 ], [ 104.883286932000033, -5.391998735999971, 0.0 ], [ 104.883405341000071, -5.392326467, 0.0 ], [ 104.883445594000108, -5.392445209999964, 0.0 ], [ 104.883568779000086, -5.392578216999956, 0.0 ], [ 104.883751209000081, -5.392689858999956, 0.0 ], [ 104.883902843000016, -5.39273738199998, 0.0 ], [ 104.884097123000103, -5.392811038999946, 0.0 ], [ 104.884258230000029, -5.39288706099993, 0.0 ], [ 104.88442665800001, -5.392963715999967, 0.0 ], [ 104.8845950850001, -5.393040380999915, 0.0 ], [ 104.88470850700007, -5.393088312999973, 0.0 ], [ 104.884894871000114, -5.392924476, 0.0 ], [ 104.885088990000014, -5.392872194999944, 0.0 ], [ 104.885444836000062, -5.392947, 0.0 ], [ 104.885763334000032, -5.393148848999919, 0.0 ], [ 104.885912602000033, -5.393405475999925, 0.0 ], [ 104.885905385000058, -5.393668385999918, 0.0 ], [ 104.885828209000067, -5.393840265999929, 0.0 ], [ 104.88577341800007, -5.394052011999952, 0.0 ], [ 104.885795784000052, -5.394218927999907, 0.0 ], [ 104.885932614000097, -5.394438181999929, 0.0 ], [ 104.886129195000109, -5.394532885999949, 0.0 ], [ 104.886266832000032, -5.394618964999966, 0.0 ], [ 104.88673713200005, -5.39480340399995, 0.0 ], [ 104.886993435000122, -5.39490060899991, 0.0 ], [ 104.88723231700007, -5.395022724999977, 0.0 ], [ 104.887412414000053, -5.395230567999944, 0.0 ], [ 104.887467174000051, -5.395462743999969, 0.0 ], [ 104.887432305000104, -5.395612212, 0.0 ], [ 104.887340202000118, -5.395754193999926, 0.0 ], [ 104.887136095000102, -5.395995804999933, 0.0 ], [ 104.887099419, -5.396343385999915, 0.0 ], [ 104.887221354000062, -5.396493075999954, 0.0 ], [ 104.887402333000111, -5.396528556999959, 0.0 ], [ 104.887721031000098, -5.396473474999931, 0.0 ], [ 104.888153863000028, -5.396229358999983, 0.0 ], [ 104.888480418000043, -5.396225480999929, 0.0 ], [ 104.888803022, -5.39633188199994, 0.0 ], [ 104.88902725300008, -5.396509162999953, 0.0 ], [ 104.889272298000023, -5.396766646999941, 0.0 ], [ 104.889496485000095, -5.397192061999968, 0.0 ], [ 104.889700980000057, -5.397708060999941, 0.0 ], [ 104.889858975000067, -5.398164137999929, 0.0 ], [ 104.889996596000088, -5.398644674999987, 0.0 ], [ 104.889992602000021, -5.398967643999976, 0.0 ], [ 104.889886323000027, -5.399251207, 0.0 ], [ 104.889559700000092, -5.399593808999915, 0.0 ], [ 104.889318808000056, -5.399769111999943, 0.0 ], [ 104.889137821000091, -5.399773018999911, 0.0 ], [ 104.888756184000044, -5.399761132, 0.0 ], [ 104.88856340100007, -5.399749281999989, 0.0 ], [ 104.888413873000047, -5.399839841999933, 0.0 ], [ 104.888382368000109, -5.400005258999942, 0.0 ], [ 104.888449236000042, -5.400103736999919, 0.0 ], [ 104.888760028, -5.400265279999962, 0.0 ], [ 104.888914040000131, -5.400425376999975, 0.0 ], [ 104.889067439000129, -5.400669601999931, 0.0 ], [ 104.889153939, -5.40097682899995, 0.0 ], [ 104.889189314000078, -5.401177708999962, 0.0 ], [ 104.889243203, -5.401483823999977, 0.0 ], [ 104.889369010000024, -5.401812365999982, 0.0 ], [ 104.889508113, -5.401905723999979, 0.0 ], [ 104.889677652000074, -5.402019507999979, 0.0 ], [ 104.890641339000055, -5.402067030999914, 0.0 ], [ 104.891457258000059, -5.401925132999986, 0.0 ], [ 104.891971655000077, -5.401765424, 0.0 ], [ 104.891962845000066, -5.402233161999982, 0.0 ], [ 104.891940842000011, -5.40241669399998, 0.0 ], [ 104.891958076000023, -5.402608934999899, 0.0 ], [ 104.891935244000081, -5.402885499999956, 0.0 ], [ 104.891825749000091, -5.403360339999987, 0.0 ], [ 104.891785835000064, -5.403604317000012, 0.0 ], [ 104.891771121, -5.40370947899992, 0.0 ], [ 104.891764767000012, -5.404060725999939, 0.0 ], [ 104.891775220000085, -5.404260546999952, 0.0 ], [ 104.89189901600011, -5.40443513899992, 0.0 ], [ 104.892094182000093, -5.40447723999994, 0.0 ], [ 104.892314618000029, -5.404486877999938, 0.0 ], [ 104.892662102000102, -5.404665507999974, 0.0 ], [ 104.892759630000086, -5.404997432, 0.0 ], [ 104.892928974000057, -5.405278517999891, 0.0 ], [ 104.893202598000059, -5.405529950999911, 0.0 ], [ 104.893359857000092, -5.405598676999913, 0.0 ], [ 104.893813211000037, -5.405847896999928, 0.0 ], [ 104.894064410000041, -5.40596719199994, 0.0 ], [ 104.894309723000092, -5.406087968999985, 0.0 ], [ 104.894555039000039, -5.406195492999911, 0.0 ], [ 104.894807535000069, -5.406330962999929, 0.0 ], [ 104.895368868000062, -5.406468005999988, 0.0 ], [ 104.895650936000038, -5.406447446999975, 0.0 ], [ 104.895802254000031, -5.406416551999905, 0.0 ], [ 104.896126940000073, -5.40632237899993, 0.0 ], [ 104.89647661000005, -5.406125152999953, 0.0 ], [ 104.896972172000019, -5.406549824999919, 0.0 ], [ 104.897180074000076, -5.406811982999939, 0.0 ], [ 104.897587484000042, -5.407231971999961, 0.0 ], [ 104.897693579000119, -5.407325951999921, 0.0 ], [ 104.897819353000045, -5.407437366999902, 0.0 ], [ 104.898246814000061, -5.407897407999952, 0.0 ], [ 104.898646591, -5.40835347199994, 0.0 ], [ 104.89892972700008, -5.409026398000018, 0.0 ], [ 104.898975196000023, -5.40934498699991, 0.0 ], [ 104.899232084000047, -5.409408019999974, 0.0 ], [ 104.899451262000056, -5.409457268999963, 0.0 ], [ 104.899766131, -5.409506289999934, 0.0 ], [ 104.900035894000027, -5.409665760999895, 0.0 ], [ 104.900282999000041, -5.409828140999918, 0.0 ], [ 104.900470274000085, -5.409947005999895, 0.0 ], [ 104.900704222000087, -5.410145461999972, 0.0 ], [ 104.900983031000052, -5.410358859999954, 0.0 ], [ 104.901202789000124, -5.410558968, 0.0 ], [ 104.90148434200006, -5.410714549999986, 0.0 ], [ 104.90173111600005, -5.410866751999967, 0.0 ], [ 104.901971875000072, -5.410984792999963, 0.0 ], [ 104.902159934000096, -5.410895009999907, 0.0 ], [ 104.90273940200008, -5.410784265999981, 0.0 ], [ 104.903028425000102, -5.410627192999952, 0.0 ], [ 104.90346858, -5.410256239, 0.0 ], [ 104.903651861000071, -5.40983413199997, 0.0 ], [ 104.903780899000097, -5.410053203999977, 0.0 ], [ 104.903871064, -5.410128936999937, 0.0 ], [ 104.90403188100008, -5.410370775999963, 0.0 ], [ 104.904104974000091, -5.410519782999947, 0.0 ], [ 104.90432672600005, -5.410729876999921, 0.0 ], [ 104.90449974700006, -5.410861802999912, 0.0 ], [ 104.904675183, -5.411137838999926, 0.0 ], [ 104.904716592000071, -5.411286840999908, 0.0 ], [ 104.904782365000088, -5.411487140999961, 0.0 ], [ 104.90488119200009, -5.411760748999951, 0.0 ], [ 104.904904679000083, -5.411881477999904, 0.0 ], [ 104.904913456000102, -5.412090552999972, 0.0 ], [ 104.904907558000062, -5.412231894999943, 0.0 ], [ 104.904923690000061, -5.412451274999976, 0.0 ], [ 104.904932474000077, -5.412620589999952, 0.0 ], [ 104.904942708000121, -5.412923884999911, 0.0 ], [ 104.904945636, -5.413016647999948, 0.0 ], [ 104.904947089000046, -5.413132958999979, 0.0 ], [ 104.904958803000028, -5.413380310000017, 0.0 ], [ 104.905007252000047, -5.413537853, 0.0 ], [ 104.905193806000028, -5.41372045, 0.0 ], [ 104.905281943000034, -5.413783770999915, 0.0 ], [ 104.905371538000082, -5.41387065799991, 0.0 ], [ 104.905462609000068, -5.413982567999932, 0.0 ], [ 104.90552869900003, -5.414119496999982, 0.0 ], [ 104.905580097000012, -5.414238764999903, 0.0 ], [ 104.90561093400008, -5.414346252, 0.0 ], [ 104.905662317000065, -5.41456268799997, 0.0 ], [ 104.905701959000055, -5.414699621999931, 0.0 ], [ 104.905723977000022, -5.414804156999965, 0.0 ], [ 104.905755064000104, -5.415101864, 0.0 ], [ 104.905742862000068, -5.415203634999978, 0.0 ], [ 104.9056573780001, -5.415410932999988, 0.0 ], [ 104.903603080000039, -5.415995924999985, 0.0 ], [ 104.903043235000084, -5.417162833, 0.0 ], [ 104.901481544, -5.41751539399994, 0.0 ], [ 104.901066228000019, -5.418030975999967, 0.0 ], [ 104.900578635000088, -5.418926498999989, 0.0 ], [ 104.900136088000053, -5.420346724999904, 0.0 ], [ 104.901360385000018, -5.421433665999954, 0.0 ], [ 104.901445668000051, -5.421558855999921, 0.0 ], [ 104.901488295000036, -5.421714580999927, 0.0 ], [ 104.901527869000105, -5.421934416999909, 0.0 ], [ 104.901588750000087, -5.42224585199992, 0.0 ], [ 104.901686195000067, -5.422520655, 0.0 ], [ 104.901811064000086, -5.422743553999977, 0.0 ], [ 104.901971595000049, -5.422930660999915, 0.0 ], [ 104.902349551000057, -5.423202117, 0.0 ], [ 104.902518761000024, -5.423473538999891, 0.0 ], [ 104.90276131100002, -5.423773243, 0.0 ], [ 104.903049009000114, -5.423982489, 0.0 ], [ 104.903336708000026, -5.424191734999985, 0.0 ], [ 104.9039064870001, -5.424463220999977, 0.0 ], [ 104.90435781000005, -5.424598989999931, 0.0 ], [ 104.904673748000079, -5.424621655999941, 0.0 ], [ 104.90502919300009, -5.424553863000016, 0.0 ], [ 104.905125112000022, -5.424497336999957, 0.0 ], [ 104.905215383000041, -5.424486042999911, 0.0 ], [ 104.905294368000085, -5.424486056, 0.0 ], [ 104.905412841000029, -5.424519998999967, 0.0 ], [ 104.905457953000038, -5.424661356999939, 0.0 ], [ 104.905463572000059, -5.424808362999935, 0.0 ], [ 104.905474828000095, -5.424989294999895, 0.0 ], [ 104.905514297000082, -5.425141960999914, 0.0 ], [ 104.905604553000089, -5.425221131999892, 0.0 ], [ 104.905739955000101, -5.425232460999942, 0.0 ], [ 104.905931778000067, -5.425226837, 0.0 ], [ 104.906044607000084, -5.425272086999934, 0.0 ], [ 104.906067164000078, -5.425339938999953, 0.0 ], [ 104.906050222, -5.425447362999959, 0.0 ], [ 104.905886571000053, -5.425690462, 0.0 ], [ 104.90575111000004, -5.426063608999966, 0.0 ], [ 104.905660788000034, -5.426402837999968, 0.0 ], [ 104.905570474000015, -5.426691180999933, 0.0 ], [ 104.90551965700007, -5.426951258999958, 0.0 ], [ 104.905519621000067, -5.427183075999954, 0.0 ], [ 104.905649345000057, -5.42742622, 0.0 ], [ 104.905898557000071, -5.427548595999911, 0.0 ], [ 104.904543212000107, -5.427866341, 0.0 ], [ 104.90299787000005, -5.42859879299994, 0.0 ], [ 104.901181483000045, -5.428978415, 0.0 ], [ 104.898837969000027, -5.429219974, 0.0 ], [ 104.898345355000046, -5.429027427999968, 0.0 ], [ 104.897865195000108, -5.429228178999969, 0.0 ], [ 104.897505918000036, -5.430587912999941, 0.0 ], [ 104.896733205000061, -5.431155902999953, 0.0 ], [ 104.896340208000041, -5.431523519999905, 0.0 ], [ 104.895745383000033, -5.431316616999927, 0.0 ], [ 104.89576176900006, -5.430808941999933, 0.0 ], [ 104.895779039000061, -5.430168639999978, 0.0 ], [ 104.895680826000017, -5.429928260999896, 0.0 ], [ 104.894980755000091, -5.429903593999898, 0.0 ], [ 104.894860668000021, -5.429558519999945, 0.0 ], [ 104.894465279000073, -5.429605863999955, 0.0 ], [ 104.894366105000046, -5.429571731999973, 0.0 ], [ 104.894181303000025, -5.429430574999929, 0.0 ], [ 104.894049305000038, -5.429307067000012, 0.0 ], [ 104.893917292000125, -5.429271762999933, 0.0 ], [ 104.893820478000109, -5.429271745999932, 0.0 ], [ 104.893706046000048, -5.429359928999945, 0.0 ], [ 104.893679611, -5.429536330999975, 0.0 ], [ 104.893723461000079, -5.430427190999966, 0.0 ], [ 104.89374984100003, -5.430568320999919, 0.0 ], [ 104.893881803000028, -5.430894695999923, 0.0 ], [ 104.893905303000025, -5.431136982999897, 0.0 ], [ 104.893731390000113, -5.431288481, 0.0 ], [ 104.892816543, -5.431735323999932, 0.0 ], [ 104.892583340000058, -5.431679430000015, 0.0 ], [ 104.892371109000095, -5.431563081999981, 0.0 ], [ 104.892166432000025, -5.431401845999963, 0.0 ], [ 104.891969913000111, -5.431159364999973, 0.0 ], [ 104.891705387000073, -5.43069716000001, 0.0 ], [ 104.891229227000025, -5.430022766999988, 0.0 ], [ 104.890949533000068, -5.429833310999944, 0.0 ], [ 104.890684945000018, -5.429772650999988, 0.0 ], [ 104.89057909900005, -5.429802938, 0.0 ], [ 104.890412726000051, -5.430083230999928, 0.0 ], [ 104.89040512300005, -5.430295369999984, 0.0 ], [ 104.890442879000062, -5.430568128, 0.0 ], [ 104.890289959000114, -5.430820697999929, 0.0 ], [ 104.889883014000105, -5.431393338999969, 0.0 ], [ 104.889652563000041, -5.431671413999974, 0.0 ], [ 104.889340804000099, -5.431901989999956, 0.0 ], [ 104.889123942000097, -5.431990132999966, 0.0 ], [ 104.888846098000016, -5.432037565999982, 0.0 ], [ 104.88857503900006, -5.432017165999982, 0.0 ], [ 104.887910993, -5.431772843000017, 0.0 ], [ 104.887577972000074, -5.431772194999963, 0.0 ], [ 104.887396335000062, -5.43199162, 0.0 ], [ 104.886860804000065, -5.432546837999931, 0.0 ], [ 104.886504226000056, -5.432896019999957, 0.0 ], [ 104.886014759000048, -5.433398531999968, 0.0 ], [ 104.885631998000093, -5.433807920999913, 0.0 ], [ 104.8855312150001, -5.434031901999971, 0.0 ], [ 104.88549026200009, -5.434161248999926, 0.0 ], [ 104.885430409000023, -5.434372617999918, 0.0 ], [ 104.885391028000043, -5.434541399999938, 0.0 ], [ 104.885351638000074, -5.434710181999959, 0.0 ], [ 104.88529806600009, -5.434978344999942, 0.0 ], [ 104.885206699000079, -5.435334840999952, 0.0 ], [ 104.885219819, -5.435441545999899, 0.0 ], [ 104.885337806000081, -5.435720848, 0.0 ], [ 104.885406363000072, -5.435790766999927, 0.0 ], [ 104.885427328000034, -5.435914861999981, 0.0 ], [ 104.885580496, -5.4361189159999, 0.0 ], [ 104.885695906000052, -5.436268267999912, 0.0 ], [ 104.885769332000081, -5.436413414999931, 0.0 ], [ 104.885786069000048, -5.436699466999885, 0.0 ], [ 104.885756654000019, -5.436865618999954, 0.0 ], [ 104.885733539000057, -5.43704019300001, 0.0 ], [ 104.885739804000039, -5.437183218999943, 0.0 ], [ 104.885832110000038, -5.437401980999924, 0.0 ], [ 104.885926539000124, -5.437515576999909, 0.0 ], [ 104.886035651, -5.437646002999953, 0.0 ], [ 104.886121671000112, -5.437789043999976, 0.0 ], [ 104.886133683000125, -5.437946237999926, 0.0 ], [ 104.886145696000057, -5.438103440999965, 0.0 ], [ 104.886157709000074, -5.438260634999915, 0.0 ], [ 104.886143806000078, -5.438408993999934, 0.0 ], [ 104.886106770000112, -5.438543435999955, 0.0 ], [ 104.886023474000069, -5.438654691999924, 0.0 ], [ 104.885768982000059, -5.438844736999927, 0.0 ], [ 104.885680628000031, -5.438971832999963, 0.0 ], [ 104.886279627000121, -5.439612481999946, 0.0 ], [ 104.886437935000075, -5.439667694999985, 0.0 ], [ 104.886596239000113, -5.439688423999923, 0.0 ], [ 104.886678826000022, -5.43975051599991, 0.0 ], [ 104.886793353000087, -5.43994158999991, 0.0 ], [ 104.886643830000054, -5.440025467999922, 0.0 ], [ 104.886446442000064, -5.44017525899997, 0.0 ], [ 104.886302878, -5.44034904199996, 0.0 ], [ 104.886105474, -5.440630685, 0.0 ], [ 104.885967889000085, -5.440792481999969, 0.0 ], [ 104.885830323000064, -5.440894337999959, 0.0 ], [ 104.885597051000047, -5.44105011899997, 0.0 ], [ 104.884613553000023, -5.441384533999928, 0.0 ], [ 104.884316240000032, -5.441357942999948, 0.0 ], [ 104.883922088000105, -5.441451570999968, 0.0 ], [ 104.883330271000077, -5.441489089999964, 0.0 ], [ 104.882917266000092, -5.44141711799996, 0.0 ], [ 104.882677024000117, -5.441291586999965, 0.0 ], [ 104.882444610000064, -5.441209480999921, 0.0 ], [ 104.882133932000031, -5.44121053399992, 0.0 ], [ 104.881920237000116, -5.441278801999973, 0.0 ], [ 104.881607376000076, -5.441314989999947, 0.0 ], [ 104.881103940000074, -5.441694335999982, 0.0 ], [ 104.881087114000096, -5.441873108999941, 0.0 ], [ 104.881040906000095, -5.442049778, 0.0 ], [ 104.880912816000063, -5.442342115999933, 0.0 ], [ 104.880826742000053, -5.442478809999963, 0.0 ], [ 104.880744854000028, -5.442634437999962, 0.0 ], [ 104.880541220000055, -5.442905728999937, 0.0 ], [ 104.880394283000058, -5.443004550999943, 0.0 ], [ 104.880006276000117, -5.443014089999933, 0.0 ], [ 104.879275594000049, -5.443088459999958, 0.0 ], [ 104.879019543000098, -5.443065277, 0.0 ], [ 104.878753050000071, -5.442806511999988, 0.0 ], [ 104.878639747000108, -5.442642431, 0.0 ], [ 104.878547417000021, -5.442549866999981, 0.0 ], [ 104.878455078000016, -5.442505683999967, 0.0 ], [ 104.878319710000099, -5.442489878999902, 0.0 ], [ 104.878033871000071, -5.44242056199994, 0.0 ], [ 104.877793958000026, -5.442457169999949, 0.0 ], [ 104.877605382000056, -5.442492945999978, 0.0 ], [ 104.877380491000011, -5.442482324999988, 0.0 ], [ 104.877166409000068, -5.442494900999963, 0.0 ], [ 104.876931341000059, -5.442503266999944, 0.0 ], [ 104.876687886000084, -5.442467464999913, 0.0 ], [ 104.874999999000053, -5.442150555999982, 0.0 ], [ 104.874429182000071, -5.442056444999922, 0.0 ], [ 104.874236528000026, -5.442040588999943, 0.0 ], [ 104.87413175077198, -5.442024947863734, 0.0 ], [ 104.874698751999986, -5.44139766199986, 0.0 ], [ 104.877652952, -5.434738909999849, 0.0 ], [ 104.878900231000074, -5.433178285999864, 0.0 ], [ 104.881038108000126, -5.432019200999884, 0.0 ], [ 104.882356387000044, -5.43149758999998, 0.0 ], [ 104.882255959000176, -5.429223249, 0.0 ], [ 104.882457229000039, -5.419228745999861, 0.0 ], [ 104.880665557000128, -5.416742549999855, 0.0 ], [ 104.878674828000086, -5.411173470999854, 0.0 ], [ 104.877281307000061, -5.402819860999942, 0.0 ], [ 104.876584549000057, -5.397847469999929, 0.0 ], [ 104.877480379000104, -5.391085018999865, 0.0 ], [ 104.881262776000071, -5.390587780999846, 0.0 ], [ 104.878077599000136, -5.386410968999934, 0.0 ], [ 104.8738970590001, -5.380344648999914, 0.0 ], [ 104.868110879000071, -5.375522238999876, 0.0 ], [ 104.867768159649927, -5.374717571473132, 0.0 ], [ 104.867839380000078, -5.374660491999984, 0.0 ], [ 104.86840611500007, -5.374318939999968, 0.0 ], [ 104.868977758000128, -5.374783109999916, 0.0 ], [ 104.869226152000067, -5.375000011999921, 0.0 ], [ 104.869641633000072, -5.37532729, 0.0 ], [ 104.870755772000066, -5.375945547, 0.0 ], [ 104.872360026000109, -5.376388655999977, 0.0 ] ] ], [ [ [ 104.872839515000081, -5.343570147999989, 0.0 ], [ 104.872924125000068, -5.343819993999967, 0.0 ], [ 104.872962241000025, -5.343991414999939, 0.0 ], [ 104.873018113000029, -5.344110126, 0.0 ], [ 104.873158780000026, -5.34440791999994, 0.0 ], [ 104.873288486, -5.344815916999947, 0.0 ], [ 104.873388920000068, -5.34492186399992, 0.0 ], [ 104.873375470000013, -5.345017246999907, 0.0 ], [ 104.873307908000115, -5.345172942, 0.0 ], [ 104.873137716000059, -5.345409291999927, 0.0 ], [ 104.872929808, -5.345632153999892, 0.0 ], [ 104.872380752000041, -5.347042235999945, 0.0 ], [ 104.872255681000084, -5.347440085, 0.0 ], [ 104.871932219000058, -5.348254192999947, 0.0 ], [ 104.871687515000062, -5.349196299, 0.0 ], [ 104.871345025000053, -5.350048525, 0.0 ], [ 104.87114663300008, -5.350377965999899, 0.0 ], [ 104.871021661000043, -5.350380662999944, 0.0 ], [ 104.870820637000108, -5.350301653999979, 0.0 ], [ 104.87034799400007, -5.349953011, 0.0 ], [ 104.870120527804147, -5.349786567039162, 0.0 ], [ 104.870902507999944, -5.34753464899992, 0.0 ], [ 104.871816195619829, -5.343731013762122, 0.0 ], [ 104.871895086000094, -5.343739455999964, 0.0 ], [ 104.872154178000045, -5.343696176999936, 0.0 ], [ 104.872593759000083, -5.343594594999969, 0.0 ], [ 104.872839515000081, -5.343570147999989, 0.0 ] ] ], [ [ [ 104.873937539000067, -5.339620724999973, 0.0 ], [ 104.873557808, -5.339646945000011, 0.0 ], [ 104.873252096000016, -5.339622691999958, 0.0 ], [ 104.873172088133998, -5.339632671220608, 0.0 ], [ 104.873191849000094, -5.339578825999881, 0.0 ], [ 104.872934090434313, -5.337947814457612, 0.0 ], [ 104.873150238000036, -5.338217280999936, 0.0 ], [ 104.873509753000022, -5.338542755999955, 0.0 ], [ 104.873947526000094, -5.338918795999982, 0.0 ], [ 104.874161966000074, -5.33910543399997, 0.0 ], [ 104.874398338000091, -5.339234059999955, 0.0 ], [ 104.874103019000088, -5.339513150999954, 0.0 ], [ 104.873937539000067, -5.339620724999973, 0.0 ] ] ], [ [ [ 104.855762803000061, -5.335716771999989, 0.0 ], [ 104.855624794216197, -5.336021678545867, 0.0 ], [ 104.854941991, -5.334657300999902, 0.0 ], [ 104.854557392178862, -5.333773515880237, 0.0 ], [ 104.854904643000026, -5.333792689999951, 0.0 ], [ 104.855590056000068, -5.333828713999912, 0.0 ], [ 104.856607191000109, -5.33388888, 0.0 ], [ 104.856970444000055, -5.333953171, 0.0 ], [ 104.857068713000018, -5.334073048999967, 0.0 ], [ 104.857077215000103, -5.334269957999917, 0.0 ], [ 104.856859195000098, -5.334522458000025, 0.0 ], [ 104.856483736000115, -5.334929473999951, 0.0 ], [ 104.856101940000059, -5.335263616999976, 0.0 ], [ 104.855762803000061, -5.335716771999989, 0.0 ] ] ], [ [ [ 104.850874265000058, -5.331528315, 0.0 ], [ 104.850902055587042, -5.331694025989909, 0.0 ], [ 104.850363289000057, -5.331574406999907, 0.0 ], [ 104.849347297495171, -5.33049588499105, 0.0 ], [ 104.849668029000085, -5.330452553999988, 0.0 ], [ 104.849983411000068, -5.330495706999917, 0.0 ], [ 104.850227109000073, -5.330553201999967, 0.0 ], [ 104.850657159000036, -5.330668177999977, 0.0 ], [ 104.85083393700009, -5.330807023, 0.0 ], [ 104.850872112000062, -5.331031988999969, 0.0 ], [ 104.850874265000058, -5.331528315, 0.0 ] ] ], [ [ [ 104.825798079000023, -5.310954782999934, 0.0 ], [ 104.825844244328209, -5.311126530271983, 0.0 ], [ 104.825657448000115, -5.311051878999885, 0.0 ], [ 104.823766248000041, -5.310355750999841, 0.0 ], [ 104.823467638000025, -5.308267339999974, 0.0 ], [ 104.823421341692892, -5.306972220598295, 0.0 ], [ 104.823434448000043, -5.306959438999938, 0.0 ], [ 104.823887893000077, -5.306659035999951, 0.0 ], [ 104.824166784000056, -5.306468862999937, 0.0 ], [ 104.82434259700004, -5.306387954999904, 0.0 ], [ 104.824473928000074, -5.306402159999925, 0.0 ], [ 104.824539754000099, -5.306435650999942, 0.0 ], [ 104.824762408000041, -5.306593429999941, 0.0 ], [ 104.824904627000095, -5.306781841999987, 0.0 ], [ 104.824972666000036, -5.306940997000011, 0.0 ], [ 104.82515, -5.307507265999968, 0.0 ], [ 104.825179699000017, -5.307817020999929, 0.0 ], [ 104.825194891000123, -5.308340094999954, 0.0 ], [ 104.825228713000087, -5.309186451, 0.0 ], [ 104.825274003000104, -5.309472789999971, 0.0 ], [ 104.825346704000069, -5.30985361199995, 0.0 ], [ 104.825496313000102, -5.310276323999931, 0.0 ], [ 104.825725530000071, -5.310793419999905, 0.0 ], [ 104.825798079000023, -5.310954782999934, 0.0 ] ] ], [ [ [ 104.817703603000069, -5.307206373999941, 0.0 ], [ 104.817696067964093, -5.307265249535144, 0.0 ], [ 104.816500062000131, -5.306178938999929, 0.0 ], [ 104.816108518973422, -5.302756062257531, 0.0 ], [ 104.816160888000056, -5.302832472999976, 0.0 ], [ 104.816328375000055, -5.30300334, 0.0 ], [ 104.816598, -5.303252853999942, 0.0 ], [ 104.81708554300009, -5.303627597999951, 0.0 ], [ 104.817279938000098, -5.303849417, 0.0 ], [ 104.817468671000071, -5.304170982999969, 0.0 ], [ 104.817506363000092, -5.30435288099992, 0.0 ], [ 104.817631346000042, -5.304961354999906, 0.0 ], [ 104.817727923000035, -5.305303879999913, 0.0 ], [ 104.817918977000033, -5.305976316999951, 0.0 ], [ 104.818050930000112, -5.306307039999959, 0.0 ], [ 104.818114135000101, -5.306549455999944, 0.0 ], [ 104.818103773000047, -5.306766119000018, 0.0 ], [ 104.817998668000058, -5.306916724999956, 0.0 ], [ 104.817703603000069, -5.307206373999941, 0.0 ] ] ], [ [ [ 104.815672947000095, -5.302064, 0.0 ], [ 104.815863571189951, -5.302384947469209, 0.0 ], [ 104.814582435889079, -5.300700745715504, 0.0 ], [ 104.81480790800002, -5.300903009999937, 0.0 ], [ 104.815067733000021, -5.301173451999931, 0.0 ], [ 104.815175948000089, -5.301301769999979, 0.0 ], [ 104.815460628000025, -5.301743279999917, 0.0 ], [ 104.815672947000095, -5.302064, 0.0 ] ] ], [ [ [ 104.809627784000043, -5.298943125999957, 0.0 ], [ 104.809629330919435, -5.298947964441515, 0.0 ], [ 104.808537111000035, -5.298919245999846, 0.0 ], [ 104.808039429000161, -5.296930290999859, 0.0 ], [ 104.808276875963585, -5.296469779042669, 0.0 ], [ 104.808400979000055, -5.29650908, 0.0 ], [ 104.809304079000086, -5.296584049999987, 0.0 ], [ 104.809345076000099, -5.296736325999975, 0.0 ], [ 104.809413575000079, -5.296906382999923, 0.0 ], [ 104.80940515, -5.297032393999958, 0.0 ], [ 104.80935338500008, -5.297187794999937, 0.0 ], [ 104.809324003000043, -5.297281595999971, 0.0 ], [ 104.809305784000045, -5.29735499, 0.0 ], [ 104.809300172000022, -5.297704255999948, 0.0 ], [ 104.809384023000035, -5.298106669999937, 0.0 ], [ 104.809452424000099, -5.298402121999958, 0.0 ], [ 104.809499134000063, -5.298583043999917, 0.0 ], [ 104.809627784000043, -5.298943125999957, 0.0 ] ] ] ] } },
{ "type": "Feature", "properties": { "KDPPUM": null, "NAMOBJ": "SUKOHARJO", "REMARK": "Wilayah Administrasi Kecamatan", "KDPBPS": null, "FCODE": null, "LUASWH": 0.0, "UUPP": null, "SRS_ID": null, "LCODE": "BA0080", "METADATA": null, "KDEBPS": null, "KDEPUM": null, "KDCBPS": null, "KDCPUM": null, "KDBBPS": null, "KDBPUM": null, "WADMKD": null, "WIADKD": null, "WADMKC": null, "WIADKC": null, "WADMKK": "PRINGSEWU", "WIADKK": null, "WADMPR": "LAMPUNG", "WIADPR": null, "TIPADM": 0, "Shape_Leng": 0.41536703226, "Shape_Area": 0.00535012319 }, "geometry": { "type": "MultiPolygon", "coordinates": [ [ [ [ 105.036541402000111, -5.284153941999937, 0.0 ], [ 105.037497497000089, -5.284526301999927, 0.0 ], [ 105.038043231000117, -5.284696452999972, 0.0 ], [ 105.038602275000102, -5.284829773, 0.0 ], [ 105.039027728000036, -5.28488416099996, 0.0 ], [ 105.040409461000053, -5.285168432999944, 0.0 ], [ 105.041330515000055, -5.28550317599993, 0.0 ], [ 105.041995584293204, -5.285560554957071, 0.0 ], [ 105.041624269000025, -5.285646098999853, 0.0 ], [ 105.041911703000011, -5.285864877999925, 0.0 ], [ 105.042177261736342, -5.285956747303201, 0.0 ], [ 105.042021964000071, -5.286178317999925, 0.0 ], [ 105.041851450000081, -5.286469564999953, 0.0 ], [ 105.041564475000058, -5.286981029999906, 0.0 ], [ 105.041040790000068, -5.287569397, 0.0 ], [ 105.039777507000082, -5.288324422999947, 0.0 ], [ 105.038385737000041, -5.288998576999949, 0.0 ], [ 105.038522603000075, -5.293715605999973, 0.0 ], [ 105.038716178000115, -5.295286198999984, 0.0 ], [ 105.038654703000091, -5.2965024829999, 0.0 ], [ 105.038543299000111, -5.297397933999916, 0.0 ], [ 105.039105647, -5.299944535999947, 0.0 ], [ 105.039584101000074, -5.30007206999993, 0.0 ], [ 105.039876140000075, -5.300160453999959, 0.0 ], [ 105.040347896000114, -5.300258967999939, 0.0 ], [ 105.040641045000129, -5.300341696999945, 0.0 ], [ 105.040929509000094, -5.300405166999957, 0.0 ], [ 105.041279502000108, -5.300540850999903, 0.0 ], [ 105.041454797000128, -5.300697488999985, 0.0 ], [ 105.041588616000098, -5.300891093999928, 0.0 ], [ 105.041724214000041, -5.301097943, 0.0 ], [ 105.041882254000058, -5.301260769999962, 0.0 ], [ 105.042077879, -5.301355274999965, 0.0 ], [ 105.042714499000084, -5.301467036999975, 0.0 ], [ 105.043270936000027, -5.301785996999987, 0.0 ], [ 105.04320942, -5.302289532, 0.0 ], [ 105.04312605100003, -5.302621906999962, 0.0 ], [ 105.043020864000127, -5.303272721999987, 0.0 ], [ 105.043135506000013, -5.304517210000016, 0.0 ], [ 105.043335924000075, -5.305514178, 0.0 ], [ 105.043428909000042, -5.306397085999949, 0.0 ], [ 105.043643618000047, -5.306905069999969, 0.0 ], [ 105.043721078000061, -5.307256296999986, 0.0 ], [ 105.043783056000038, -5.307669609999989, 0.0 ], [ 105.043874062000015, -5.307865596999951, 0.0 ], [ 105.044118006000033, -5.308156651999964, 0.0 ], [ 105.044314309000114, -5.308480928999971, 0.0 ], [ 105.044469156000048, -5.308494532999942, 0.0 ], [ 105.044652152000097, -5.30863524699995, 0.0 ], [ 105.044691919000101, -5.309540141999948, 0.0 ], [ 105.044335110000063, -5.309963798999918, 0.0 ], [ 105.043973605000076, -5.310466639999957, 0.0 ], [ 105.043622688000085, -5.311011429, 0.0 ], [ 105.043411889000055, -5.311573822, 0.0 ], [ 105.043647747000122, -5.311976718999935, 0.0 ], [ 105.04384066500009, -5.312404316999965, 0.0 ], [ 105.04391531400006, -5.312816399999955, 0.0 ], [ 105.043939271000085, -5.313114174, 0.0 ], [ 105.043902712000076, -5.313790168999967, 0.0 ], [ 105.044165711000076, -5.314587547999951, 0.0 ], [ 105.044229202000096, -5.315318303999929, 0.0 ], [ 105.044273979000067, -5.315863851999948, 0.0 ], [ 105.044407796000129, -5.316603061999915, 0.0 ], [ 105.044496873000028, -5.317193414, 0.0 ], [ 105.044704054000121, -5.3185007399999, 0.0 ], [ 105.04482114800004, -5.318872688999944, 0.0 ], [ 105.044969929, -5.319219512999952, 0.0 ], [ 105.044735617000072, -5.320986325999945, 0.0 ], [ 105.044966570000085, -5.321059657999973, 0.0 ], [ 105.045128492000075, -5.321144321999961, 0.0 ], [ 105.045279149000095, -5.32122898699995, 0.0 ], [ 105.045443889000055, -5.321344697999931, 0.0 ], [ 105.045577655000017, -5.32147029000002, 0.0 ], [ 105.045664955000049, -5.321569071999933, 0.0 ], [ 105.045738180000072, -5.321707369, 0.0 ], [ 105.045818449000052, -5.321914817999941, 0.0 ], [ 105.045866329, -5.322047472999904, 0.0 ], [ 105.045912804000039, -5.322209764, 0.0 ], [ 105.045931118000041, -5.322353710999929, 0.0 ], [ 105.045933943000094, -5.322480724999958, 0.0 ], [ 105.045921285000119, -5.322657132999987, 0.0 ], [ 105.04591707400003, -5.322830717999961, 0.0 ], [ 105.0459382210001, -5.323208934, 0.0 ], [ 105.04596920600008, -5.323334533, 0.0 ], [ 105.046132552000103, -5.323635119, 0.0 ], [ 105.046421208000098, -5.323939928999989, 0.0 ], [ 105.046684516000113, -5.324185467999966, 0.0 ], [ 105.046881647000092, -5.324392907999899, 0.0 ], [ 105.047127832000029, -5.324612674999964, 0.0 ], [ 105.047294515000047, -5.324621111999951, 0.0 ], [ 105.047552010000047, -5.324737593, 0.0 ], [ 105.047724499000097, -5.32490304999992, 0.0 ], [ 105.0481152360001, -5.325772249999984, 0.0 ], [ 105.047781936000064, -5.325902571999931, 0.0 ], [ 105.047683865000025, -5.325942832999976, 0.0 ], [ 105.047547213000087, -5.326047500999932, 0.0 ], [ 105.047502131000087, -5.326115629999974, 0.0 ], [ 105.047457122000097, -5.326231561999974, 0.0 ], [ 105.047459956000068, -5.326607419999986, 0.0 ], [ 105.047508789000105, -5.326861081999924, 0.0 ], [ 105.047545229, -5.327230984999977, 0.0 ], [ 105.047519846000043, -5.327449745999958, 0.0 ], [ 105.047456436000033, -5.327795680999982, 0.0 ], [ 105.047355761000063, -5.328006328, 0.0 ], [ 105.047249148000034, -5.328205325999948, 0.0 ], [ 105.047122566000041, -5.32833739299995, 0.0 ], [ 105.046844635000042, -5.328539100999942, 0.0 ], [ 105.046665778000076, -5.328662662999951, 0.0 ], [ 105.046544968000035, -5.328710757999934, 0.0 ], [ 105.046377695000047, -5.328797632999928, 0.0 ], [ 105.045927792000029, -5.329030454, 0.0 ], [ 105.045625847000096, -5.329175504999929, 0.0 ], [ 105.045315183000056, -5.329300663999982, 0.0 ], [ 105.045249707000067, -5.329320340000011, 0.0 ], [ 105.045011807, -5.329379373999922, 0.0 ], [ 105.044650467000039, -5.329393776999959, 0.0 ], [ 105.044290763000035, -5.329396253999986, 0.0 ], [ 105.043842062000039, -5.32914306899991, 0.0 ], [ 105.043545766000122, -5.328931546, 0.0 ], [ 105.043345139000039, -5.328788060999935, 0.0 ], [ 105.043161321000113, -5.328573783999969, 0.0 ], [ 105.042925016000098, -5.328231891999925, 0.0 ], [ 105.042700038000049, -5.327891239999895, 0.0 ], [ 105.042332867000127, -5.327571197999971, 0.0 ], [ 105.041465396000035, -5.326847641999967, 0.0 ], [ 105.040983512000125, -5.326481181999933, 0.0 ], [ 105.040153198000084, -5.325824028999916, 0.0 ], [ 105.039817030000066, -5.32557717899992, 0.0 ], [ 105.039419729000059, -5.325290659999927, 0.0 ], [ 105.038930785000019, -5.324930746, 0.0 ], [ 105.038780141000075, -5.324869880999929, 0.0 ], [ 105.038671784000073, -5.324851361, 0.0 ], [ 105.038460359000084, -5.324856667999901, 0.0 ], [ 105.038284491000098, -5.324959990000012, 0.0 ], [ 105.038180713000131, -5.325094424999945, 0.0 ], [ 105.038084490000074, -5.32532086799994, 0.0 ], [ 105.038013161000023, -5.325597510999915, 0.0 ], [ 105.037960961000067, -5.326053401999976, 0.0 ], [ 105.037952206000043, -5.326434372999968, 0.0 ], [ 105.03796422300006, -5.326973023999949, 0.0 ], [ 105.038036409000085, -5.327674261999972, 0.0 ], [ 105.038072546000052, -5.327990456999933, 0.0 ], [ 105.038092125000077, -5.328668531, 0.0 ], [ 105.038083103000048, -5.329031144999975, 0.0 ], [ 105.038062810000056, -5.329344333999954, 0.0 ], [ 105.037969511000057, -5.329752637999986, 0.0 ], [ 105.037839682000069, -5.330061159999934, 0.0 ], [ 105.037722181000021, -5.330297071, 0.0 ], [ 105.037612157000069, -5.330405264999984, 0.0 ], [ 105.037452320000071, -5.3305019439999, 0.0 ], [ 105.037277379000074, -5.330580568999922, 0.0 ], [ 105.037023458000121, -5.330658303999959, 0.0 ], [ 105.036808098000066, -5.330666187, 0.0 ], [ 105.036544989000049, -5.330642501999895, 0.0 ], [ 105.036310762000127, -5.330604734999968, 0.0 ], [ 105.036196905000025, -5.330576038, 0.0 ], [ 105.035910400000034, -5.330441502999962, 0.0 ], [ 105.035623894000054, -5.330243650999934, 0.0 ], [ 105.035396260000041, -5.330071361999979, 0.0 ], [ 105.035206570000071, -5.329905163, 0.0 ], [ 105.034661475000092, -5.329697038999916, 0.0 ], [ 105.034337680000121, -5.329578746999987, 0.0 ], [ 105.03423266700004, -5.329541506999925, 0.0 ], [ 105.034009514000061, -5.329528374, 0.0 ], [ 105.033720734000056, -5.329591927000012, 0.0 ], [ 105.033452295000046, -5.329769564999966, 0.0 ], [ 105.033240567000021, -5.32993480399996, 0.0 ], [ 105.032980075000054, -5.330199133999981, 0.0 ], [ 105.032619633000081, -5.330660666999977, 0.0 ], [ 105.03230616500008, -5.331177568999935, 0.0 ], [ 105.032224804000094, -5.331398761999941, 0.0 ], [ 105.032127953000071, -5.331813982999924, 0.0 ], [ 105.032007251000039, -5.332101759999931, 0.0 ], [ 105.031930239000062, -5.332237260999952, 0.0 ], [ 105.031860230000035, -5.332333269, 0.0 ], [ 105.031794948000055, -5.332422793999937, 0.0 ], [ 105.031598446000046, -5.332627336999986, 0.0 ], [ 105.031413630000117, -5.332804247999968, 0.0 ], [ 105.031315274000065, -5.332869437999944, 0.0 ], [ 105.031186757000086, -5.332929935999976, 0.0 ], [ 105.031027393000045, -5.332976279, 0.0 ], [ 105.030817592000105, -5.333021421999907, 0.0 ], [ 105.030644090000038, -5.333040737, 0.0 ], [ 105.03047701400007, -5.333039457999979, 0.0 ], [ 105.03028800800007, -5.333028290999943, 0.0 ], [ 105.030160997000038, -5.33299041, 0.0 ], [ 105.030080824000066, -5.332896599999971, 0.0 ], [ 105.030024343, -5.33269275199998, 0.0 ], [ 105.030025950000052, -5.332530980999918, 0.0 ], [ 105.030107250000029, -5.331866932999953, 0.0 ], [ 105.0301186, -5.33177421899992, 0.0 ], [ 105.030164920000104, -5.331361195999941, 0.0 ], [ 105.030160266000067, -5.330948175999962, 0.0 ], [ 105.03013708600011, -5.330748627999972, 0.0 ], [ 105.030002725000088, -5.330439259999954, 0.0 ], [ 105.029528702000036, -5.329918655999956, 0.0 ], [ 105.029148350000099, -5.329546267999964, 0.0 ], [ 105.028893186000033, -5.329407805999965, 0.0 ], [ 105.028595811000031, -5.329208488, 0.0 ], [ 105.028341594000054, -5.32882664799993, 0.0 ], [ 105.028201979000045, -5.328402194999983, 0.0 ], [ 105.028108444000026, -5.328200465999901, 0.0 ], [ 105.027921381000098, -5.327965118999968, 0.0 ], [ 105.027529821000115, -5.327695017999913, 0.0 ], [ 105.027141640000067, -5.327615207999971, 0.0 ], [ 105.02710216300008, -5.327614506, 0.0 ], [ 105.026763466000034, -5.327608490999948, 0.0 ], [ 105.02659957300007, -5.32761871, 0.0 ], [ 105.026322249000117, -5.32768605099997, 0.0 ], [ 105.025981807000022, -5.327749627, 0.0 ], [ 105.025485291000066, -5.327828627999954, 0.0 ], [ 105.025213056000013, -5.327900121999919, 0.0 ], [ 105.025060315000076, -5.327915783999972, 0.0 ], [ 105.024758947000095, -5.327943520999957, 0.0 ], [ 105.024339347000108, -5.327946163, 0.0 ], [ 105.023904013000049, -5.32793830299997, 0.0 ], [ 105.023515262000046, -5.327909236999963, 0.0 ], [ 105.023287103000087, -5.327859346, 0.0 ], [ 105.023053700000048, -5.327806827999927, 0.0 ], [ 105.022862258000018, -5.327806836000017, 0.0 ], [ 105.022721167000057, -5.327817373, 0.0 ], [ 105.022569517000036, -5.327927126999933, 0.0 ], [ 105.022408792000064, -5.328242138999974, 0.0 ], [ 105.022238859000126, -5.328565508999906, 0.0 ], [ 105.022091275000079, -5.328884681999936, 0.0 ], [ 105.022034631000011, -5.329000980999966, 0.0 ], [ 105.021842036000066, -5.329253439999983, 0.0 ], [ 105.021722467000117, -5.32940464099997, 0.0 ], [ 105.021362758000109, -5.329657104999987, 0.0 ], [ 105.021005992000084, -5.329847924999966, 0.0 ], [ 105.020594257000113, -5.330008415999922, 0.0 ], [ 105.020438465000012, -5.330044081999942, 0.0 ], [ 105.01994437900008, -5.33008198899997, 0.0 ], [ 105.019365719000078, -5.32992444, 0.0 ], [ 105.018696401000028, -5.32978309099993, 0.0 ], [ 105.018460318000038, -5.329861094999989, 0.0 ], [ 105.017704117000079, -5.330454626999982, 0.0 ], [ 105.017555256000023, -5.330626664999917, 0.0 ], [ 105.017307829000075, -5.330883920999975, 0.0 ], [ 105.016910869000085, -5.331194761999937, 0.0 ], [ 105.016639388, -5.331354696999936, 0.0 ], [ 105.016434446000105, -5.331429334999983, 0.0 ], [ 105.016178932000102, -5.331445334999975, 0.0 ], [ 105.015898547000077, -5.331402484999982, 0.0 ], [ 105.015430101000049, -5.331258561999975, 0.0 ], [ 105.015024260000047, -5.331083851, 0.0 ], [ 105.014757676000016, -5.330996548999968, 0.0 ], [ 105.014430858000054, -5.330988627999934, 0.0 ], [ 105.013425279000074, -5.330988224, 0.0 ], [ 105.013143969000069, -5.33106610299995, 0.0 ], [ 105.012947283000059, -5.331240176999964, 0.0 ], [ 105.012597912000018, -5.331795577, 0.0 ], [ 105.012378415000057, -5.332194926999913, 0.0 ], [ 105.012294196000113, -5.332295351999962, 0.0 ], [ 105.012168558000013, -5.332390362999918, 0.0 ], [ 105.012032661000049, -5.332426315999962, 0.0 ], [ 105.011627765000028, -5.332461457999939, 0.0 ], [ 105.011243034000088, -5.33252922499995, 0.0 ], [ 105.010787355000048, -5.332575066999924, 0.0 ], [ 105.010212062000051, -5.332695912999975, 0.0 ], [ 105.0096448930001, -5.333000282999935, 0.0 ], [ 105.008828848000093, -5.33332087, 0.0 ], [ 105.008572987000051, -5.333380368999942, 0.0 ], [ 105.007782008000063, -5.333691492999927, 0.0 ], [ 105.007626820000013, -5.333849791999969, 0.0 ], [ 105.007564711000029, -5.333980025, 0.0 ], [ 105.007475205000091, -5.33424901199996, 0.0 ], [ 105.007313923000069, -5.334500334999971, 0.0 ], [ 105.007108057000082, -5.334782772999981, 0.0 ], [ 105.006741715000061, -5.33520080499993, 0.0 ], [ 105.006619735000086, -5.335413359999931, 0.0 ], [ 105.006590398000057, -5.335514380999941, 0.0 ], [ 105.006583081000073, -5.335702503999963, 0.0 ], [ 105.006590401000068, -5.335807557999951, 0.0 ], [ 105.006656272, -5.335966360999945, 0.0 ], [ 105.006765503000068, -5.336113770999974, 0.0 ], [ 105.007121209000019, -5.336436201999918, 0.0 ], [ 105.007465301000067, -5.336753429999964, 0.0 ], [ 105.00782407700008, -5.337214045999973, 0.0 ], [ 105.008117646000045, -5.337651048999893, 0.0 ], [ 105.008226675000088, -5.337936134999945, 0.0 ], [ 105.008292426000111, -5.338249629999948, 0.0 ], [ 105.008300268000056, -5.338651507999982, 0.0 ], [ 105.008182271000052, -5.339070830999949, 0.0 ], [ 105.008090778000039, -5.339214718999953, 0.0 ], [ 105.00792059700008, -5.339361859999959, 0.0 ], [ 105.007727877000036, -5.339481896999944, 0.0 ], [ 105.007405449, -5.339753232999923, 0.0 ], [ 105.007310567000047, -5.339825390999943, 0.0 ], [ 105.007092866000065, -5.339990952999964, 0.0 ], [ 105.006768530000059, -5.34004744399993, 0.0 ], [ 105.006596511000041, -5.340009815999926, 0.0 ], [ 105.006270098000115, -5.339901717999952, 0.0 ], [ 105.006100464000028, -5.339773025999962, 0.0 ], [ 105.006007935000099, -5.339497625, 0.0 ], [ 105.005938147000094, -5.339117679, 0.0 ], [ 105.005871320000068, -5.338914344999969, 0.0 ], [ 105.005771081000034, -5.33869042, 0.0 ], [ 105.005701547000058, -5.338305402999945, 0.0 ], [ 105.005609018000129, -5.337963079999954, 0.0 ], [ 105.005541779000069, -5.337671331999973, 0.0 ], [ 105.005349015000021, -5.337457703999972, 0.0 ], [ 105.005169102000053, -5.337426819, 0.0 ], [ 105.005012322000056, -5.337478297999988, 0.0 ], [ 105.004876105000065, -5.337588975, 0.0 ], [ 105.00455535, -5.337843214999983, 0.0 ], [ 105.004114487000024, -5.33823854599992, 0.0 ], [ 105.003894239, -5.338336290999925, 0.0 ], [ 105.003622949000032, -5.338472667999929, 0.0 ], [ 105.003413016000067, -5.338536808, 0.0 ], [ 105.003224433000099, -5.338576005999952, 0.0 ], [ 105.003018057000077, -5.338549281999962, 0.0 ], [ 105.00286612100011, -5.338438736999963, 0.0 ], [ 105.002736247000115, -5.338217813999981, 0.0 ], [ 105.002654408000097, -5.337959474999922, 0.0 ], [ 105.002551479000019, -5.33732003599995, 0.0 ], [ 105.00248351500008, -5.337026303999982, 0.0 ], [ 105.002336858000021, -5.336696750999982, 0.0 ], [ 105.002144300000069, -5.336334254999921, 0.0 ], [ 105.001852063000058, -5.335906528999969, 0.0 ], [ 105.001559828000026, -5.335694917999957, 0.0 ], [ 105.001135650000023, -5.335648711999953, 0.0 ], [ 105.000880413000033, -5.335730758, 0.0 ], [ 105.000524342000062, -5.335904315999963, 0.0 ], [ 105.000139622000034, -5.336073417999922, 0.0 ], [ 104.99999999900011, -5.336096976999917, 0.0 ], [ 104.999716018000058, -5.336100882999974, 0.0 ], [ 104.999587507000086, -5.336089182999983, 0.0 ], [ 104.99937554900005, -5.335990572999906, 0.0 ], [ 104.999310460000075, -5.33591368999994, 0.0 ], [ 104.999195135000036, -5.33570247199996, 0.0 ], [ 104.999029908000054, -5.335364856999915, 0.0 ], [ 104.99898299200008, -5.335243461999907, 0.0 ], [ 104.998941269000085, -5.335109751999946, 0.0 ], [ 104.998934593000072, -5.335017827999978, 0.0 ], [ 104.998949613000065, -5.334827292999934, 0.0 ], [ 104.99905321300011, -5.334528792999928, 0.0 ], [ 104.999108289000048, -5.334400096999937, 0.0 ], [ 104.999237109000049, -5.334210474999969, 0.0 ], [ 104.999395660000019, -5.334023282999935, 0.0 ], [ 104.999577889000093, -5.333873800999912, 0.0 ], [ 104.999696384000032, -5.333746777999972, 0.0 ], [ 104.99975146000007, -5.333664881999946, 0.0 ], [ 104.999832666000117, -5.333387837999938, 0.0 ], [ 104.999838959000016, -5.333020206999985, 0.0 ], [ 104.99982007900006, -5.332764987999917, 0.0 ], [ 104.999792809000027, -5.332626338, 0.0 ], [ 104.999687923000053, -5.332426767, 0.0 ], [ 104.999513156000063, -5.332272232, 0.0 ], [ 104.999274016000086, -5.332173495999916, 0.0 ], [ 104.999070536000033, -5.332129379, 0.0 ], [ 104.998899921000131, -5.33215471299996, 0.0 ], [ 104.998740493000085, -5.332263950999939, 0.0 ], [ 104.998574593000029, -5.332564895999971, 0.0 ], [ 104.998395448000039, -5.332953492999971, 0.0 ], [ 104.997946892000058, -5.333918528999972, 0.0 ], [ 104.997569700000028, -5.334673118999968, 0.0 ], [ 104.997466971000051, -5.334807727999914, 0.0 ], [ 104.997326963, -5.334915851999979, 0.0 ], [ 104.997221180000054, -5.334965820999939, 0.0 ], [ 104.996996215000095, -5.335032354999937, 0.0 ], [ 104.996774073000012, -5.335045714999977, 0.0 ], [ 104.996548071000049, -5.335012100999949, 0.0 ], [ 104.996380248000023, -5.334938151999959, 0.0 ], [ 104.996243753, -5.334848516, 0.0 ], [ 104.996028226000107, -5.334554028999973, 0.0 ], [ 104.995862642000091, -5.33435459, 0.0 ], [ 104.995573986000096, -5.334117056999967, 0.0 ], [ 104.995471055000024, -5.334083442999939, 0.0 ], [ 104.995207014000115, -5.334085681999946, 0.0 ], [ 104.994974636000066, -5.334161310999987, 0.0 ], [ 104.994778004000054, -5.334278287999984, 0.0 ], [ 104.994477029000024, -5.334729791999949, 0.0 ], [ 104.994336300000015, -5.335313862999959, 0.0 ], [ 104.994286437000056, -5.335442070999909, 0.0 ], [ 104.994193034000062, -5.335548248, 0.0 ], [ 104.994021444000069, -5.33564747499994, 0.0 ], [ 104.993835354000041, -5.335732180999932, 0.0 ], [ 104.993526007000114, -5.335841088999972, 0.0 ], [ 104.99301160600001, -5.336070840999975, 0.0 ], [ 104.992933711000049, -5.336066939, 0.0 ], [ 104.992870097000022, -5.335990231999967, 0.0 ], [ 104.992829122, -5.335614113999933, 0.0 ], [ 104.992855235000036, -5.335254606999941, 0.0 ], [ 104.992896960000024, -5.334881713999907, 0.0 ], [ 104.99291523600003, -5.334426884999933, 0.0 ], [ 104.99288470500008, -5.334171689999957, 0.0 ], [ 104.992772038000084, -5.333798647, 0.0 ], [ 104.992657071000068, -5.333538436999964, 0.0 ], [ 104.992456729000097, -5.333025644, 0.0 ], [ 104.99232269300002, -5.332652750999957, 0.0 ], [ 104.992264893000126, -5.332406732999941, 0.0 ], [ 104.992230214000102, -5.332215706999945, 0.0 ], [ 104.992207044000054, -5.331878646999945, 0.0 ], [ 104.992197176000033, -5.331437960999986, 0.0 ], [ 104.992203098000076, -5.330990330999986, 0.0 ], [ 104.992179281000062, -5.330894988999914, 0.0 ], [ 104.992121751000099, -5.330801051999957, 0.0 ], [ 104.992022770000077, -5.330738261, 0.0 ], [ 104.991471791000052, -5.330531758999969, 0.0 ], [ 104.990845859000046, -5.330388311, 0.0 ], [ 104.990361517000025, -5.330276922999934, 0.0 ], [ 104.989981218000096, -5.330165535999955, 0.0 ], [ 104.989765955000038, -5.330043372999972, 0.0 ], [ 104.989567916000084, -5.329863231999989, 0.0 ], [ 104.989258316000047, -5.329444571999987, 0.0 ], [ 104.989157509000066, -5.329292719999946, 0.0 ], [ 104.989019216000074, -5.328960315999977, 0.0 ], [ 104.98886137100007, -5.328499812999977, 0.0 ], [ 104.988731796000096, -5.328142149999961, 0.0 ], [ 104.988421550000098, -5.327599711999932, 0.0 ], [ 104.988273009000068, -5.327400305999953, 0.0 ], [ 104.988099549000097, -5.327266181999958, 0.0 ], [ 104.98785562500008, -5.327137197999944, 0.0 ], [ 104.987644875000043, -5.327066839999896, 0.0 ], [ 104.987467629000037, -5.327028389, 0.0 ], [ 104.987106553, -5.327006111999934, 0.0 ], [ 104.98672989900011, -5.326996159, 0.0 ], [ 104.986517686000042, -5.32699807999998, 0.0 ], [ 104.985995862000038, -5.327040915999971, 0.0 ], [ 104.985767017000015, -5.327040910999971, 0.0 ], [ 104.985426586000088, -5.32703887799998, 0.0 ], [ 104.985087550000017, -5.327024792999969, 0.0 ], [ 104.984818870000083, -5.327020728999988, 0.0 ], [ 104.984580503000075, -5.327008966999903, 0.0 ], [ 104.984239010000067, -5.326980812999972, 0.0 ], [ 104.983936835000108, -5.32696898599997, 0.0 ], [ 104.983562273000118, -5.32691556, 0.0 ], [ 104.983212835000074, -5.326852329, 0.0 ], [ 104.982953852000051, -5.32683002199993, 0.0 ], [ 104.982712801000091, -5.326807145, 0.0 ], [ 104.982391141000022, -5.326772571999884, 0.0 ], [ 104.981874690000012, -5.326746713999965, 0.0 ], [ 104.98146052200012, -5.326662586999932, 0.0 ], [ 104.981226444000114, -5.32661974099994, 0.0 ], [ 104.980937356000084, -5.326546239999987, 0.0 ], [ 104.980627358000021, -5.326494679999984, 0.0 ], [ 104.980334840000069, -5.326397553999941, 0.0 ], [ 104.980096305000046, -5.326340570999934, 0.0 ], [ 104.979853523000116, -5.326270346999896, 0.0 ], [ 104.979342875000057, -5.32612847099997, 0.0 ], [ 104.979154006000059, -5.326049653999933, 0.0 ], [ 104.978893436000078, -5.325958574999946, 0.0 ], [ 104.978652210000106, -5.325956963999902, 0.0 ], [ 104.978501052000041, -5.326000995, 0.0 ], [ 104.978311415000064, -5.326101447999955, 0.0 ], [ 104.97735170100006, -5.326900576, 0.0 ], [ 104.977154796000022, -5.327040673999951, 0.0 ], [ 104.977038474000082, -5.327077483999977, 0.0 ], [ 104.976898568000053, -5.327148396999982, 0.0 ], [ 104.976824296000032, -5.327212392999948, 0.0 ], [ 104.976827746000055, -5.327328281999945, 0.0 ], [ 104.97685115000003, -5.327464174999909, 0.0 ], [ 104.976913107000101, -5.32768330700001, 0.0 ], [ 104.976971330000126, -5.327988715999966, 0.0 ], [ 104.976982940000099, -5.328174879999915, 0.0 ], [ 104.976951950000029, -5.328399825999965, 0.0 ], [ 104.976759931000032, -5.328701453999964, 0.0 ], [ 104.976608885000061, -5.328901185999969, 0.0 ], [ 104.976528082000044, -5.328961825999924, 0.0 ], [ 104.976312741000072, -5.329152333999966, 0.0 ], [ 104.975993673000048, -5.329502716, 0.0 ], [ 104.975818510000039, -5.329664689, 0.0 ], [ 104.975656396000034, -5.329863552999926, 0.0 ], [ 104.975531183000072, -5.329979703999944, 0.0 ], [ 104.975395360000022, -5.33008667, 0.0 ], [ 104.975281570000021, -5.33017299699995, 0.0 ], [ 104.975192039000078, -5.3302400119999, 0.0 ], [ 104.975000810000054, -5.330361832999943, 0.0 ], [ 104.974824430000027, -5.330433636999933, 0.0 ], [ 104.974611874000033, -5.33053856299991, 0.0 ], [ 104.974483599000081, -5.330610399, 0.0 ], [ 104.974316874000053, -5.330691285999935, 0.0 ], [ 104.974071074000051, -5.330838583999954, 0.0 ], [ 104.973829130000098, -5.331072395999938, 0.0 ], [ 104.973761025000059, -5.331149923999957, 0.0 ], [ 104.973647487000079, -5.331279175, 0.0 ], [ 104.973485967000045, -5.331484120999987, 0.0 ], [ 104.973327550000079, -5.331674735999949, 0.0 ], [ 104.973151735000016, -5.331852092999968, 0.0 ], [ 104.972969300000017, -5.331992921999896, 0.0 ], [ 104.972888256000061, -5.332019181999938, 0.0 ], [ 104.972733776000069, -5.332033706999896, 0.0 ], [ 104.972454204000115, -5.332036286999932, 0.0 ], [ 104.972073679000076, -5.331989607999978, 0.0 ], [ 104.971725547000048, -5.33196768299994, 0.0 ], [ 104.971463153000101, -5.331979892999884, 0.0 ], [ 104.971221176000057, -5.33199023299994, 0.0 ], [ 104.970904197000038, -5.332054163, 0.0 ], [ 104.970570369000129, -5.332079263999935, 0.0 ], [ 104.970260233000047, -5.33210436999997, 0.0 ], [ 104.969895368000053, -5.332095216999923, 0.0 ], [ 104.96958295500005, -5.332042676999928, 0.0 ], [ 104.969344500000034, -5.332008341999929, 0.0 ], [ 104.969182591000049, -5.332008333000017, 0.0 ], [ 104.968801760000076, -5.332063123999932, 0.0 ], [ 104.968589680000022, -5.33212477199997, 0.0 ], [ 104.968358732000098, -5.332310331999958, 0.0 ], [ 104.968171728000073, -5.332513569999987, 0.0 ], [ 104.967934403000072, -5.332894251999955, 0.0 ], [ 104.967766596000047, -5.333098812999916, 0.0 ], [ 104.967562317000016, -5.333182820999939, 0.0 ], [ 104.967138544000122, -5.333202722999987, 0.0 ], [ 104.966934914000063, -5.333207455000023, 0.0 ], [ 104.966680777000079, -5.333134724999956, 0.0 ], [ 104.966369476000082, -5.332944800999963, 0.0 ], [ 104.96587764300007, -5.332619867999901, 0.0 ], [ 104.965001825000073, -5.332047343999958, 0.0 ], [ 104.964363593000115, -5.33174369999997, 0.0 ], [ 104.963974196000052, -5.331646447, 0.0 ], [ 104.963572346000021, -5.331603023999966, 0.0 ], [ 104.963005024000068, -5.331595098999932, 0.0 ], [ 104.96265044600004, -5.331606913999932, 0.0 ], [ 104.961882200000062, -5.331571357999922, 0.0 ], [ 104.961111134000035, -5.331531254999978, 0.0 ], [ 104.960711094000061, -5.331500347, 0.0 ], [ 104.960496279000054, -5.331455755999949, 0.0 ], [ 104.959798355000046, -5.331201654999974, 0.0 ], [ 104.959371479000069, -5.330961804999935, 0.0 ], [ 104.959079819000095, -5.330829015999962, 0.0 ], [ 104.959213824000088, -5.330493650999925, 0.0 ], [ 104.959314444000057, -5.330110895999963, 0.0 ], [ 104.959307753000033, -5.329869149999945, 0.0 ], [ 104.959301068000016, -5.329560254999967, 0.0 ], [ 104.95916697200002, -5.329090185999975, 0.0 ], [ 104.959153569000065, -5.328935737999897, 0.0 ], [ 104.958992625000079, -5.328801423999975, 0.0 ], [ 104.958879553000045, -5.328711509, 0.0 ], [ 104.958832622000074, -5.328503337, 0.0 ], [ 104.958789136000021, -5.328074807999984, 0.0 ], [ 104.958486969000077, -5.327990112, 0.0 ], [ 104.957967103000044, -5.327967278999969, 0.0 ], [ 104.957775403000085, -5.327941211999944, 0.0 ], [ 104.957612939000057, -5.328019362999926, 0.0 ], [ 104.957401739000076, -5.328071456999973, 0.0 ], [ 104.957265282000066, -5.327960717999959, 0.0 ], [ 104.957216550000027, -5.327876038999969, 0.0 ], [ 104.957356306000051, -5.327280062999952, 0.0 ], [ 104.957301079, -5.327140019, 0.0 ], [ 104.957125631000054, -5.327042304, 0.0 ], [ 104.956865702000044, -5.326977150999936, 0.0 ], [ 104.95664476400006, -5.326905486999957, 0.0 ], [ 104.956407584000061, -5.326775199999924, 0.0 ], [ 104.956150908000055, -5.326654681999988, 0.0 ], [ 104.955946217000076, -5.326569992, 0.0 ], [ 104.955816261000081, -5.326416915999944, 0.0 ], [ 104.955705819000087, -5.326006557, 0.0 ], [ 104.95555962300007, -5.325775317999971, 0.0 ], [ 104.955377679000023, -5.325645033999939, 0.0 ], [ 104.955127503000114, -5.325514746, 0.0 ], [ 104.954815595000056, -5.325358399000025, 0.0 ], [ 104.954604407, -5.32526719499994, 0.0 ], [ 104.954510198, -5.325042471999909, 0.0 ], [ 104.95444847800006, -5.324850318999909, 0.0 ], [ 104.954334767000063, -5.324720040999965, 0.0 ], [ 104.954133328000097, -5.324602782999944, 0.0 ], [ 104.953912394000028, -5.324495293999933, 0.0 ], [ 104.953490018000068, -5.324303114000019, 0.0 ], [ 104.953415295000099, -5.324202149000014, 0.0 ], [ 104.953321071000033, -5.324179344, 0.0 ], [ 104.953184593000017, -5.324361711999893, 0.0 ], [ 104.95316183700001, -5.324521290999952, 0.0 ], [ 104.953012370000067, -5.324592927999928, 0.0 ], [ 104.95284016500004, -5.324589658000013, 0.0 ], [ 104.952752444000055, -5.32451148899994, 0.0 ], [ 104.952651735000074, -5.324325846999946, 0.0 ], [ 104.952560766, -5.324224880999941, 0.0 ], [ 104.95240478900007, -5.32445935499989, 0.0 ], [ 104.952466503000025, -5.324719899999954, 0.0 ], [ 104.952287757000065, -5.325270275999928, 0.0 ], [ 104.952170768000073, -5.32551777999989, 0.0 ], [ 104.952037554000057, -5.325491715999954, 0.0 ], [ 104.952027815000051, -5.32538098599994, 0.0 ], [ 104.952099308000115, -5.325240950999989, 0.0 ], [ 104.95210906500003, -5.32511393899996, 0.0 ], [ 104.951988853000032, -5.32502925399997, 0.0 ], [ 104.951410503000048, -5.325029207999966, 0.0 ], [ 104.951303284000062, -5.324983604999924, 0.0 ], [ 104.951215569000084, -5.324830530999959, 0.0 ], [ 104.951088865000088, -5.324657912999976, 0.0 ], [ 104.951004402000109, -5.324475528999896, 0.0 ], [ 104.950952430000072, -5.324286632999899, 0.0 ], [ 104.950929702000053, -5.324091225999984, 0.0 ], [ 104.950893980000032, -5.323846966999936, 0.0 ], [ 104.950861511000099, -5.323566883999943, 0.0 ], [ 104.950845120000082, -5.323477777999942, 0.0 ], [ 104.950799804000056, -5.323231433999988, 0.0 ], [ 104.95075432900002, -5.323065335999923, 0.0 ], [ 104.950669861000051, -5.322938315999982, 0.0 ], [ 104.950546406000058, -5.322791751999935, 0.0 ], [ 104.950374212000014, -5.322651697999982, 0.0 ], [ 104.950254001000104, -5.322563755999989, 0.0 ], [ 104.950130540000018, -5.322482326999912, 0.0 ], [ 104.949959278000051, -5.322326376999976, 0.0 ], [ 104.949819327000029, -5.322026555999949, 0.0 ], [ 104.949569551000053, -5.321445351, 0.0 ], [ 104.94930585200008, -5.320949225999895, 0.0 ], [ 104.94906916100004, -5.320632125999948, 0.0 ], [ 104.948735702000064, -5.320395568, 0.0 ], [ 104.948371983000087, -5.320350856999946, 0.0 ], [ 104.947983469000093, -5.320451882999956, 0.0 ], [ 104.947777579000018, -5.32059082, 0.0 ], [ 104.947512834000051, -5.320744399, 0.0 ], [ 104.947088468000018, -5.320877636000011, 0.0 ], [ 104.946853531000031, -5.320954130999946, 0.0 ], [ 104.946518788000049, -5.321057838999911, 0.0 ], [ 104.946202961000026, -5.321191219999934, 0.0 ], [ 104.945888186, -5.321363012999937, 0.0 ], [ 104.945603909000027, -5.321508076999949, 0.0 ], [ 104.944906786000075, -5.321635263, 0.0 ], [ 104.94408858900006, -5.321544244999922, 0.0 ], [ 104.943052910000077, -5.321130623999982, 0.0 ], [ 104.942852562000013, -5.320963750999942, 0.0 ], [ 104.942675288, -5.320644355999983, 0.0 ], [ 104.942517791000029, -5.320398547999984, 0.0 ], [ 104.942265253000102, -5.320293203999972, 0.0 ], [ 104.941957104, -5.32025764099996, 0.0 ], [ 104.941605622000054, -5.320237433999976, 0.0 ], [ 104.941285619000041, -5.320230011999984, 0.0 ], [ 104.941029098000044, -5.320158628999939, 0.0 ], [ 104.940128705000063, -5.318334679999927, 0.0 ], [ 104.939682313000077, -5.317953162999979, 0.0 ], [ 104.939419263000076, -5.317555116999907, 0.0 ], [ 104.939092417000026, -5.31630064799994, 0.0 ], [ 104.938998795000018, -5.31605316199998, 0.0 ], [ 104.938754264000025, -5.315864299999896, 0.0 ], [ 104.938405210000013, -5.315779689999912, 0.0 ], [ 104.938056709000051, -5.315757192, 0.0 ], [ 104.937795191000077, -5.315854352999962, 0.0 ], [ 104.937458823000043, -5.316255613999944, 0.0 ], [ 104.93714895800008, -5.316428831999888, 0.0 ], [ 104.93688187300009, -5.315792969999945, 0.0 ], [ 104.93676394000002, -5.315347650999959, 0.0 ], [ 104.936473878000086, -5.314885498, 0.0 ], [ 104.936295005000034, -5.314542126999923, 0.0 ], [ 104.936143250000086, -5.314231970000018, 0.0 ], [ 104.935977019000106, -5.313825003, 0.0 ], [ 104.935857547000069, -5.313435167, 0.0 ], [ 104.935766670000106, -5.31309938600001, 0.0 ], [ 104.93561925300007, -5.312743308999947, 0.0 ], [ 104.935352020000082, -5.312177872999969, 0.0 ], [ 104.935164173, -5.31178272799996, 0.0 ], [ 104.935060190000087, -5.311469000999937, 0.0 ], [ 104.93491924100006, -5.311144306999983, 0.0 ], [ 104.934600069000041, -5.310839458999984, 0.0 ], [ 104.934216448000086, -5.310703502999926, 0.0 ], [ 104.93397424100003, -5.310590784999926, 0.0 ], [ 104.933644871000055, -5.310116313000014, 0.0 ], [ 104.933405832000076, -5.309672943999923, 0.0 ], [ 104.93326405600007, -5.309489555999937, 0.0 ], [ 104.933273326000034, -5.308893472, 0.0 ], [ 104.9332740870001, -5.307779111, 0.0 ], [ 104.933396592000022, -5.306961815999957, 0.0 ], [ 104.933394703000047, -5.306905346999903, 0.0 ], [ 104.933377466000039, -5.306390018999897, 0.0 ], [ 104.933294004000061, -5.305692649000017, 0.0 ], [ 104.933231832000075, -5.305330101999951, 0.0 ], [ 104.933245206000024, -5.304503576999954, 0.0 ], [ 104.933269556000084, -5.303834362, 0.0 ], [ 104.933333941000086, -5.303493278999939, 0.0 ], [ 104.933494273000022, -5.303236925999956, 0.0 ], [ 104.933919961000072, -5.302634915999972, 0.0 ], [ 104.93415085000008, -5.302130605999901, 0.0 ], [ 104.934239912000081, -5.301849493999912, 0.0 ], [ 104.934712944000054, -5.300826652999925, 0.0 ], [ 104.934937370000057, -5.300139384, 0.0 ], [ 104.935001512000028, -5.299786557999932, 0.0 ], [ 104.935017979000065, -5.299480867999952, 0.0 ], [ 104.934982094000119, -5.299147572, 0.0 ], [ 104.934872380000101, -5.298765859999945, 0.0 ], [ 104.934763438000047, -5.29851962, 0.0 ], [ 104.934528417000053, -5.297916553999928, 0.0 ], [ 104.93445022300007, -5.297241203999915, 0.0 ], [ 104.934446568000041, -5.296810361999972, 0.0 ], [ 104.934446602000037, -5.296490476999972, 0.0 ], [ 104.934453163000043, -5.296060612999932, 0.0 ], [ 104.934462238, -5.295670065999948, 0.0 ], [ 104.934510935000034, -5.295343175, 0.0 ], [ 104.934585093000038, -5.295007637999939, 0.0 ], [ 104.93467110900005, -5.294674860999939, 0.0 ], [ 104.934819571000077, -5.29432588799993, 0.0 ], [ 104.935104882000061, -5.293676621999944, 0.0 ], [ 104.935113087000033, -5.293476638999918, 0.0 ], [ 104.935077719000034, -5.293252182999909, 0.0 ], [ 104.93498336200004, -5.293063162, 0.0 ], [ 104.9348831060001, -5.292880044999938, 0.0 ], [ 104.934682585000118, -5.292584694000015, 0.0 ], [ 104.934397938000103, -5.292299510999955, 0.0 ], [ 104.934300258000093, -5.292238300999953, 0.0 ], [ 104.934247363000068, -5.292073050999958, 0.0 ], [ 104.934111025000078, -5.291962877, 0.0 ], [ 104.933474027000031, -5.291950568999949, 0.0 ], [ 104.93290827200012, -5.291854632999916, 0.0 ], [ 104.932916440000085, -5.29160575399993, 0.0 ], [ 104.933451690000055, -5.291534407999977, 0.0 ], [ 104.933665379000061, -5.291481390999943, 0.0 ], [ 104.934170097000077, -5.291414128999973, 0.0 ], [ 104.934422459000089, -5.291352955999974, 0.0 ], [ 104.934713499000097, -5.291236702999948, 0.0 ], [ 104.93506964400008, -5.291210224999888, 0.0 ], [ 104.935299617000098, -5.291214328999962, 0.0 ], [ 104.935602841000048, -5.291269435999903, 0.0 ], [ 104.936042422000099, -5.291324565999934, 0.0 ], [ 104.936300876000075, -5.291436786999983, 0.0 ], [ 104.936543035000042, -5.291591851999934, 0.0 ], [ 104.936739437000128, -5.291524771999979, 0.0 ], [ 104.936865455000074, -5.291398605999932, 0.0 ], [ 104.937046765000062, -5.291211369999894, 0.0 ], [ 104.937087440000056, -5.291034187999978, 0.0 ], [ 104.936795143000026, -5.290996088999934, 0.0 ], [ 104.936172319, -5.290698259999983, 0.0 ], [ 104.935844570000071, -5.29051500699992, 0.0 ], [ 104.934982002000112, -5.290348993999951, 0.0 ], [ 104.933474388000064, -5.290263172999955, 0.0 ], [ 104.932212221000086, -5.290303337999903, 0.0 ], [ 104.932178747000066, -5.290150543999962, 0.0 ], [ 104.932024059000057, -5.289833682999946, 0.0 ], [ 104.931820178000066, -5.289150682999923, 0.0 ], [ 104.931514843000031, -5.288523527999901, 0.0 ], [ 104.931481925000057, -5.288337248999943, 0.0 ], [ 104.931123171000124, -5.287768423999951, 0.0 ], [ 104.931196419000059, -5.287362034999989, 0.0 ], [ 104.932191685000078, -5.285943638999958, 0.0 ], [ 104.932581955000032, -5.285289594999933, 0.0 ], [ 104.932834439000047, -5.284670914999902, 0.0 ], [ 104.933472696000109, -5.282997227999976, 0.0 ], [ 104.933776369, -5.281825971999966, 0.0 ], [ 104.934003627000067, -5.281828048999961, 0.0 ], [ 104.934755540000111, -5.28172582099994, 0.0 ], [ 104.935509746000079, -5.281695558000012, 0.0 ], [ 104.936913910000087, -5.281658610999974, 0.0 ], [ 104.937274623000079, -5.281651066999972, 0.0 ], [ 104.937661535000032, -5.281648571999943, 0.0 ], [ 104.938652863000073, -5.281572815999981, 0.0 ], [ 104.939048878000065, -5.28159308299997, 0.0 ], [ 104.939657135000033, -5.281653880999938, 0.0 ], [ 104.94025552800008, -5.28171465, 0.0 ], [ 104.940790278000094, -5.28178044299993, 0.0 ], [ 104.941340208000028, -5.281838039999988, 0.0 ], [ 104.941898041000087, -5.281924513999948, 0.0 ], [ 104.942614408000026, -5.281972626999933, 0.0 ], [ 104.943890749000033, -5.282091578999916, 0.0 ], [ 104.94544353100008, -5.282101830999965, 0.0 ], [ 104.945876866000049, -5.282101868999968, 0.0 ], [ 104.946678567000035, -5.282109120999946, 0.0 ], [ 104.946981019000106, -5.281955011999985, 0.0 ], [ 104.947123788000013, -5.28167620099992, 0.0 ], [ 104.947280923000051, -5.281208851999976, 0.0 ], [ 104.947467630000048, -5.280639948999978, 0.0 ], [ 104.948015256000062, -5.279653342999969, 0.0 ], [ 104.948697058000064, -5.279235747999968, 0.0 ], [ 104.94917794400007, -5.279001843999977, 0.0 ], [ 104.949654705000086, -5.278769259999917, 0.0 ], [ 104.950000276000068, -5.278723774999973, 0.0 ], [ 104.950622937000077, -5.278754166999912, 0.0 ], [ 104.951230839000104, -5.278837659999981, 0.0 ], [ 104.951736899000053, -5.279003241999915, 0.0 ], [ 104.952051100000034, -5.279184631999913, 0.0 ], [ 104.952890512000025, -5.279544955999972, 0.0 ], [ 104.953462363000085, -5.279602679999952, 0.0 ], [ 104.95447850000005, -5.279577489, 0.0 ], [ 104.954988032000117, -5.279549716999922, 0.0 ], [ 104.95548475, -5.279499181999915, 0.0 ], [ 104.956092665000114, -5.279418312999974, 0.0 ], [ 104.956660218000096, -5.27924388099993, 0.0 ], [ 104.956835354000106, -5.279173941999916, 0.0 ], [ 104.957194987000022, -5.279029, 0.0 ], [ 104.957552856000049, -5.278879991999931, 0.0 ], [ 104.957993009000063, -5.278665554999952, 0.0 ], [ 104.958356260000087, -5.278326759999986, 0.0 ], [ 104.958573211000015, -5.277972782999919, 0.0 ], [ 104.958742896000018, -5.277547370999981, 0.0 ], [ 104.958940575000028, -5.277115719999971, 0.0 ], [ 104.959283669000087, -5.276427988, 0.0 ], [ 104.959634320000063, -5.275937479999916, 0.0 ], [ 104.959882627000084, -5.275507395999947, 0.0 ], [ 104.960214703000119, -5.275182094999943, 0.0 ], [ 104.960751990000077, -5.274886297999982, 0.0 ], [ 104.961238826000027, -5.274780130999902, 0.0 ], [ 104.961689632000031, -5.274720686999958, 0.0 ], [ 104.962629687000089, -5.274627039999936, 0.0 ], [ 104.963508098000034, -5.274458590999943, 0.0 ], [ 104.963932155000037, -5.274245543, 0.0 ], [ 104.964346072000083, -5.273932176, 0.0 ], [ 104.964735038000029, -5.273754496999951, 0.0 ], [ 104.965161277000036, -5.273695483999953, 0.0 ], [ 104.965670881, -5.273573256999965, 0.0 ], [ 104.966451146000097, -5.273433828999975, 0.0 ], [ 104.966986860000091, -5.273259186999914, 0.0 ], [ 104.967520610000022, -5.273031087999959, 0.0 ], [ 104.968199155000036, -5.272732758999966, 0.0 ], [ 104.968635535, -5.272548204999973, 0.0 ], [ 104.969175336000077, -5.272383873999965, 0.0 ], [ 104.969844238000078, -5.272166282999903, 0.0 ], [ 104.970248177000116, -5.272087868999987, 0.0 ], [ 104.9708792590001, -5.271945667999946, 0.0 ], [ 104.971849211000062, -5.271590707999975, 0.0 ], [ 104.973427059000059, -5.271291681000013, 0.0 ], [ 104.975228191000042, -5.270870276999963, 0.0 ], [ 104.975645102000072, -5.270653980999919, 0.0 ], [ 104.976182805000064, -5.270512278999918, 0.0 ], [ 104.977303608000085, -5.270382981999967, 0.0 ], [ 104.977886839000107, -5.270251420999918, 0.0 ], [ 104.978511994000058, -5.270003802999947, 0.0 ], [ 104.978968252000058, -5.269765224999924, 0.0 ], [ 104.979634175000086, -5.269350570999988, 0.0 ], [ 104.98014370900006, -5.268966253999986, 0.0 ], [ 104.980625108000098, -5.26871868399993, 0.0 ], [ 104.981212834000061, -5.268521323999943, 0.0 ], [ 104.981716454000065, -5.268473400999975, 0.0 ], [ 104.982104901000056, -5.26847846999995, 0.0 ], [ 104.982530881000045, -5.268483538999925, 0.0 ], [ 104.983129337, -5.268517623, 0.0 ], [ 104.983171627000033, -5.268550156999931, 0.0 ], [ 104.98334644400002, -5.26883112, 0.0 ], [ 104.983423482, -5.269050329000015, 0.0 ], [ 104.983398720000082, -5.269318133999969, 0.0 ], [ 104.983371902000087, -5.269521346, 0.0 ], [ 104.983382276000057, -5.269715411999888, 0.0 ], [ 104.983437775000112, -5.269788655, 0.0 ], [ 104.983781028000095, -5.269777309999947, 0.0 ], [ 104.984190908000087, -5.26978020699992, 0.0 ], [ 104.985517769000083, -5.269600963999922, 0.0 ], [ 104.98795187100005, -5.269400471999942, 0.0 ], [ 104.989236683000044, -5.269293625999984, 0.0 ], [ 104.98931977000008, -5.271531863, 0.0 ], [ 104.98936307000011, -5.272599355999942, 0.0 ], [ 104.989327284000069, -5.273301078, 0.0 ], [ 104.989253307000084, -5.273943525999959, 0.0 ], [ 104.988978941000113, -5.274797516, 0.0 ], [ 104.988669993000045, -5.275589624999911, 0.0 ], [ 104.988189844000019, -5.277366357999925, 0.0 ], [ 104.988070688000022, -5.278878937999933, 0.0 ], [ 104.988059335000059, -5.279855339999896, 0.0 ], [ 104.988065146000096, -5.280331332999934, 0.0 ], [ 104.985941283000045, -5.280187955999972, 0.0 ], [ 104.985520620000059, -5.280549273999936, 0.0 ], [ 104.985496555000026, -5.281144761999913, 0.0 ], [ 104.985739875000078, -5.28183746199994, 0.0 ], [ 104.985891713000029, -5.282025487999954, 0.0 ], [ 104.986043442000067, -5.282249167999987, 0.0 ], [ 104.986147264000039, -5.282639744999885, 0.0 ], [ 104.986806623000064, -5.282818066999896, 0.0 ], [ 104.98746497100008, -5.283027951999943, 0.0 ], [ 104.988146026000038, -5.283189789999922, 0.0 ], [ 104.988650566000032, -5.283322013999937, 0.0 ], [ 104.989217783000072, -5.283528248999948, 0.0 ], [ 104.990026899000057, -5.283844176999976, 0.0 ], [ 104.990484267000056, -5.283986766999961, 0.0 ], [ 104.99100283100006, -5.284223639999931, 0.0 ], [ 104.99147704800005, -5.284415813999933, 0.0 ], [ 104.991873065000036, -5.284605461999904, 0.0 ], [ 104.992286744000069, -5.284795100999963, 0.0 ], [ 104.992649974000102, -5.285002442999977, 0.0 ], [ 104.993051046000076, -5.285189557, 0.0 ], [ 104.993484906000091, -5.285217379999908, 0.0 ], [ 104.994014621000034, -5.285209795, 0.0 ], [ 104.994493886000086, -5.285166818999899, 0.0 ], [ 104.995495294000065, -5.285118780999921, 0.0 ], [ 104.996845008, -5.284946090999933, 0.0 ], [ 104.997440136000051, -5.284526840999971, 0.0 ], [ 104.998018360000017, -5.283838916999985, 0.0 ], [ 104.998366477000047, -5.283415141, 0.0 ], [ 104.998708798000038, -5.28313609299992, 0.0 ], [ 104.999334364000021, -5.282617753999931, 0.0 ], [ 104.999831289000014, -5.282387654999988, 0.0 ], [ 104.99999999900011, -5.28230704899998, 0.0 ], [ 105.000518060000076, -5.282059527999929, 0.0 ], [ 105.001035452000082, -5.281900759999937, 0.0 ], [ 105.001580297000032, -5.281627679999902, 0.0 ], [ 105.002061787000088, -5.281087871999913, 0.0 ], [ 105.002180048000099, -5.280954506999892, 0.0 ], [ 105.002532718000055, -5.280725880999983, 0.0 ], [ 105.003045885000063, -5.280495137999898, 0.0 ], [ 105.00290423800007, -5.279913029999962, 0.0 ], [ 105.002815910000038, -5.279270589999919, 0.0 ], [ 105.002904613000098, -5.278968307999955, 0.0 ], [ 105.003303696000074, -5.278852708999983, 0.0 ], [ 105.004639354000105, -5.278923335999965, 0.0 ], [ 105.005394465000052, -5.278918571999926, 0.0 ], [ 105.005931349000065, -5.278974528999937, 0.0 ], [ 105.006608253000124, -5.279058636999968, 0.0 ], [ 105.007285770000038, -5.279079390999909, 0.0 ], [ 105.007552860000033, -5.279181748999941, 0.0 ], [ 105.007748855000074, -5.279527677999964, 0.0 ], [ 105.007913647000038, -5.280912085999935, 0.0 ], [ 105.007987647000036, -5.283475288, 0.0 ], [ 105.007853787000059, -5.286055155999948, 0.0 ], [ 105.012215183000052, -5.286044644999967, 0.0 ], [ 105.012181668000039, -5.287586049999961, 0.0 ], [ 105.012636916000048, -5.287343259999945, 0.0 ], [ 105.01305134100005, -5.287037151999931, 0.0 ], [ 105.013371782, -5.286764166, 0.0 ], [ 105.013867435000066, -5.286222592999946, 0.0 ], [ 105.014233575000077, -5.285882497999962, 0.0 ], [ 105.014762306000037, -5.285481334999899, 0.0 ], [ 105.015147942000056, -5.285252783, 0.0 ], [ 105.015727235000028, -5.285092454999964, 0.0 ], [ 105.016313895000081, -5.285052371999933, 0.0 ], [ 105.017018120000074, -5.284971847999932, 0.0 ], [ 105.017660848000062, -5.284821096999982, 0.0 ], [ 105.018168118000105, -5.284524300999939, 0.0 ], [ 105.01918811400013, -5.283875678999918, 0.0 ], [ 105.020159239000094, -5.283262997999939, 0.0 ], [ 105.021091357000032, -5.282645576999924, 0.0 ], [ 105.021322901000104, -5.28248595199995, 0.0 ], [ 105.021658985000016, -5.28219397199995, 0.0 ], [ 105.022040014000098, -5.281993694999899, 0.0 ], [ 105.022450386000045, -5.281870655999933, 0.0 ], [ 105.02280692000005, -5.28185119300001, 0.0 ], [ 105.0237091770001, -5.281907075999927, 0.0 ], [ 105.024211536000095, -5.2819410989999, 0.0 ], [ 105.025203168000075, -5.282020949999934, 0.0 ], [ 105.026395018000102, -5.281946093999958, 0.0 ], [ 105.028029932000024, -5.281678995999885, 0.0 ], [ 105.029493480000056, -5.281708799999953, 0.0 ], [ 105.029976134000023, -5.281718582999963, 0.0 ], [ 105.031443549000116, -5.28188337499992, 0.0 ], [ 105.032510382000098, -5.282252038999959, 0.0 ], [ 105.033444194000083, -5.282675031999963, 0.0 ], [ 105.034006917000013, -5.28314909499993, 0.0 ], [ 105.034940030000129, -5.283615772, 0.0 ], [ 105.035201977000042, -5.283640074999964, 0.0 ], [ 105.035596938000126, -5.28376669499996, 0.0 ], [ 105.036055403000049, -5.283984454999947, 0.0 ], [ 105.036541402000111, -5.284153941999937, 0.0 ] ] ] ] } },
{ "type": "Feature", "properties": { "KDPPUM": null, "NAMOBJ": "BANYUMAS", "REMARK": "Wilayah Administrasi Kecamatan", "KDPBPS": null, "FCODE": null, "LUASWH": 0.0, "UUPP": null, "SRS_ID": null, "LCODE": "BA0080", "METADATA": null, "KDEBPS": null, "KDEPUM": null, "KDCBPS": null, "KDCPUM": null, "KDBBPS": null, "KDBPUM": null, "WADMKD": null, "WIADKD": null, "WADMKC": null, "WIADKC": null, "WADMKK": "PRINGSEWU", "WIADKK": null, "WADMPR": "LAMPUNG", "WIADPR": null, "TIPADM": 0, "Shape_Leng": 0.37922537871000001, "Shape_Area": 0.0035669276 }, "geometry": { "type": "MultiPolygon", "coordinates": [ [ [ [ 104.936045685526523, -5.258756839516922, 0.0 ], [ 104.936139259000115, -5.258808755999945, 0.0 ], [ 104.936197819000071, -5.258824141999975, 0.0 ], [ 104.936265063000036, -5.258841810000016, 0.0 ], [ 104.937013808000088, -5.259856243999929, 0.0 ], [ 104.937291019000014, -5.260750951999972, 0.0 ], [ 104.937748562000039, -5.262234846999915, 0.0 ], [ 104.937707113000073, -5.263408749999966, 0.0 ], [ 104.937722233000088, -5.26400742399994, 0.0 ], [ 104.937991883, -5.26440673899994, 0.0 ], [ 104.938332981000073, -5.264592922999979, 0.0 ], [ 104.93840759900003, -5.264971628999961, 0.0 ], [ 104.938569964000052, -5.265755074999946, 0.0 ], [ 104.938575368000059, -5.265867253, 0.0 ], [ 104.938461608000068, -5.266377466999929, 0.0 ], [ 104.938167306000054, -5.267390651, 0.0 ], [ 104.938022834, -5.268183112999937, 0.0 ], [ 104.937909607000037, -5.269155605999932, 0.0 ], [ 104.937959071000051, -5.269959468, 0.0 ], [ 104.937963047000025, -5.270180529999914, 0.0 ], [ 104.938380323000089, -5.271143793999945, 0.0 ], [ 104.938824925000105, -5.273238825999917, 0.0 ], [ 104.938873142, -5.274640673, 0.0 ], [ 104.93891554700005, -5.275036381999966, 0.0 ], [ 104.939217488000082, -5.276224963999899, 0.0 ], [ 104.939374065000067, -5.27745645799992, 0.0 ], [ 104.939524956000113, -5.27873554499997, 0.0 ], [ 104.939418298000078, -5.280254912, 0.0 ], [ 104.939109723000044, -5.281508340999975, 0.0 ], [ 104.939048878000065, -5.28159308299997, 0.0 ], [ 104.938652863000073, -5.281572815999981, 0.0 ], [ 104.937661535000032, -5.281648571999943, 0.0 ], [ 104.937274623000079, -5.281651066999972, 0.0 ], [ 104.936913910000087, -5.281658610999974, 0.0 ], [ 104.935509746000079, -5.281695558000012, 0.0 ], [ 104.934755540000111, -5.28172582099994, 0.0 ], [ 104.934003627000067, -5.281828048999961, 0.0 ], [ 104.933776369, -5.281825971999966, 0.0 ], [ 104.933472696000109, -5.282997227999976, 0.0 ], [ 104.932834439000047, -5.284670914999902, 0.0 ], [ 104.932581955000032, -5.285289594999933, 0.0 ], [ 104.932191685000078, -5.285943638999958, 0.0 ], [ 104.931196419000059, -5.287362034999989, 0.0 ], [ 104.931123171000124, -5.287768423999951, 0.0 ], [ 104.931481925000057, -5.288337248999943, 0.0 ], [ 104.931514843000031, -5.288523527999901, 0.0 ], [ 104.931820178000066, -5.289150682999923, 0.0 ], [ 104.932024059000057, -5.289833682999946, 0.0 ], [ 104.932178747000066, -5.290150543999962, 0.0 ], [ 104.932212221000086, -5.290303337999903, 0.0 ], [ 104.933474388000064, -5.290263172999955, 0.0 ], [ 104.934982002000112, -5.290348993999951, 0.0 ], [ 104.935844570000071, -5.29051500699992, 0.0 ], [ 104.936172319, -5.290698259999983, 0.0 ], [ 104.936795143000026, -5.290996088999934, 0.0 ], [ 104.937087440000056, -5.291034187999978, 0.0 ], [ 104.937046765000062, -5.291211369999894, 0.0 ], [ 104.936865455000074, -5.291398605999932, 0.0 ], [ 104.936739437000128, -5.291524771999979, 0.0 ], [ 104.936543035000042, -5.291591851999934, 0.0 ], [ 104.936300876000075, -5.291436786999983, 0.0 ], [ 104.936042422000099, -5.291324565999934, 0.0 ], [ 104.935602841000048, -5.291269435999903, 0.0 ], [ 104.935299617000098, -5.291214328999962, 0.0 ], [ 104.93506964400008, -5.291210224999888, 0.0 ], [ 104.934713499000097, -5.291236702999948, 0.0 ], [ 104.934422459000089, -5.291352955999974, 0.0 ], [ 104.934170097000077, -5.291414128999973, 0.0 ], [ 104.933665379000061, -5.291481390999943, 0.0 ], [ 104.933451690000055, -5.291534407999977, 0.0 ], [ 104.932916440000085, -5.29160575399993, 0.0 ], [ 104.93290827200012, -5.291854632999916, 0.0 ], [ 104.933474027000031, -5.291950568999949, 0.0 ], [ 104.934111025000078, -5.291962877, 0.0 ], [ 104.934247363000068, -5.292073050999958, 0.0 ], [ 104.934300258000093, -5.292238300999953, 0.0 ], [ 104.934397938000103, -5.292299510999955, 0.0 ], [ 104.934682585000118, -5.292584694000015, 0.0 ], [ 104.9348831060001, -5.292880044999938, 0.0 ], [ 104.93498336200004, -5.293063162, 0.0 ], [ 104.935077719000034, -5.293252182999909, 0.0 ], [ 104.935113087000033, -5.293476638999918, 0.0 ], [ 104.935104882000061, -5.293676621999944, 0.0 ], [ 104.934819571000077, -5.29432588799993, 0.0 ], [ 104.93467110900005, -5.294674860999939, 0.0 ], [ 104.934585093000038, -5.295007637999939, 0.0 ], [ 104.934510935000034, -5.295343175, 0.0 ], [ 104.934462238, -5.295670065999948, 0.0 ], [ 104.934453163000043, -5.296060612999932, 0.0 ], [ 104.934446602000037, -5.296490476999972, 0.0 ], [ 104.934446568000041, -5.296810361999972, 0.0 ], [ 104.93445022300007, -5.297241203999915, 0.0 ], [ 104.934528417000053, -5.297916553999928, 0.0 ], [ 104.934763438000047, -5.29851962, 0.0 ], [ 104.934872380000101, -5.298765859999945, 0.0 ], [ 104.934982094000119, -5.299147572, 0.0 ], [ 104.935017979000065, -5.299480867999952, 0.0 ], [ 104.935001512000028, -5.299786557999932, 0.0 ], [ 104.934937370000057, -5.300139384, 0.0 ], [ 104.934712944000054, -5.300826652999925, 0.0 ], [ 104.934239912000081, -5.301849493999912, 0.0 ], [ 104.93415085000008, -5.302130605999901, 0.0 ], [ 104.933919961000072, -5.302634915999972, 0.0 ], [ 104.933494273000022, -5.303236925999956, 0.0 ], [ 104.933333941000086, -5.303493278999939, 0.0 ], [ 104.933269556000084, -5.303834362, 0.0 ], [ 104.933245206000024, -5.304503576999954, 0.0 ], [ 104.933231832000075, -5.305330101999951, 0.0 ], [ 104.933294004000061, -5.305692649000017, 0.0 ], [ 104.933377466000039, -5.306390018999897, 0.0 ], [ 104.933394703000047, -5.306905346999903, 0.0 ], [ 104.933396592000022, -5.306961815999957, 0.0 ], [ 104.9332740870001, -5.307779111, 0.0 ], [ 104.933273326000034, -5.308893472, 0.0 ], [ 104.93326405600007, -5.309489555999937, 0.0 ], [ 104.933405832000076, -5.309672943999923, 0.0 ], [ 104.933644871000055, -5.310116313000014, 0.0 ], [ 104.93397424100003, -5.310590784999926, 0.0 ], [ 104.934216448000086, -5.310703502999926, 0.0 ], [ 104.934600069000041, -5.310839458999984, 0.0 ], [ 104.93491924100006, -5.311144306999983, 0.0 ], [ 104.935060190000087, -5.311469000999937, 0.0 ], [ 104.935164173, -5.31178272799996, 0.0 ], [ 104.935352020000082, -5.312177872999969, 0.0 ], [ 104.93561925300007, -5.312743308999947, 0.0 ], [ 104.935766670000106, -5.31309938600001, 0.0 ], [ 104.935857547000069, -5.313435167, 0.0 ], [ 104.935977019000106, -5.313825003, 0.0 ], [ 104.936143250000086, -5.314231970000018, 0.0 ], [ 104.936295005000034, -5.314542126999923, 0.0 ], [ 104.936473878000086, -5.314885498, 0.0 ], [ 104.93676394000002, -5.315347650999959, 0.0 ], [ 104.93688187300009, -5.315792969999945, 0.0 ], [ 104.93714895800008, -5.316428831999888, 0.0 ], [ 104.937458823000043, -5.316255613999944, 0.0 ], [ 104.937795191000077, -5.315854352999962, 0.0 ], [ 104.938056709000051, -5.315757192, 0.0 ], [ 104.938405210000013, -5.315779689999912, 0.0 ], [ 104.938754264000025, -5.315864299999896, 0.0 ], [ 104.938998795000018, -5.31605316199998, 0.0 ], [ 104.939092417000026, -5.31630064799994, 0.0 ], [ 104.939419263000076, -5.317555116999907, 0.0 ], [ 104.939682313000077, -5.317953162999979, 0.0 ], [ 104.940128705000063, -5.318334679999927, 0.0 ], [ 104.941029098000044, -5.320158628999939, 0.0 ], [ 104.941285619000041, -5.320230011999984, 0.0 ], [ 104.941605622000054, -5.320237433999976, 0.0 ], [ 104.941957104, -5.32025764099996, 0.0 ], [ 104.942265253000102, -5.320293203999972, 0.0 ], [ 104.942517791000029, -5.320398547999984, 0.0 ], [ 104.942675288, -5.320644355999983, 0.0 ], [ 104.942852562000013, -5.320963750999942, 0.0 ], [ 104.943052910000077, -5.321130623999982, 0.0 ], [ 104.94408858900006, -5.321544244999922, 0.0 ], [ 104.944906786000075, -5.321635263, 0.0 ], [ 104.945603909000027, -5.321508076999949, 0.0 ], [ 104.945888186, -5.321363012999937, 0.0 ], [ 104.946202961000026, -5.321191219999934, 0.0 ], [ 104.946518788000049, -5.321057838999911, 0.0 ], [ 104.946853531000031, -5.320954130999946, 0.0 ], [ 104.947088468000018, -5.320877636000011, 0.0 ], [ 104.947512834000051, -5.320744399, 0.0 ], [ 104.947777579000018, -5.32059082, 0.0 ], [ 104.947983469000093, -5.320451882999956, 0.0 ], [ 104.948371983000087, -5.320350856999946, 0.0 ], [ 104.948735702000064, -5.320395568, 0.0 ], [ 104.94906916100004, -5.320632125999948, 0.0 ], [ 104.94930585200008, -5.320949225999895, 0.0 ], [ 104.949569551000053, -5.321445351, 0.0 ], [ 104.949819327000029, -5.322026555999949, 0.0 ], [ 104.949959278000051, -5.322326376999976, 0.0 ], [ 104.950130540000018, -5.322482326999912, 0.0 ], [ 104.950254001000104, -5.322563755999989, 0.0 ], [ 104.950374212000014, -5.322651697999982, 0.0 ], [ 104.950546406000058, -5.322791751999935, 0.0 ], [ 104.950669861000051, -5.322938315999982, 0.0 ], [ 104.95075432900002, -5.323065335999923, 0.0 ], [ 104.950799804000056, -5.323231433999988, 0.0 ], [ 104.950845120000082, -5.323477777999942, 0.0 ], [ 104.950861511000099, -5.323566883999943, 0.0 ], [ 104.950893980000032, -5.323846966999936, 0.0 ], [ 104.950929702000053, -5.324091225999984, 0.0 ], [ 104.950952430000072, -5.324286632999899, 0.0 ], [ 104.951004402000109, -5.324475528999896, 0.0 ], [ 104.951088865000088, -5.324657912999976, 0.0 ], [ 104.951215569000084, -5.324830530999959, 0.0 ], [ 104.951303284000062, -5.324983604999924, 0.0 ], [ 104.951410503000048, -5.325029207999966, 0.0 ], [ 104.951988853000032, -5.32502925399997, 0.0 ], [ 104.95210906500003, -5.32511393899996, 0.0 ], [ 104.952099308000115, -5.325240950999989, 0.0 ], [ 104.952027815000051, -5.32538098599994, 0.0 ], [ 104.952037554000057, -5.325491715999954, 0.0 ], [ 104.952170768000073, -5.32551777999989, 0.0 ], [ 104.952287757000065, -5.325270275999928, 0.0 ], [ 104.952466503000025, -5.324719899999954, 0.0 ], [ 104.95240478900007, -5.32445935499989, 0.0 ], [ 104.952560766, -5.324224880999941, 0.0 ], [ 104.952651735000074, -5.324325846999946, 0.0 ], [ 104.952752444000055, -5.32451148899994, 0.0 ], [ 104.95284016500004, -5.324589658000013, 0.0 ], [ 104.953012370000067, -5.324592927999928, 0.0 ], [ 104.95316183700001, -5.324521290999952, 0.0 ], [ 104.953184593000017, -5.324361711999893, 0.0 ], [ 104.953321071000033, -5.324179344, 0.0 ], [ 104.953415295000099, -5.324202149000014, 0.0 ], [ 104.953490018000068, -5.324303114000019, 0.0 ], [ 104.953912394000028, -5.324495293999933, 0.0 ], [ 104.954133328000097, -5.324602782999944, 0.0 ], [ 104.954334767000063, -5.324720040999965, 0.0 ], [ 104.95444847800006, -5.324850318999909, 0.0 ], [ 104.954510198, -5.325042471999909, 0.0 ], [ 104.954604407, -5.32526719499994, 0.0 ], [ 104.954815595000056, -5.325358399000025, 0.0 ], [ 104.955127503000114, -5.325514746, 0.0 ], [ 104.955377679000023, -5.325645033999939, 0.0 ], [ 104.95555962300007, -5.325775317999971, 0.0 ], [ 104.955705819000087, -5.326006557, 0.0 ], [ 104.955816261000081, -5.326416915999944, 0.0 ], [ 104.955946217000076, -5.326569992, 0.0 ], [ 104.956150908000055, -5.326654681999988, 0.0 ], [ 104.956407584000061, -5.326775199999924, 0.0 ], [ 104.95664476400006, -5.326905486999957, 0.0 ], [ 104.956865702000044, -5.326977150999936, 0.0 ], [ 104.957125631000054, -5.327042304, 0.0 ], [ 104.957301079, -5.327140019, 0.0 ], [ 104.957356306000051, -5.327280062999952, 0.0 ], [ 104.957216550000027, -5.327876038999969, 0.0 ], [ 104.957265282000066, -5.327960717999959, 0.0 ], [ 104.957401739000076, -5.328071456999973, 0.0 ], [ 104.957612939000057, -5.328019362999926, 0.0 ], [ 104.957775403000085, -5.327941211999944, 0.0 ], [ 104.957967103000044, -5.327967278999969, 0.0 ], [ 104.958486969000077, -5.327990112, 0.0 ], [ 104.958789136000021, -5.328074807999984, 0.0 ], [ 104.958832622000074, -5.328503337, 0.0 ], [ 104.958879553000045, -5.328711509, 0.0 ], [ 104.958992625000079, -5.328801423999975, 0.0 ], [ 104.959153569000065, -5.328935737999897, 0.0 ], [ 104.95916697200002, -5.329090185999975, 0.0 ], [ 104.959301068000016, -5.329560254999967, 0.0 ], [ 104.959307753000033, -5.329869149999945, 0.0 ], [ 104.959314444000057, -5.330110895999963, 0.0 ], [ 104.959213824000088, -5.330493650999925, 0.0 ], [ 104.959079819000095, -5.330829015999962, 0.0 ], [ 104.958951545000048, -5.330770614999926, 0.0 ], [ 104.958704929000078, -5.330736465999943, 0.0 ], [ 104.958425156000018, -5.330745059999943, 0.0 ], [ 104.957791701000104, -5.330949164999955, 0.0 ], [ 104.957620311000127, -5.330993777999916, 0.0 ], [ 104.957304958000066, -5.331004053999967, 0.0 ], [ 104.956955332000092, -5.330969701999967, 0.0 ], [ 104.956597459000051, -5.330818665, 0.0 ], [ 104.956264827000069, -5.330678280000013, 0.0 ], [ 104.955868476000049, -5.330428006, 0.0 ], [ 104.955575512000053, -5.330358951999971, 0.0 ], [ 104.955386593000057, -5.33031206299991, 0.0 ], [ 104.955134425000054, -5.330367005999927, 0.0 ], [ 104.954947593000057, -5.330497030999938, 0.0 ], [ 104.954623041000019, -5.330792703999977, 0.0 ], [ 104.954316457000061, -5.331152984999944, 0.0 ], [ 104.954007864000104, -5.331456650999934, 0.0 ], [ 104.953882316000019, -5.331628398999934, 0.0 ], [ 104.953634884000067, -5.332203789999935, 0.0 ], [ 104.953552155000054, -5.332360138999904, 0.0 ], [ 104.953384956000079, -5.332541845000017, 0.0 ], [ 104.953165097000095, -5.332724409999935, 0.0 ], [ 104.952861076000076, -5.332875466, 0.0 ], [ 104.952593635000071, -5.332934961999948, 0.0 ], [ 104.952317053000101, -5.332946385999916, 0.0 ], [ 104.952037773000086, -5.332868464999953, 0.0 ], [ 104.951779500000029, -5.332644113999953, 0.0 ], [ 104.951526980000011, -5.332175971999943, 0.0 ], [ 104.951366120000017, -5.331793294999988, 0.0 ], [ 104.951279789000068, -5.331481191000011, 0.0 ], [ 104.951259704000094, -5.331144559999958, 0.0 ], [ 104.951322998000094, -5.330789555999983, 0.0 ], [ 104.951360443000084, -5.330351314999961, 0.0 ], [ 104.951412302000023, -5.329844470999946, 0.0 ], [ 104.951425873000076, -5.329494052, 0.0 ], [ 104.951367063000092, -5.329201145999919, 0.0 ], [ 104.951272267000064, -5.328938887999891, 0.0 ], [ 104.951112002000045, -5.328717317999944, 0.0 ], [ 104.950804136000059, -5.328469103999923, 0.0 ], [ 104.950275905000055, -5.328136726999956, 0.0 ], [ 104.949822858000047, -5.32791636099993, 0.0 ], [ 104.949520359000061, -5.327823643999986, 0.0 ], [ 104.949044498000035, -5.32779625299994, 0.0 ], [ 104.948679778000056, -5.32772206199993, 0.0 ], [ 104.948007299000025, -5.327679380999951, 0.0 ], [ 104.94772921900001, -5.327750396999965, 0.0 ], [ 104.947268272000073, -5.327981750999923, 0.0 ], [ 104.945979826000041, -5.328534406999909, 0.0 ], [ 104.945347078000097, -5.328810750999947, 0.0 ], [ 104.944348291000054, -5.329185501999957, 0.0 ], [ 104.943961782000045, -5.32938685999992, 0.0 ], [ 104.943137880000094, -5.329897528999895, 0.0 ], [ 104.942170278000049, -5.33060666599995, 0.0 ], [ 104.941700878000034, -5.330944224, 0.0 ], [ 104.941336989000035, -5.331268532, 0.0 ], [ 104.941125049000078, -5.331484739999949, 0.0 ], [ 104.941073112000041, -5.331706516999914, 0.0 ], [ 104.94105668600011, -5.33217235599991, 0.0 ], [ 104.941084349000093, -5.332817364999899, 0.0 ], [ 104.941117557000084, -5.333055011999933, 0.0 ], [ 104.94117842100006, -5.33334051099993, 0.0 ], [ 104.941516389000043, -5.333940696999941, 0.0 ], [ 104.941605097, -5.334302113, 0.0 ], [ 104.941677019000096, -5.33494328899994, 0.0 ], [ 104.941671403000072, -5.335667882999941, 0.0 ], [ 104.941646453000061, -5.335871297999985, 0.0 ], [ 104.941560618000054, -5.336223303999889, 0.0 ], [ 104.941386213000015, -5.336583615999947, 0.0 ], [ 104.941269469000034, -5.336720426999898, 0.0 ], [ 104.941086785000024, -5.336809105999953, 0.0 ], [ 104.94080446800011, -5.336836798000023, 0.0 ], [ 104.940606562000085, -5.336794862999929, 0.0 ], [ 104.940462646000071, -5.336686750999954, 0.0 ], [ 104.940041466000039, -5.336055613999958, 0.0 ], [ 104.939743604000085, -5.335738620999932, 0.0 ], [ 104.939560541000034, -5.335598764999906, 0.0 ], [ 104.939292728000083, -5.335485889999982, 0.0 ], [ 104.939063118, -5.33537362899993, 0.0 ], [ 104.938612110000079, -5.335061508999951, 0.0 ], [ 104.938311131000049, -5.334854487999964, 0.0 ], [ 104.938037819000087, -5.33441098499995, 0.0 ], [ 104.937947473000065, -5.334270083999927, 0.0 ], [ 104.937726130000044, -5.333519987999948, 0.0 ], [ 104.937567306000048, -5.333124172999971, 0.0 ], [ 104.937384186000088, -5.332847667999919, 0.0 ], [ 104.937183958000048, -5.332732213999959, 0.0 ], [ 104.936882117000025, -5.332687429999984, 0.0 ], [ 104.936384818000093, -5.33265385899996, 0.0 ], [ 104.935605374, -5.33282617, 0.0 ], [ 104.9345654480001, -5.333022912999942, 0.0 ], [ 104.933786011000095, -5.333132967999989, 0.0 ], [ 104.933365209, -5.333199963999936, 0.0 ], [ 104.933035248000053, -5.333377108999938, 0.0 ], [ 104.9329004290001, -5.333486880999962, 0.0 ], [ 104.932836725000058, -5.333735235999905, 0.0 ], [ 104.932813230000079, -5.333980345999935, 0.0 ], [ 104.932702609000074, -5.334198487999954, 0.0 ], [ 104.932426822000082, -5.334415195999943, 0.0 ], [ 104.932131887000097, -5.334525919999956, 0.0 ], [ 104.93151066800003, -5.334744441999918, 0.0 ], [ 104.930977778000084, -5.334888700999953, 0.0 ], [ 104.930585655000058, -5.33496249399993, 0.0 ], [ 104.930381218000022, -5.334959114999917, 0.0 ], [ 104.930139925000034, -5.334885250999934, 0.0 ], [ 104.929692645000074, -5.334525089999977, 0.0 ], [ 104.929330730000061, -5.334196136999937, 0.0 ], [ 104.928682752000086, -5.333651054999956, 0.0 ], [ 104.928047254, -5.333134340999925, 0.0 ], [ 104.927449288000076, -5.33259469899995, 0.0 ], [ 104.926994688000036, -5.33227481199995, 0.0 ], [ 104.926805936000051, -5.332235997999936, 0.0 ], [ 104.926743183000013, -5.332228597999945, 0.0 ], [ 104.926589989000036, -5.332263698, 0.0 ], [ 104.926352081000076, -5.33242484899993, 0.0 ], [ 104.926167890000016, -5.332673493999986, 0.0 ], [ 104.926066482000067, -5.332812319999926, 0.0 ], [ 104.925918671, -5.332870797999968, 0.0 ], [ 104.925740714000113, -5.332893571999898, 0.0 ], [ 104.925554486000067, -5.332874898999952, 0.0 ], [ 104.925430352, -5.332711178, 0.0 ], [ 104.925372440000018, -5.332483226999964, 0.0 ], [ 104.925346118000064, -5.332088436999895, 0.0 ], [ 104.925399514000034, -5.331767838999925, 0.0 ], [ 104.925518138000086, -5.331536765999902, 0.0 ], [ 104.925750152, -5.331316088999939, 0.0 ], [ 104.926354083000064, -5.330923996999916, 0.0 ], [ 104.926464899000081, -5.330827646999937, 0.0 ], [ 104.926572803000042, -5.330669975999948, 0.0 ], [ 104.926616788000032, -5.330423296999966, 0.0 ], [ 104.926625556000047, -5.330251012999922, 0.0 ], [ 104.926599331, -5.330102085999945, 0.0 ], [ 104.926473978000033, -5.329865545, 0.0 ], [ 104.92634569600007, -5.32973704699994, 0.0 ], [ 104.926086799000061, -5.329696445999955, 0.0 ], [ 104.925790180000035, -5.329699294999925, 0.0 ], [ 104.925461876000043, -5.329762701999931, 0.0 ], [ 104.925018378000033, -5.329834746999941, 0.0 ], [ 104.924245504000027, -5.329869990999926, 0.0 ], [ 104.923698426000058, -5.329939381999983, 0.0 ], [ 104.923393990000093, -5.329985074999945, 0.0 ], [ 104.922761735, -5.330209568999956, 0.0 ], [ 104.92260529900004, -5.330249425999968, 0.0 ], [ 104.922283907000093, -5.330240840999968, 0.0 ], [ 104.922053532000035, -5.330200934999953, 0.0 ], [ 104.921770115000029, -5.330093051999908, 0.0 ], [ 104.921611449000054, -5.330021413999932, 0.0 ], [ 104.92140137800007, -5.329981100999971, 0.0 ], [ 104.921202472000047, -5.329996741999933, 0.0 ], [ 104.92070720400001, -5.330115765999922, 0.0 ], [ 104.920485943000088, -5.330187355999984, 0.0 ], [ 104.920318309000081, -5.330332809999939, 0.0 ], [ 104.920242301000101, -5.330518562999943, 0.0 ], [ 104.920246853000023, -5.330855684999948, 0.0 ], [ 104.920277710000093, -5.331167941999938, 0.0 ], [ 104.920415381000026, -5.331604785999934, 0.0 ], [ 104.920482897000014, -5.332022251999925, 0.0 ], [ 104.920487747000067, -5.332453165999963, 0.0 ], [ 104.920459470000125, -5.332704202999951, 0.0 ], [ 104.920328801000053, -5.332955226999937, 0.0 ], [ 104.920212045000085, -5.33310602299998, 0.0 ], [ 104.920113177000076, -5.333180260999905, 0.0 ], [ 104.919809812000011, -5.333325975999971, 0.0 ], [ 104.919410328000097, -5.333332028999939, 0.0 ], [ 104.919021464000068, -5.333280056, 0.0 ], [ 104.918265205000111, -5.333163948999887, 0.0 ], [ 104.917957199000028, -5.333209699999943, 0.0 ], [ 104.917841306000028, -5.333292110999922, 0.0 ], [ 104.917701005000055, -5.333478311999963, 0.0 ], [ 104.917499314000068, -5.333801482999968, 0.0 ], [ 104.917374237000018, -5.334158642999943, 0.0 ], [ 104.917255047000111, -5.334544883999927, 0.0 ], [ 104.917099475000029, -5.334908146999963, 0.0 ], [ 104.916983412000022, -5.335226868999955, 0.0 ], [ 104.916809548000018, -5.33553823099996, 0.0 ], [ 104.916635670000019, -5.335956441999924, 0.0 ], [ 104.916407831000086, -5.336345517999964, 0.0 ], [ 104.916263779000076, -5.336578630999979, 0.0 ], [ 104.916199400000067, -5.336808688, 0.0 ], [ 104.916199376000066, -5.336986605999895, 0.0 ], [ 104.916217659000068, -5.337328481999938, 0.0 ], [ 104.916343249000079, -5.337653658999931, 0.0 ], [ 104.916514806000052, -5.337954301999938, 0.0 ], [ 104.916762972000072, -5.338230414999957, 0.0 ], [ 104.917094207000034, -5.338733831999955, 0.0 ], [ 104.917149318000071, -5.339065133999922, 0.0 ], [ 104.916977681000077, -5.339365730999925, 0.0 ], [ 104.916662043000073, -5.339509861999948, 0.0 ], [ 104.916367876000066, -5.33949448499992, 0.0 ], [ 104.915932009000059, -5.339305835999943, 0.0 ], [ 104.915610301000086, -5.339035848999986, 0.0 ], [ 104.915386633000054, -5.338867102999968, 0.0 ], [ 104.915205849000117, -5.338824131999965, 0.0 ], [ 104.914985207000058, -5.338934533999952, 0.0 ], [ 104.914819710000046, -5.339143103999978, 0.0 ], [ 104.914607746000101, -5.339520417999934, 0.0 ], [ 104.914420775000082, -5.339882362999949, 0.0 ], [ 104.914144882000073, -5.340278133000011, 0.0 ], [ 104.913765196000014, -5.340592604999918, 0.0 ], [ 104.913343861000058, -5.340783053999955, 0.0 ], [ 104.913012799000029, -5.340918020999931, 0.0 ], [ 104.912482417000021, -5.340975216999956, 0.0 ], [ 104.91227393200009, -5.340961375999965, 0.0 ], [ 104.911995853000079, -5.34090978299996, 0.0 ], [ 104.911781350000098, -5.340760591999961, 0.0 ], [ 104.911427017000094, -5.340230350999965, 0.0 ], [ 104.911196110000077, -5.339839651999968, 0.0 ], [ 104.910637357000027, -5.33940182199998, 0.0 ], [ 104.91035861400006, -5.339369889999913, 0.0 ], [ 104.910107731, -5.339433635999947, 0.0 ], [ 104.909860827000088, -5.339525286999981, 0.0 ], [ 104.909707365000088, -5.339517199999934, 0.0 ], [ 104.909530561000025, -5.339272592999945, 0.0 ], [ 104.909394905000084, -5.339089589, 0.0 ], [ 104.909341027000067, -5.338935436999938, 0.0 ], [ 104.909303574000077, -5.338730165999918, 0.0 ], [ 104.909263389000031, -5.338316489999974, 0.0 ], [ 104.909208095000082, -5.338032538999927, 0.0 ], [ 104.909130202000114, -5.337798005999973, 0.0 ], [ 104.90902197000004, -5.337595048999967, 0.0 ], [ 104.90891679800005, -5.337446182, 0.0 ], [ 104.90880322200006, -5.337368256999943, 0.0 ], [ 104.908576701000058, -5.337286316, 0.0 ], [ 104.908399468000056, -5.337268422999943, 0.0 ], [ 104.908244525000029, -5.337270100999904, 0.0 ], [ 104.908041178000076, -5.337209240999931, 0.0 ], [ 104.907915839000097, -5.337087275999965, 0.0 ], [ 104.907846594000048, -5.336915888, 0.0 ], [ 104.907272519000074, -5.33650814799992, 0.0 ], [ 104.906820619000072, -5.336303981, 0.0 ], [ 104.90631368300005, -5.336214794999895, 0.0 ], [ 104.9059632660001, -5.336621472999971, 0.0 ], [ 104.905766202000052, -5.336795579999988, 0.0 ], [ 104.905553742000052, -5.336955154999957, 0.0 ], [ 104.905395237000079, -5.337052135999988, 0.0 ], [ 104.905127839000073, -5.337205278999958, 0.0 ], [ 104.904993070000032, -5.337318375999901, 0.0 ], [ 104.904817241000046, -5.337501359999942, 0.0 ], [ 104.904563163000077, -5.337894608999973, 0.0 ], [ 104.904472695000052, -5.338098566999973, 0.0 ], [ 104.904432980000053, -5.338288337999954, 0.0 ], [ 104.904457485000123, -5.338475353999973, 0.0 ], [ 104.903988029000089, -5.338000392999932, 0.0 ], [ 104.903309577000087, -5.337305457999987, 0.0 ], [ 104.902794398000097, -5.336492133999927, 0.0 ], [ 104.902492179000049, -5.336061858999942, 0.0 ], [ 104.902378631000062, -5.335830764, 0.0 ], [ 104.902339623000032, -5.334572052999954, 0.0 ], [ 104.902254452000093, -5.333269342999904, 0.0 ], [ 104.902236407000018, -5.33211236099992, 0.0 ], [ 104.902278755000069, -5.331716136, 0.0 ], [ 104.902341495000101, -5.330831173999963, 0.0 ], [ 104.90230255200008, -5.330538059999958, 0.0 ], [ 104.902314780000026, -5.33014996399991, 0.0 ], [ 104.902399668000029, -5.328868839999958, 0.0 ], [ 104.902384173000087, -5.32868589, 0.0 ], [ 104.902391968000103, -5.328477910999942, 0.0 ], [ 104.902455402000029, -5.328229657999918, 0.0 ], [ 104.902497844000067, -5.327860140999986, 0.0 ], [ 104.902400369000091, -5.327513833999932, 0.0 ], [ 104.902380986000082, -5.327263350999901, 0.0 ], [ 104.902423387000042, -5.326976157999942, 0.0 ], [ 104.902441631000045, -5.326898487999911, 0.0 ], [ 104.902494402000059, -5.326673879999889, 0.0 ], [ 104.902521581000087, -5.326195748999941, 0.0 ], [ 104.902546761000039, -5.325918585999924, 0.0 ], [ 104.902485969000068, -5.325493633999935, 0.0 ], [ 104.902468904000074, -5.325081444999936, 0.0 ], [ 104.902383773000054, -5.324468212999912, 0.0 ], [ 104.902242250000057, -5.323641564999905, 0.0 ], [ 104.902251327000016, -5.323084788999934, 0.0 ], [ 104.901838010000105, -5.323078888999889, 0.0 ], [ 104.901518341000028, -5.322952258999981, 0.0 ], [ 104.901175690000102, -5.322625868999976, 0.0 ], [ 104.900988113000039, -5.322472336999974, 0.0 ], [ 104.900588732000116, -5.322184575999968, 0.0 ], [ 104.900642770000061, -5.321599418999957, 0.0 ], [ 104.900670464000129, -5.321295713999964, 0.0 ], [ 104.900626873000078, -5.320887257, 0.0 ], [ 104.900592986000021, -5.320420450999931, 0.0 ], [ 104.900544515, -5.320170017, 0.0 ], [ 104.900464508000056, -5.319982804999958, 0.0 ], [ 104.900340830000033, -5.319783417999892, 0.0 ], [ 104.90010579000004, -5.319513702999958, 0.0 ], [ 104.899990823000024, -5.31935973999992, 0.0 ], [ 104.899774763000011, -5.318984590999966, 0.0 ], [ 104.899481994000027, -5.318676616999975, 0.0 ], [ 104.899321935000017, -5.318538016999964, 0.0 ], [ 104.898872696000069, -5.318221929999924, 0.0 ], [ 104.898552326000114, -5.317827376999963, 0.0 ], [ 104.898399572000088, -5.317499478999922, 0.0 ], [ 104.89824924300008, -5.31713232799992, 0.0 ], [ 104.898160184000091, -5.316783895999956, 0.0 ], [ 104.898123862, -5.316425231999945, 0.0 ], [ 104.898116025000078, -5.316170823999945, 0.0 ], [ 104.898054406000128, -5.315919176, 0.0 ], [ 104.897752727000039, -5.315167806, 0.0 ], [ 104.897131986, -5.314608353999985, 0.0 ], [ 104.896036352000039, -5.313756747999955, 0.0 ], [ 104.895338117000094, -5.31239532800002, 0.0 ], [ 104.895498793000058, -5.311856896999968, 0.0 ], [ 104.895641502000061, -5.31147452499995, 0.0 ], [ 104.895748319000106, -5.311020425999947, 0.0 ], [ 104.895808379000101, -5.310713821999981, 0.0 ], [ 104.895899146000062, -5.310392278999933, 0.0 ], [ 104.895992209000028, -5.310152904999933, 0.0 ], [ 104.896043108000072, -5.309953727999885, 0.0 ], [ 104.896316435000031, -5.308611730999958, 0.0 ], [ 104.895825942000045, -5.306519044, 0.0 ], [ 104.89509817000004, -5.306383987999931, 0.0 ], [ 104.894265523000072, -5.30583126799994, 0.0 ], [ 104.893812422000067, -5.305103104, 0.0 ], [ 104.893638116000034, -5.304741355, 0.0 ], [ 104.893539157000106, -5.304577251999921, 0.0 ], [ 104.893534941000013, -5.304321325999974, 0.0 ], [ 104.89354166400004, -5.304113907999954, 0.0 ], [ 104.893595260000041, -5.303872347999951, 0.0 ], [ 104.89371874400004, -5.303646505, 0.0 ], [ 104.893841230000049, -5.30340348199997, 0.0 ], [ 104.893876770000062, -5.303197100999947, 0.0 ], [ 104.893851671000021, -5.303037778, 0.0 ], [ 104.893692392000077, -5.302846551999986, 0.0 ], [ 104.893493938000091, -5.302647485999946, 0.0 ], [ 104.893306518000131, -5.302517725999957, 0.0 ], [ 104.893155266000051, -5.302415317999921, 0.0 ], [ 104.893207018000069, -5.302135791999975, 0.0 ], [ 104.893378048, -5.301902927999981, 0.0 ], [ 104.893632274000083, -5.3016453989999, 0.0 ], [ 104.893859843000072, -5.301478177, 0.0 ], [ 104.894072498000085, -5.301392813999962, 0.0 ], [ 104.894100456000089, -5.301298592999983, 0.0 ], [ 104.894302949000064, -5.300864377999938, 0.0 ], [ 104.894376681000026, -5.300640222999954, 0.0 ], [ 104.894292864000107, -5.300378482999969, 0.0 ], [ 104.894104840000097, -5.300036484, 0.0 ], [ 104.893792869000038, -5.29983686399992, 0.0 ], [ 104.893442369000084, -5.29964388699994, 0.0 ], [ 104.893276241000109, -5.299346101, 0.0 ], [ 104.893189790000065, -5.299087743999932, 0.0 ], [ 104.893095392000063, -5.298748592000026, 0.0 ], [ 104.893002618000111, -5.298464859, 0.0 ], [ 104.893050595, -5.298047360999915, 0.0 ], [ 104.89321622300011, -5.297724410999928, 0.0 ], [ 104.893510643000056, -5.297323374999964, 0.0 ], [ 104.893717142000085, -5.297076024000015, 0.0 ], [ 104.893892593000032, -5.296834873999957, 0.0 ], [ 104.89409739700001, -5.296574676000011, 0.0 ], [ 104.894620589000056, -5.296187320999936, 0.0 ], [ 104.894643101000042, -5.295763157999923, 0.0 ], [ 104.894520884000059, -5.294411511, 0.0 ], [ 104.89443947900007, -5.293727953999928, 0.0 ], [ 104.894389517000022, -5.293394039999923, 0.0 ], [ 104.894824956, -5.292959881999971, 0.0 ], [ 104.895088385000037, -5.29311814200001, 0.0 ], [ 104.895759140000024, -5.292622160999917, 0.0 ], [ 104.896207737000097, -5.292932875999957, 0.0 ], [ 104.896448285000105, -5.292738189999925, 0.0 ], [ 104.897156777000106, -5.292206317999971, 0.0 ], [ 104.897974511000086, -5.291814340999958, 0.0 ], [ 104.898496492000021, -5.291008524999897, 0.0 ], [ 104.898810663000077, -5.290650026999989, 0.0 ], [ 104.899417061000079, -5.290286997999972, 0.0 ], [ 104.899555358000057, -5.290234305999965, 0.0 ], [ 104.899781961000073, -5.290147966999927, 0.0 ], [ 104.900103765000054, -5.290030789, 0.0 ], [ 104.900331743000081, -5.289911424999984, 0.0 ], [ 104.900795301000073, -5.289214084999928, 0.0 ], [ 104.900795472000084, -5.288140170999979, 0.0 ], [ 104.900928923000023, -5.287231142999905, 0.0 ], [ 104.900972639000088, -5.286837679999946, 0.0 ], [ 104.901068467000115, -5.286089908999982, 0.0 ], [ 104.901070380000093, -5.285923663999904, 0.0 ], [ 104.900957577000085, -5.285742479999923, 0.0 ], [ 104.9009030980001, -5.285671869999943, 0.0 ], [ 104.900479019000016, -5.285456222999953, 0.0 ], [ 104.900030372000103, -5.285137658999973, 0.0 ], [ 104.899832504000074, -5.285014413999901, 0.0 ], [ 104.899479849000031, -5.284794760999935, 0.0 ], [ 104.899314067000077, -5.284707426, 0.0 ], [ 104.899096669000031, -5.284592906999931, 0.0 ], [ 104.898786171000012, -5.284357012999953, 0.0 ], [ 104.898706465000075, -5.284296452, 0.0 ], [ 104.898246750000055, -5.283954128999925, 0.0 ], [ 104.897940220000095, -5.283743112999963, 0.0 ], [ 104.897684857000101, -5.283503645999955, 0.0 ], [ 104.897652088000058, -5.283228688999943, 0.0 ], [ 104.897683061000038, -5.282952865999947, 0.0 ], [ 104.897692777000046, -5.282866363999984, 0.0 ], [ 104.897700090000029, -5.282628442000016, 0.0 ], [ 104.897687998, -5.282398955999946, 0.0 ], [ 104.897632257000012, -5.282150963999944, 0.0 ], [ 104.897440905000082, -5.281757553, 0.0 ], [ 104.897244140000055, -5.281579891999945, 0.0 ], [ 104.897067097000061, -5.281494770999918, 0.0 ], [ 104.896817297000084, -5.281402337, 0.0 ], [ 104.896620965000096, -5.281387720999943, 0.0 ], [ 104.896269092000111, -5.281306361999961, 0.0 ], [ 104.896260124000079, -5.281305691999906, 0.0 ], [ 104.896211402000048, -5.28128129399993, 0.0 ], [ 104.896147570000011, -5.281212315999907, 0.0 ], [ 104.896119269000067, -5.281076498999949, 0.0 ], [ 104.896154626000055, -5.2810114939999, 0.0 ], [ 104.89632083500004, -5.280883653999981, 0.0 ], [ 104.896525287000088, -5.280787372, 0.0 ], [ 104.896614651000021, -5.280744891999957, 0.0 ], [ 104.896849235000062, -5.280644285999893, 0.0 ], [ 104.897012319000055, -5.280619709999902, 0.0 ], [ 104.897135181000095, -5.280655515999934, 0.0 ], [ 104.897264730000074, -5.280769602999959, 0.0 ], [ 104.897438956000101, -5.280915009, 0.0 ], [ 104.897660110000103, -5.280959775999973, 0.0 ], [ 104.897843302000069, -5.280921784999938, 0.0 ], [ 104.897961725000101, -5.280769717999968, 0.0 ], [ 104.898028779000043, -5.280555016999967, 0.0 ], [ 104.898125800000088, -5.280139959999909, 0.0 ], [ 104.898013364000107, -5.279587604999948, 0.0 ], [ 104.897850089000102, -5.279281141999904, 0.0 ], [ 104.897741636, -5.279187564999978, 0.0 ], [ 104.897466628000075, -5.279000337999941, 0.0 ], [ 104.897324466000043, -5.278952578999986, 0.0 ], [ 104.897321545000068, -5.278951597999905, 0.0 ], [ 104.896936216000071, -5.27861912899993, 0.0 ], [ 104.896597085000067, -5.278009218999914, 0.0 ], [ 104.896343629000057, -5.277988948000013, 0.0 ], [ 104.896062464000067, -5.27787117899995, 0.0 ], [ 104.896028078000072, -5.277775903999972, 0.0 ], [ 104.896022863000084, -5.277712224999943, 0.0 ], [ 104.895999216000078, -5.277616489999927, 0.0 ], [ 104.895408659000068, -5.277542616999943, 0.0 ], [ 104.894904449000094, -5.277585746999959, 0.0 ], [ 104.894839408000038, -5.277579294999958, 0.0 ], [ 104.894644428000063, -5.277636552999988, 0.0 ], [ 104.894346390000095, -5.277641806999979, 0.0 ], [ 104.893896320000081, -5.277665307999969, 0.0 ], [ 104.893713327000029, -5.277609381999961, 0.0 ], [ 104.893303609000057, -5.277090168999989, 0.0 ], [ 104.893041340000124, -5.276777121999933, 0.0 ], [ 104.893035327000064, -5.27647531, 0.0 ], [ 104.893007681000086, -5.276181500999945, 0.0 ], [ 104.892919817000106, -5.275806018999964, 0.0 ], [ 104.892745260000055, -5.275498307, 0.0 ], [ 104.892463461, -5.275408950999973, 0.0 ], [ 104.892230058000052, -5.275389514999963, 0.0 ], [ 104.89191447400006, -5.275388274999949, 0.0 ], [ 104.891508995000081, -5.275275005, 0.0 ], [ 104.891154177000033, -5.275509855999973, 0.0 ], [ 104.890494633000088, -5.275558083999966, 0.0 ], [ 104.89019196, -5.27546700399998, 0.0 ], [ 104.889672359000087, -5.275383466999907, 0.0 ], [ 104.889475611000051, -5.275385964999936, 0.0 ], [ 104.889208242000052, -5.275355574999908, 0.0 ], [ 104.888986212000063, -5.275224524, 0.0 ], [ 104.888908222000097, -5.274814466999901, 0.0 ], [ 104.888953669000031, -5.274566680999916, 0.0 ], [ 104.889052097, -5.274286039999966, 0.0 ], [ 104.889064741000084, -5.274081227999984, 0.0 ], [ 104.889016845000114, -5.273939624, 0.0 ], [ 104.888756069000024, -5.273830222, 0.0 ], [ 104.888400470000093, -5.273776756999927, 0.0 ], [ 104.888031613000038, -5.273678662999982, 0.0 ], [ 104.887813849000054, -5.273564934999987, 0.0 ], [ 104.887819686000086, -5.273217988999969, 0.0 ], [ 104.887940678000064, -5.272325627999942, 0.0 ], [ 104.887957446000115, -5.271755159999904, 0.0 ], [ 104.888064033000063, -5.271015779000011, 0.0 ], [ 104.888423511000042, -5.269923394999955, 0.0 ], [ 104.888542646000047, -5.269666924999962, 0.0 ], [ 104.888569131000011, -5.269376452, 0.0 ], [ 104.888737955000039, -5.268675533999913, 0.0 ], [ 104.888953421000011, -5.268234354, 0.0 ], [ 104.88943821900007, -5.267831141999947, 0.0 ], [ 104.889928956000091, -5.267194103999907, 0.0 ], [ 104.890059594000064, -5.266946477999936, 0.0 ], [ 104.890208255000104, -5.266693472999963, 0.0 ], [ 104.890317630000098, -5.266456218999961, 0.0 ], [ 104.890343877000049, -5.266175202999891, 0.0 ], [ 104.89032926200008, -5.265890125999929, 0.0 ], [ 104.890271294000073, -5.265653421999973, 0.0 ], [ 104.890208949000069, -5.265412194, 0.0 ], [ 104.889947212, -5.264838262999939, 0.0 ], [ 104.889796099000108, -5.264715085999962, 0.0 ], [ 104.889732822000028, -5.264542666, 0.0 ], [ 104.889715188000068, -5.264340237999944, 0.0 ], [ 104.88975985600004, -5.264104465999976, 0.0 ], [ 104.889908979000026, -5.263836325999906, 0.0 ], [ 104.890231005000032, -5.263303812999899, 0.0 ], [ 104.890410154000023, -5.262872143999976, 0.0 ], [ 104.890838306, -5.262448740999938, 0.0 ], [ 104.891156652000063, -5.262333748999927, 0.0 ], [ 104.891430786000086, -5.262209898999982, 0.0 ], [ 104.891859686000046, -5.261953326999981, 0.0 ], [ 104.892157825000112, -5.261621897999914, 0.0 ], [ 104.892271753000045, -5.261477919, 0.0 ], [ 104.892357835000055, -5.261331706999973, 0.0 ], [ 104.892458566000045, -5.261087276999911, 0.0 ], [ 104.892499321000045, -5.260916836000019, 0.0 ], [ 104.892475149000077, -5.26072234, 0.0 ], [ 104.89234839100007, -5.260372854999952, 0.0 ], [ 104.892210990000081, -5.26007834599992, 0.0 ], [ 104.892087064000037, -5.259657974999955, 0.0 ], [ 104.892046088000114, -5.259329207999931, 0.0 ], [ 104.892066567000114, -5.259314438999953, 0.0 ], [ 104.892347291000078, -5.258949441999951, 0.0 ], [ 104.892478416000088, -5.25869824399995, 0.0 ], [ 104.891914849000088, -5.25795566099997, 0.0 ], [ 104.891723072000033, -5.257685598, 0.0 ], [ 104.891590012000037, -5.257337591, 0.0 ], [ 104.891524135000083, -5.257018597999975, 0.0 ], [ 104.89150465700007, -5.256926695999921, 0.0 ], [ 104.89146492900008, -5.256689049999975, 0.0 ], [ 104.891385626000087, -5.256404567999974, 0.0 ], [ 104.891302101000107, -5.256166891999937, 0.0 ], [ 104.89128257200008, -5.255669456, 0.0 ], [ 104.891016439000097, -5.254920530999931, 0.0 ], [ 104.890772113000125, -5.254511231, 0.0 ], [ 104.890677567000026, -5.254303547999951, 0.0 ], [ 104.89060474300004, -5.254147082999973, 0.0 ], [ 104.890582160000037, -5.25396766399996, 0.0 ], [ 104.890590825000046, -5.253746370999947, 0.0 ], [ 104.890708106000076, -5.253418549999912, 0.0 ], [ 104.890760738000068, -5.253257820999936, 0.0 ], [ 104.890819139000115, -5.253048135, 0.0 ], [ 104.890864381000128, -5.252888149999903, 0.0 ], [ 104.890859644000088, -5.252844353999921, 0.0 ], [ 104.890833697000076, -5.252804787999933, 0.0 ], [ 104.890786585000086, -5.252759188999979, 0.0 ], [ 104.89070429500002, -5.252689844999926, 0.0 ], [ 104.890568904000105, -5.252563574999959, 0.0 ], [ 104.890433240000064, -5.25242523699997, 0.0 ], [ 104.890362199000052, -5.252338881999931, 0.0 ], [ 104.890284288, -5.252246162999898, 0.0 ], [ 104.890227528000096, -5.252172041999893, 0.0 ], [ 104.890168402000086, -5.251986265999976, 0.0 ], [ 104.890142942000026, -5.251911181999981, 0.0 ], [ 104.890085564000074, -5.251836550999935, 0.0 ], [ 104.890031737000058, -5.251780246999983, 0.0 ], [ 104.889965179000058, -5.251696721, 0.0 ], [ 104.889896942000107, -5.251480678999977, 0.0 ], [ 104.889834748000013, -5.251238509999924, 0.0 ], [ 104.889806505000081, -5.251134176999907, 0.0 ], [ 104.88976431500005, -5.250949421999985, 0.0 ], [ 104.889750609000075, -5.250873259999901, 0.0 ], [ 104.889745937000043, -5.250807191999941, 0.0 ], [ 104.88975909800007, -5.250727786999944, 0.0 ], [ 104.889786592000036, -5.25062362099994, 0.0 ], [ 104.889820435000075, -5.25056135499994, 0.0 ], [ 104.889937070000045, -5.250400500999953, 0.0 ], [ 104.89002746400007, -5.250291073999959, 0.0 ], [ 104.890112451000078, -5.250191456999977, 0.0 ], [ 104.890128971000109, -5.250171462999921, 0.0 ], [ 104.8901705870001, -5.250102725, 0.0 ], [ 104.890172787000012, -5.250091917999912, 0.0 ], [ 104.890177440000045, -5.250000008999946, 0.0 ], [ 104.89015544100009, -5.249568042, 0.0 ], [ 104.890013897000102, -5.249129644999963, 0.0 ], [ 104.889795109000019, -5.248665447999924, 0.0 ], [ 104.889602050000036, -5.248317295999895, 0.0 ], [ 104.889185913000063, -5.247797759999985, 0.0 ], [ 104.888889085000116, -5.247405487999947, 0.0 ], [ 104.888559429000011, -5.24704067499996, 0.0 ], [ 104.88824676200008, -5.246705087, 0.0 ], [ 104.888764945000048, -5.246349523999884, 0.0 ], [ 104.889263513000088, -5.246077021999985, 0.0 ], [ 104.889327015279179, -5.246057891375079, 0.0 ], [ 104.889709886000077, -5.246347777999917, 0.0 ], [ 104.898272079000193, -5.255613716999909, 0.0 ], [ 104.9004437520002, -5.25796388399994, 0.0 ], [ 104.900448611000158, -5.257969822999899, 0.0 ], [ 104.909086360000046, -5.268526890999871, 0.0 ], [ 104.910563997000096, -5.268772999999895, 0.0 ], [ 104.910604230000132, -5.268737048999851, 0.0 ], [ 104.910873997000166, -5.268495999999891, 0.0 ], [ 104.911204997000098, -5.268326, 0.0 ], [ 104.911477997000219, -5.268225999999844, 0.0 ], [ 104.911561490000025, -5.268209120999868, 0.0 ], [ 104.911848997000092, -5.268150999999856, 0.0 ], [ 104.911908373000031, -5.268143736999876, 0.0 ], [ 104.912314997000109, -5.268093999999847, 0.0 ], [ 104.913044997000199, -5.268053, 0.0 ], [ 104.915022004, -5.268050436999884, 0.0 ], [ 104.915358997000084, -5.26805, 0.0 ], [ 104.915394336000162, -5.268039279999849, 0.0 ], [ 104.91550932, -5.268004399999983, 0.0 ], [ 104.915836997000014, -5.267905, 0.0 ], [ 104.915910277000037, -5.267860677999904, 0.0 ], [ 104.916332997000026, -5.267604999999888, 0.0 ], [ 104.917851997000113, -5.26655399999988, 0.0 ], [ 104.917947984000151, -5.266494514999843, 0.0 ], [ 104.917993997000139, -5.266465999999882, 0.0 ], [ 104.918171997000215, -5.266390999999894, 0.0 ], [ 104.918295997000172, -5.266349999999877, 0.0 ], [ 104.918446344, -5.26632095599996, 0.0 ], [ 104.918471997000083, -5.266316, 0.0 ], [ 104.918927997000068, -5.266295, 0.0 ], [ 104.919372997000025, -5.266272, 0.0 ], [ 104.919676997000224, -5.266218, 0.0 ], [ 104.920091997, -5.266093, 0.0 ], [ 104.920911997, -5.265756, 0.0 ], [ 104.921211997000214, -5.265637999999852, 0.0 ], [ 104.921454419000199, -5.265567262999861, 0.0 ], [ 104.921540997000164, -5.265542, 0.0 ], [ 104.921753997000025, -5.265514, 0.0 ], [ 104.92198399700014, -5.265559999999882, 0.0 ], [ 104.922204997000037, -5.265712, 0.0 ], [ 104.922447997000162, -5.26592899999986, 0.0 ], [ 104.923178997000079, -5.266846999999876, 0.0 ], [ 104.923241666000109, -5.26689368599992, 0.0 ], [ 104.923327997000143, -5.266958, 0.0 ], [ 104.923454531000047, -5.266990169999909, 0.0 ], [ 104.923504997000222, -5.267003, 0.0 ], [ 104.923806997000071, -5.266985, 0.0 ], [ 104.923906862999985, -5.266961901999879, 0.0 ], [ 104.92392733700008, -5.266957165999932, 0.0 ], [ 104.923953997000154, -5.266951, 0.0 ], [ 104.92407199699997, -5.266904999999879, 0.0 ], [ 104.92506485000014, -5.266318490999934, 0.0 ], [ 104.925344997000238, -5.266153, 0.0 ], [ 104.925646997000086, -5.265971999999865, 0.0 ], [ 104.925710997000053, -5.265914, 0.0 ], [ 104.925755997000039, -5.265846, 0.0 ], [ 104.925857996999952, -5.265483999999899, 0.0 ], [ 104.925962997000212, -5.264918999999869, 0.0 ], [ 104.926013997000069, -5.264797, 0.0 ], [ 104.92609299700004, -5.264679, 0.0 ], [ 104.926272997000098, -5.264503, 0.0 ], [ 104.926653997000088, -5.264241999999898, 0.0 ], [ 104.927021996999983, -5.263954, 0.0 ], [ 104.927124997000163, -5.26384, 0.0 ], [ 104.927183997000071, -5.263715, 0.0 ], [ 104.927359997000153, -5.263213, 0.0 ], [ 104.927404997000153, -5.263112, 0.0 ], [ 104.927466997000039, -5.263037, 0.0 ], [ 104.927518351000018, -5.2630000419999, 0.0 ], [ 104.927705997000189, -5.262865, 0.0 ], [ 104.927901586000118, -5.26275278599987, 0.0 ], [ 104.928390997000108, -5.262472, 0.0 ], [ 104.928600997000075, -5.262333, 0.0 ], [ 104.928942997000121, -5.262051999999885, 0.0 ], [ 104.929890997000044, -5.261206, 0.0 ], [ 104.930236997000165, -5.260917, 0.0 ], [ 104.931604997000107, -5.259982999999847, 0.0 ], [ 104.931874997000065, -5.259815999999885, 0.0 ], [ 104.931912974000099, -5.25979649399987, 0.0 ], [ 104.932094997000064, -5.259703, 0.0 ], [ 104.932819572000071, -5.259397714999915, 0.0 ], [ 104.933041996999989, -5.259303999999888, 0.0 ], [ 104.93392199700007, -5.258961, 0.0 ], [ 104.934229153000075, -5.258861727999887, 0.0 ], [ 104.934809997000087, -5.258673999999898, 0.0 ], [ 104.934839837000069, -5.258667909999927, 0.0 ], [ 104.935005997000232, -5.258633999999875, 0.0 ], [ 104.93515099700015, -5.258632999999881, 0.0 ], [ 104.935399094000061, -5.258667910999838, 0.0 ], [ 104.936017997000121, -5.258755, 0.0 ], [ 104.936045685526523, -5.258756839516922, 0.0 ] ] ] ] } },
{ "type": "Feature", "properties": { "KDPPUM": null, "NAMOBJ": "ADILUWIH", "REMARK": "Wilayah Administrasi Kecamatan", "KDPBPS": null, "FCODE": null, "LUASWH": 0.0, "UUPP": null, "SRS_ID": null, "LCODE": "BA0080", "METADATA": null, "KDEBPS": null, "KDEPUM": null, "KDCBPS": null, "KDCPUM": null, "KDBBPS": null, "KDBPUM": null, "WADMKD": null, "WIADKD": null, "WADMKC": null, "WIADKC": null, "WADMKK": "PRINGSEWU", "WIADKK": null, "WADMPR": "LAMPUNG", "WIADPR": null, "TIPADM": 0, "Shape_Leng": 0.48295330085, "Shape_Area": 0.00530834432 }, "geometry": { "type": "MultiPolygon", "coordinates": [ [ [ [ 105.038578623726181, -5.215931234157102, 0.0 ], [ 105.038509774, -5.216053276999956, 0.0 ], [ 105.037911983, -5.216712082999932, 0.0 ], [ 105.037229508000209, -5.218916293999877, 0.0 ], [ 105.037184472000121, -5.219053579999867, 0.0 ], [ 105.036596992000099, -5.220844434999895, 0.0 ], [ 105.036178545000197, -5.221503227999959, 0.0 ], [ 105.035222069000014, -5.222581266999894, 0.0 ], [ 105.034265619000195, -5.224198296999928, 0.0 ], [ 105.033847219000123, -5.225815296999871, 0.0 ], [ 105.033608127000065, -5.226653740999877, 0.0 ], [ 105.033459376000096, -5.226884946999911, 0.0 ], [ 105.03241248, -5.227312572999944, 0.0 ], [ 105.031754870000199, -5.227552156999872, 0.0 ], [ 105.030977690000199, -5.227911523999852, 0.0 ], [ 105.030200482000197, -5.22761212199986, 0.0 ], [ 105.029722203000148, -5.227432479999917, 0.0 ], [ 105.029243951000097, -5.227911607999948, 0.0 ], [ 105.028586381000054, -5.229169285999914, 0.0 ], [ 105.027390758000152, -5.230606651999915, 0.0 ], [ 105.027211422999969, -5.231025876999874, 0.0 ], [ 105.027091874000206, -5.231445098999922, 0.0 ], [ 105.027450601000041, -5.231924185999949, 0.0 ], [ 105.027450625000043, -5.23246317899987, 0.0 ], [ 105.026912588000116, -5.233002194999971, 0.0 ], [ 105.026852822000052, -5.233481299999911, 0.0 ], [ 105.026255005000152, -5.234199982999867, 0.0 ], [ 105.026692186000091, -5.234672363999872, 0.0 ], [ 105.02736688000013, -5.236302708999853, 0.0 ], [ 105.027427333000077, -5.238700042999879, 0.0 ], [ 105.02727109300011, -5.238833940999944, 0.0 ], [ 105.027119494000189, -5.23897307199991, 0.0 ], [ 105.026972711000113, -5.23911727499994, 0.0 ], [ 105.026830913000111, -5.239266382999842, 0.0 ], [ 105.026694264999989, -5.239420223999959, 0.0 ], [ 105.026562924000046, -5.23957861999992, 0.0 ], [ 105.026437042000211, -5.239741387999887, 0.0 ], [ 105.026316765000018, -5.239908340999934, 0.0 ], [ 105.026202231000227, -5.240079283999867, 0.0 ], [ 105.026093573000125, -5.240254021999936, 0.0 ], [ 105.025990916000154, -5.240432350999859, 0.0 ], [ 105.025894380000153, -5.240614065999884, 0.0 ], [ 105.025804074000149, -5.240798956999905, 0.0 ], [ 105.025720105000033, -5.240986810999905, 0.0 ], [ 105.025642568000109, -5.241177408999866, 0.0 ], [ 105.025571554000095, -5.241370532999946, 0.0 ], [ 105.025507145000091, -5.241565957999862, 0.0 ], [ 105.025449414000107, -5.24176345999995, 0.0 ], [ 105.025398428000159, -5.241962809999924, 0.0 ], [ 105.025354248000141, -5.242163776999854, 0.0 ], [ 105.025316921999988, -5.242366128999899, 0.0 ], [ 105.02528649599995, -5.242569633999951, 0.0 ], [ 105.025263003000049, -5.2427740539999, 0.0 ], [ 105.025246471000102, -5.242979154999906, 0.0 ], [ 105.023240609000055, -5.244598565999871, 0.0 ], [ 105.023217021999969, -5.247357765999906, 0.0 ], [ 105.025271569999958, -5.250008325999923, 0.0 ], [ 105.025887869000059, -5.262491269999904, 0.0 ], [ 105.026321243999945, -5.262244336999901, 0.0 ], [ 105.026830196000134, -5.262850542999876, 0.0 ], [ 105.0276004790001, -5.263167401999892, 0.0 ], [ 105.028604581000224, -5.263153577999903, 0.0 ], [ 105.029788332000109, -5.262941901999886, 0.0 ], [ 105.030599006000131, -5.262698811999934, 0.0 ], [ 105.031363502000062, -5.26271642199997, 0.0 ], [ 105.032584658000118, -5.262946467999909, 0.0 ], [ 105.034276476000031, -5.262546815999881, 0.0 ], [ 105.035817016000223, -5.26261561899989, 0.0 ], [ 105.037082482000116, -5.263001327999918, 0.0 ], [ 105.038994458000133, -5.263896773999933, 0.0 ], [ 105.040431656000024, -5.265348681999894, 0.0 ], [ 105.042096094000073, -5.266864139999873, 0.0 ], [ 105.041076803000024, -5.267197035999883, 0.0 ], [ 105.038805621000137, -5.267671142999854, 0.0 ], [ 105.037890005000136, -5.267666853999854, 0.0 ], [ 105.037349776000113, -5.267824346999918, 0.0 ], [ 105.037223693000072, -5.267847521999881, 0.0 ], [ 105.035542685000081, -5.269738347999921, 0.0 ], [ 105.035506503000107, -5.269923992999827, 0.0 ], [ 105.035476686000123, -5.270110764999915, 0.0 ], [ 105.035453268000055, -5.2702984459999, 0.0 ], [ 105.03543627600007, -5.270486818999855, 0.0 ], [ 105.035425730000085, -5.270675661999848, 0.0 ], [ 105.035421644000095, -5.270864754999861, 0.0 ], [ 105.035424020000207, -5.271053876999877, 0.0 ], [ 105.035432857000146, -5.271242806999878, 0.0 ], [ 105.035448144000071, -5.271431325999844, 0.0 ], [ 105.035469864000092, -5.271619211999846, 0.0 ], [ 105.035497991000199, -5.271806245999867, 0.0 ], [ 105.03553249200003, -5.271992209999889, 0.0 ], [ 105.035573326000033, -5.272176885999892, 0.0 ], [ 105.035620447000113, -5.27236005899986, 0.0 ], [ 105.0356738, -5.272541515999864, 0.0 ], [ 105.035733321000038, -5.272721042999885, 0.0 ], [ 105.035798941000138, -5.272898431999907, 0.0 ], [ 105.035870585000026, -5.273073474999913, 0.0 ], [ 105.035948167000058, -5.273245967999886, 0.0 ], [ 105.036031598000122, -5.273415709999897, 0.0 ], [ 105.036120779000129, -5.273582500999842, 0.0 ], [ 105.036215608000063, -5.273746147999882, 0.0 ], [ 105.0363159730002, -5.273906459999912, 0.0 ], [ 105.03642175700007, -5.274063247999917, 0.0 ], [ 105.036532836000021, -5.274216330999883, 0.0 ], [ 105.036626528000141, -5.274291699, 0.0 ], [ 105.036722745000105, -5.274363814999917, 0.0 ], [ 105.036821376000191, -5.274432592999835, 0.0 ], [ 105.036922304000186, -5.274497952999914, 0.0 ], [ 105.037025411000101, -5.274559818999881, 0.0 ], [ 105.037130576000195, -5.274618116999909, 0.0 ], [ 105.037237676000174, -5.27467278, 0.0 ], [ 105.037346585000122, -5.274723743999855, 0.0 ], [ 105.037457176000117, -5.274770946999853, 0.0 ], [ 105.037569317999981, -5.27481433599989, 0.0 ], [ 105.037682879999963, -5.274853858999963, 0.0 ], [ 105.037797728999962, -5.27488946999989, 0.0 ], [ 105.037913730000056, -5.274921126999844, 0.0 ], [ 105.03803074700015, -5.274948792999913, 0.0 ], [ 105.038148643000042, -5.274972434999915, 0.0 ], [ 105.03826728, -5.274992026999938, 0.0 ], [ 105.038386518000195, -5.275007543999889, 0.0 ], [ 105.038506217000233, -5.275018967999857, 0.0 ], [ 105.038626237000216, -5.27502628699993, 0.0 ], [ 105.038746438000132, -5.275029490999929, 0.0 ], [ 105.038866678000133, -5.275028577999853, 0.0 ], [ 105.038986816000119, -5.275023546999881, 0.0 ], [ 105.039106711000088, -5.275014404999924, 0.0 ], [ 105.039226223000028, -5.275001161999894, 0.0 ], [ 105.039345211000111, -5.274983834999881, 0.0 ], [ 105.039463536000127, -5.274962441999888, 0.0 ], [ 105.039581059000085, -5.274937010999826, 0.0 ], [ 105.03969764200005, -5.274907569999877, 0.0 ], [ 105.039813149000096, -5.274874152999866, 0.0 ], [ 105.039927444000142, -5.274836800999884, 0.0 ], [ 105.04004039200008, -5.274795555999935, 0.0 ], [ 105.040151862000144, -5.274750467999846, 0.0 ], [ 105.040261722, -5.274701588999887, 0.0 ], [ 105.040369844000153, -5.274648976999886, 0.0 ], [ 105.040476101000067, -5.274592691999937, 0.0 ], [ 105.040580368000164, -5.274532801999955, 0.0 ], [ 105.040682523000086, -5.274469375999947, 0.0 ], [ 105.042388076000165, -5.272768511999905, 0.0 ], [ 105.0439878010001, -5.270190135999909, 0.0 ], [ 105.044856430906421, -5.269795957499403, 0.0 ], [ 105.044961953000055, -5.27039767599994, 0.0 ], [ 105.04470295800003, -5.270832408999938, 0.0 ], [ 105.044574932, -5.271299218999927, 0.0 ], [ 105.044525476000089, -5.27167557699998, 0.0 ], [ 105.044423650000013, -5.272162812999971, 0.0 ], [ 105.044202495, -5.272731738999971, 0.0 ], [ 105.044054081000084, -5.273061432999983, 0.0 ], [ 105.043896933000042, -5.273306514999922, 0.0 ], [ 105.043240859000022, -5.274094992999968, 0.0 ], [ 105.043110009000131, -5.274249626999973, 0.0 ], [ 105.042650190000089, -5.274751469999929, 0.0 ], [ 105.042177147000032, -5.275102471999928, 0.0 ], [ 105.04139716300007, -5.275429285999968, 0.0 ], [ 105.041079928000016, -5.275589774999924, 0.0 ], [ 105.040707395000112, -5.275703576999925, 0.0 ], [ 105.040308668000065, -5.275753205999946, 0.0 ], [ 105.039805156000057, -5.275832005999982, 0.0 ], [ 105.039338822000019, -5.275980217999988, 0.0 ], [ 105.038509367000046, -5.276388721999949, 0.0 ], [ 105.038096086000053, -5.276496699999912, 0.0 ], [ 105.036655108000019, -5.276525960999935, 0.0 ], [ 105.036906857000062, -5.279943336999983, 0.0 ], [ 105.036541402000111, -5.284153941999937, 0.0 ], [ 105.036055403000049, -5.283984454999947, 0.0 ], [ 105.035596938000126, -5.28376669499996, 0.0 ], [ 105.035201977000042, -5.283640074999964, 0.0 ], [ 105.034940030000129, -5.283615772, 0.0 ], [ 105.034006917000013, -5.28314909499993, 0.0 ], [ 105.033444194000083, -5.282675031999963, 0.0 ], [ 105.032510382000098, -5.282252038999959, 0.0 ], [ 105.031443549000116, -5.28188337499992, 0.0 ], [ 105.029976134000023, -5.281718582999963, 0.0 ], [ 105.029493480000056, -5.281708799999953, 0.0 ], [ 105.028029932000024, -5.281678995999885, 0.0 ], [ 105.026395018000102, -5.281946093999958, 0.0 ], [ 105.025203168000075, -5.282020949999934, 0.0 ], [ 105.024211536000095, -5.2819410989999, 0.0 ], [ 105.0237091770001, -5.281907075999927, 0.0 ], [ 105.02280692000005, -5.28185119300001, 0.0 ], [ 105.022450386000045, -5.281870655999933, 0.0 ], [ 105.022040014000098, -5.281993694999899, 0.0 ], [ 105.021658985000016, -5.28219397199995, 0.0 ], [ 105.021322901000104, -5.28248595199995, 0.0 ], [ 105.021091357000032, -5.282645576999924, 0.0 ], [ 105.020159239000094, -5.283262997999939, 0.0 ], [ 105.01918811400013, -5.283875678999918, 0.0 ], [ 105.018168118000105, -5.284524300999939, 0.0 ], [ 105.017660848000062, -5.284821096999982, 0.0 ], [ 105.017018120000074, -5.284971847999932, 0.0 ], [ 105.016313895000081, -5.285052371999933, 0.0 ], [ 105.015727235000028, -5.285092454999964, 0.0 ], [ 105.015147942000056, -5.285252783, 0.0 ], [ 105.014762306000037, -5.285481334999899, 0.0 ], [ 105.014233575000077, -5.285882497999962, 0.0 ], [ 105.013867435000066, -5.286222592999946, 0.0 ], [ 105.013371782, -5.286764166, 0.0 ], [ 105.01305134100005, -5.287037151999931, 0.0 ], [ 105.012636916000048, -5.287343259999945, 0.0 ], [ 105.012181668000039, -5.287586049999961, 0.0 ], [ 105.012215183000052, -5.286044644999967, 0.0 ], [ 105.007853787000059, -5.286055155999948, 0.0 ], [ 105.007987647000036, -5.283475288, 0.0 ], [ 105.007913647000038, -5.280912085999935, 0.0 ], [ 105.007748855000074, -5.279527677999964, 0.0 ], [ 105.007552860000033, -5.279181748999941, 0.0 ], [ 105.007285770000038, -5.279079390999909, 0.0 ], [ 105.006608253000124, -5.279058636999968, 0.0 ], [ 105.005931349000065, -5.278974528999937, 0.0 ], [ 105.005394465000052, -5.278918571999926, 0.0 ], [ 105.004639354000105, -5.278923335999965, 0.0 ], [ 105.003303696000074, -5.278852708999983, 0.0 ], [ 105.002904613000098, -5.278968307999955, 0.0 ], [ 105.002815910000038, -5.279270589999919, 0.0 ], [ 105.00290423800007, -5.279913029999962, 0.0 ], [ 105.003045885000063, -5.280495137999898, 0.0 ], [ 105.002532718000055, -5.280725880999983, 0.0 ], [ 105.002180048000099, -5.280954506999892, 0.0 ], [ 105.002061787000088, -5.281087871999913, 0.0 ], [ 105.001580297000032, -5.281627679999902, 0.0 ], [ 105.001035452000082, -5.281900759999937, 0.0 ], [ 105.000518060000076, -5.282059527999929, 0.0 ], [ 104.99999999900011, -5.28230704899998, 0.0 ], [ 104.999831289000014, -5.282387654999988, 0.0 ], [ 104.999334364000021, -5.282617753999931, 0.0 ], [ 104.998708798000038, -5.28313609299992, 0.0 ], [ 104.998366477000047, -5.283415141, 0.0 ], [ 104.998018360000017, -5.283838916999985, 0.0 ], [ 104.997440136000051, -5.284526840999971, 0.0 ], [ 104.996845008, -5.284946090999933, 0.0 ], [ 104.995495294000065, -5.285118780999921, 0.0 ], [ 104.994493886000086, -5.285166818999899, 0.0 ], [ 104.994014621000034, -5.285209795, 0.0 ], [ 104.993484906000091, -5.285217379999908, 0.0 ], [ 104.993051046000076, -5.285189557, 0.0 ], [ 104.992649974000102, -5.285002442999977, 0.0 ], [ 104.992286744000069, -5.284795100999963, 0.0 ], [ 104.991873065000036, -5.284605461999904, 0.0 ], [ 104.99147704800005, -5.284415813999933, 0.0 ], [ 104.99100283100006, -5.284223639999931, 0.0 ], [ 104.990484267000056, -5.283986766999961, 0.0 ], [ 104.990026899000057, -5.283844176999976, 0.0 ], [ 104.989217783000072, -5.283528248999948, 0.0 ], [ 104.988650566000032, -5.283322013999937, 0.0 ], [ 104.988146026000038, -5.283189789999922, 0.0 ], [ 104.98746497100008, -5.283027951999943, 0.0 ], [ 104.986806623000064, -5.282818066999896, 0.0 ], [ 104.986147264000039, -5.282639744999885, 0.0 ], [ 104.986043442000067, -5.282249167999987, 0.0 ], [ 104.985891713000029, -5.282025487999954, 0.0 ], [ 104.985739875000078, -5.28183746199994, 0.0 ], [ 104.985496555000026, -5.281144761999913, 0.0 ], [ 104.985520620000059, -5.280549273999936, 0.0 ], [ 104.985941283000045, -5.280187955999972, 0.0 ], [ 104.988065146000096, -5.280331332999934, 0.0 ], [ 104.988059335000059, -5.279855339999896, 0.0 ], [ 104.988070688000022, -5.278878937999933, 0.0 ], [ 104.988189844000019, -5.277366357999925, 0.0 ], [ 104.988669993000045, -5.275589624999911, 0.0 ], [ 104.988978941000113, -5.274797516, 0.0 ], [ 104.989253307000084, -5.273943525999959, 0.0 ], [ 104.989327284000069, -5.273301078, 0.0 ], [ 104.98936307000011, -5.272599355999942, 0.0 ], [ 104.98931977000008, -5.271531863, 0.0 ], [ 104.989236683000044, -5.269293625999984, 0.0 ], [ 104.98795187100005, -5.269400471999942, 0.0 ], [ 104.985517769000083, -5.269600963999922, 0.0 ], [ 104.984190908000087, -5.26978020699992, 0.0 ], [ 104.983781028000095, -5.269777309999947, 0.0 ], [ 104.983437775000112, -5.269788655, 0.0 ], [ 104.983382276000057, -5.269715411999888, 0.0 ], [ 104.983371902000087, -5.269521346, 0.0 ], [ 104.983398720000082, -5.269318133999969, 0.0 ], [ 104.983423482, -5.269050329000015, 0.0 ], [ 104.98334644400002, -5.26883112, 0.0 ], [ 104.983171627000033, -5.268550156999931, 0.0 ], [ 104.983129337, -5.268517623, 0.0 ], [ 104.982530881000045, -5.268483538999925, 0.0 ], [ 104.982104901000056, -5.26847846999995, 0.0 ], [ 104.981716454000065, -5.268473400999975, 0.0 ], [ 104.981212834000061, -5.268521323999943, 0.0 ], [ 104.980625108000098, -5.26871868399993, 0.0 ], [ 104.98014370900006, -5.268966253999986, 0.0 ], [ 104.979634175000086, -5.269350570999988, 0.0 ], [ 104.978968252000058, -5.269765224999924, 0.0 ], [ 104.978511994000058, -5.270003802999947, 0.0 ], [ 104.977886839000107, -5.270251420999918, 0.0 ], [ 104.977303608000085, -5.270382981999967, 0.0 ], [ 104.976182805000064, -5.270512278999918, 0.0 ], [ 104.975645102000072, -5.270653980999919, 0.0 ], [ 104.975228191000042, -5.270870276999963, 0.0 ], [ 104.973427059000059, -5.271291681000013, 0.0 ], [ 104.971849211000062, -5.271590707999975, 0.0 ], [ 104.9708792590001, -5.271945667999946, 0.0 ], [ 104.970248177000116, -5.272087868999987, 0.0 ], [ 104.969844238000078, -5.272166282999903, 0.0 ], [ 104.969175336000077, -5.272383873999965, 0.0 ], [ 104.968635535, -5.272548204999973, 0.0 ], [ 104.968199155000036, -5.272732758999966, 0.0 ], [ 104.967520610000022, -5.273031087999959, 0.0 ], [ 104.966986860000091, -5.273259186999914, 0.0 ], [ 104.966451146000097, -5.273433828999975, 0.0 ], [ 104.965670881, -5.273573256999965, 0.0 ], [ 104.965161277000036, -5.273695483999953, 0.0 ], [ 104.964735038000029, -5.273754496999951, 0.0 ], [ 104.964346072000083, -5.273932176, 0.0 ], [ 104.963932155000037, -5.274245543, 0.0 ], [ 104.963508098000034, -5.274458590999943, 0.0 ], [ 104.962629687000089, -5.274627039999936, 0.0 ], [ 104.961689632000031, -5.274720686999958, 0.0 ], [ 104.961238826000027, -5.274780130999902, 0.0 ], [ 104.960751990000077, -5.274886297999982, 0.0 ], [ 104.960214703000119, -5.275182094999943, 0.0 ], [ 104.959882627000084, -5.275507395999947, 0.0 ], [ 104.959634320000063, -5.275937479999916, 0.0 ], [ 104.959283669000087, -5.276427988, 0.0 ], [ 104.958940575000028, -5.277115719999971, 0.0 ], [ 104.958742896000018, -5.277547370999981, 0.0 ], [ 104.958573211000015, -5.277972782999919, 0.0 ], [ 104.958356260000087, -5.278326759999986, 0.0 ], [ 104.957993009000063, -5.278665554999952, 0.0 ], [ 104.957552856000049, -5.278879991999931, 0.0 ], [ 104.957194987000022, -5.279029, 0.0 ], [ 104.956835354000106, -5.279173941999916, 0.0 ], [ 104.956660218000096, -5.27924388099993, 0.0 ], [ 104.956092665000114, -5.279418312999974, 0.0 ], [ 104.95548475, -5.279499181999915, 0.0 ], [ 104.954988032000117, -5.279549716999922, 0.0 ], [ 104.95447850000005, -5.279577489, 0.0 ], [ 104.953462363000085, -5.279602679999952, 0.0 ], [ 104.952890512000025, -5.279544955999972, 0.0 ], [ 104.952051100000034, -5.279184631999913, 0.0 ], [ 104.951736899000053, -5.279003241999915, 0.0 ], [ 104.951230839000104, -5.278837659999981, 0.0 ], [ 104.950622937000077, -5.278754166999912, 0.0 ], [ 104.950000276000068, -5.278723774999973, 0.0 ], [ 104.949654705000086, -5.278769259999917, 0.0 ], [ 104.94917794400007, -5.279001843999977, 0.0 ], [ 104.948697058000064, -5.279235747999968, 0.0 ], [ 104.948015256000062, -5.279653342999969, 0.0 ], [ 104.947467630000048, -5.280639948999978, 0.0 ], [ 104.947280923000051, -5.281208851999976, 0.0 ], [ 104.947123788000013, -5.28167620099992, 0.0 ], [ 104.946981019000106, -5.281955011999985, 0.0 ], [ 104.946678567000035, -5.282109120999946, 0.0 ], [ 104.945876866000049, -5.282101868999968, 0.0 ], [ 104.94544353100008, -5.282101830999965, 0.0 ], [ 104.943890749000033, -5.282091578999916, 0.0 ], [ 104.942614408000026, -5.281972626999933, 0.0 ], [ 104.941898041000087, -5.281924513999948, 0.0 ], [ 104.941340208000028, -5.281838039999988, 0.0 ], [ 104.940790278000094, -5.28178044299993, 0.0 ], [ 104.94025552800008, -5.28171465, 0.0 ], [ 104.939657135000033, -5.281653880999938, 0.0 ], [ 104.939048878000065, -5.28159308299997, 0.0 ], [ 104.939109723000044, -5.281508340999975, 0.0 ], [ 104.939418298000078, -5.280254912, 0.0 ], [ 104.939524956000113, -5.27873554499997, 0.0 ], [ 104.939374065000067, -5.27745645799992, 0.0 ], [ 104.939217488000082, -5.276224963999899, 0.0 ], [ 104.93891554700005, -5.275036381999966, 0.0 ], [ 104.938873142, -5.274640673, 0.0 ], [ 104.938824925000105, -5.273238825999917, 0.0 ], [ 104.938380323000089, -5.271143793999945, 0.0 ], [ 104.937963047000025, -5.270180529999914, 0.0 ], [ 104.937959071000051, -5.269959468, 0.0 ], [ 104.937909607000037, -5.269155605999932, 0.0 ], [ 104.938022834, -5.268183112999937, 0.0 ], [ 104.938167306000054, -5.267390651, 0.0 ], [ 104.938461608000068, -5.266377466999929, 0.0 ], [ 104.938575368000059, -5.265867253, 0.0 ], [ 104.938569964000052, -5.265755074999946, 0.0 ], [ 104.93840759900003, -5.264971628999961, 0.0 ], [ 104.938332981000073, -5.264592922999979, 0.0 ], [ 104.938578598000063, -5.26472699099997, 0.0 ], [ 104.939091748000067, -5.26464623999995, 0.0 ], [ 104.940942205000056, -5.264649538999956, 0.0 ], [ 104.94200031900003, -5.264672284999973, 0.0 ], [ 104.942873953000102, -5.264594974999971, 0.0 ], [ 104.94446617100003, -5.264553978999954, 0.0 ], [ 104.945420460000037, -5.264688269999963, 0.0 ], [ 104.946430288000016, -5.263954361999902, 0.0 ], [ 104.947511395000021, -5.263787178000014, 0.0 ], [ 104.949679981000131, -5.263202819999981, 0.0 ], [ 104.950542864000028, -5.262608186999985, 0.0 ], [ 104.951659284000115, -5.262091073999921, 0.0 ], [ 104.952258736000061, -5.261765571999989, 0.0 ], [ 104.952903799000055, -5.261429792999918, 0.0 ], [ 104.953787414000075, -5.261188480999936, 0.0 ], [ 104.954560030000053, -5.260945203999968, 0.0 ], [ 104.95517639200007, -5.260730455999964, 0.0 ], [ 104.95537487100006, -5.260680035999966, 0.0 ], [ 104.956022217000069, -5.26042933, 0.0 ], [ 104.956762110000085, -5.26027407899995, 0.0 ], [ 104.957352651000093, -5.260208162, 0.0 ], [ 104.957872244000015, -5.260085326999965, 0.0 ], [ 104.958673564000051, -5.259976794999956, 0.0 ], [ 104.95914375600006, -5.259861192999983, 0.0 ], [ 104.959765221000055, -5.259548402999949, 0.0 ], [ 104.960422676000093, -5.259356567999975, 0.0 ], [ 104.961048724000108, -5.259343498999959, 0.0 ], [ 104.962177489000069, -5.259341306999955, 0.0 ], [ 104.962491336000099, -5.25928757099995, 0.0 ], [ 104.9631761240001, -5.258822148999988, 0.0 ], [ 104.963440953000074, -5.258560085999976, 0.0 ], [ 104.963953143000083, -5.258144716999981, 0.0 ], [ 104.964278233000073, -5.257955453999953, 0.0 ], [ 104.964780848, -5.257518335999935, 0.0 ], [ 104.96506405100007, -5.25724658400001, 0.0 ], [ 104.965332550000085, -5.257023347999924, 0.0 ], [ 104.965639146000058, -5.256706581999916, 0.0 ], [ 104.965879530000052, -5.256383298999902, 0.0 ], [ 104.966230427000127, -5.255714325999973, 0.0 ], [ 104.966442640000096, -5.255490452999924, 0.0 ], [ 104.966757467000036, -5.255295615999968, 0.0 ], [ 104.967047950000094, -5.255208957, 0.0 ], [ 104.967447840000048, -5.255057158999955, 0.0 ], [ 104.967816946000127, -5.254917444999942, 0.0 ], [ 104.968009198000047, -5.254825215999949, 0.0 ], [ 104.968209570000099, -5.254587591, 0.0 ], [ 104.96834833500013, -5.25430221599993, 0.0 ], [ 104.968455253000087, -5.253994692999887, 0.0 ], [ 104.968593950000113, -5.253622371, 0.0 ], [ 104.968763848000037, -5.253178510999946, 0.0 ], [ 104.968951247000092, -5.252833981999951, 0.0 ], [ 104.969340870000096, -5.25221101099992, 0.0 ], [ 104.969483866000104, -5.251915656999907, 0.0 ], [ 104.969572012000029, -5.251629237999923, 0.0 ], [ 104.969760760000014, -5.251003732999949, 0.0 ], [ 104.969906104000046, -5.250687706999914, 0.0 ], [ 104.970073910000082, -5.250340978999914, 0.0 ], [ 104.970164202, -5.250087914999936, 0.0 ], [ 104.970202729000079, -5.250000013999946, 0.0 ], [ 104.970418366000075, -5.249654307999942, 0.0 ], [ 104.970602581000037, -5.249443278999978, 0.0 ], [ 104.970804338000036, -5.249261560999953, 0.0 ], [ 104.970994400000038, -5.249056393999942, 0.0 ], [ 104.971120138000046, -5.248816050999951, 0.0 ], [ 104.971161083000055, -5.248578634999935, 0.0 ], [ 104.971187407000016, -5.248391046999958, 0.0 ], [ 104.971248816000042, -5.248223977999901, 0.0 ], [ 104.971345310000032, -5.248089152999937, 0.0 ], [ 104.971453502000102, -5.247919155, 0.0 ], [ 104.971517836, -5.247722775999909, 0.0 ], [ 104.971529540000077, -5.247532255999955, 0.0 ], [ 104.971529550000085, -5.247306561999933, 0.0 ], [ 104.971526638000014, -5.247060350999989, 0.0 ], [ 104.97153835200001, -5.246641206999948, 0.0 ], [ 104.971608539000044, -5.246327583999934, 0.0 ], [ 104.971757672000038, -5.245993446999909, 0.0 ], [ 104.972042325000061, -5.245197580999962, 0.0 ], [ 104.972224585000035, -5.24506886499997, 0.0 ], [ 104.97235299800009, -5.244913152999965, 0.0 ], [ 104.972514548000049, -5.244780283999985, 0.0 ], [ 104.972905988000022, -5.244485482999929, 0.0 ], [ 104.973021903341603, -5.244434505012498, 0.0 ], [ 104.973170997000096, -5.244447999999847, 0.0 ], [ 104.973765997000115, -5.244484999999889, 0.0 ], [ 104.973938554891561, -5.244477738044585, 0.0 ], [ 104.974295676000068, -5.244603888999956, 0.0 ], [ 104.974645678000073, -5.244722240999979, 0.0 ], [ 104.974931484000095, -5.244776232999916, 0.0 ], [ 104.975231793000077, -5.244786630999977, 0.0 ], [ 104.97562944000002, -5.244774188999925, 0.0 ], [ 104.976037437000031, -5.244761747999961, 0.0 ], [ 104.976801672000121, -5.244622668, 0.0 ], [ 104.977213816000116, -5.244477349999967, 0.0 ], [ 104.977466491000058, -5.244356940999952, 0.0 ], [ 104.977737810000036, -5.244217849999901, 0.0 ], [ 104.978222449000071, -5.243977029999959, 0.0 ], [ 104.978520686000067, -5.243891912000022, 0.0 ], [ 104.978816848000051, -5.243786041999966, 0.0 ], [ 104.979065379000104, -5.243694697999958, 0.0 ], [ 104.97938640400011, -5.243559751999983, 0.0 ], [ 104.979676359000024, -5.243383289999949, 0.0 ], [ 104.980009804000076, -5.243140383000013, 0.0 ], [ 104.98035982800009, -5.242837270999891, 0.0 ], [ 104.980668421000047, -5.242557, 0.0 ], [ 104.981275264000075, -5.241994367999959, 0.0 ], [ 104.981397457000057, -5.241842814999943, 0.0 ], [ 104.981598362000071, -5.241568764999917, 0.0 ], [ 104.981741267000075, -5.241359069999975, 0.0 ], [ 104.981898675000053, -5.241118236999943, 0.0 ], [ 104.982083010000025, -5.240887789999972, 0.0 ], [ 104.982292188000102, -5.240692635, 0.0 ], [ 104.982532437000089, -5.240476718999977, 0.0 ], [ 104.982778903000053, -5.240275330999923, 0.0 ], [ 104.983369157000126, -5.239976375999968, 0.0 ], [ 104.983611479000018, -5.239833130999928, 0.0 ], [ 104.983845508000101, -5.239671193999941, 0.0 ], [ 104.984013272000126, -5.239519632999924, 0.0 ], [ 104.984185170000046, -5.239330708999924, 0.0 ], [ 104.984390215000047, -5.239044199999933, 0.0 ], [ 104.984422695000077, -5.238999474999963, 0.0 ], [ 104.985210790000096, -5.238756064999984, 0.0 ], [ 104.985925765, -5.23861287699995, 0.0 ], [ 104.986847286000042, -5.238517427999957, 0.0 ], [ 104.988054794000035, -5.238517451999959, 0.0 ], [ 104.98867443400006, -5.238644755999923, 0.0 ], [ 104.989251854000045, -5.238782371999941, 0.0 ], [ 104.989628631000045, -5.238771440999924, 0.0 ], [ 104.990016332000067, -5.238640202999902, 0.0 ], [ 104.990952673, -5.23822763399996, 0.0 ], [ 104.992265428000081, -5.23757031799993, 0.0 ], [ 104.992944197000028, -5.237224549999921, 0.0 ], [ 104.993394900000098, -5.236992935999941, 0.0 ], [ 104.994114856000067, -5.236616840999909, 0.0 ], [ 104.994316540000057, -5.236354266999944, 0.0 ], [ 104.994575851000022, -5.236073318999969, 0.0 ], [ 104.994908502000015, -5.235802865999974, 0.0 ], [ 104.995157335000087, -5.235603309999894, 0.0 ], [ 104.995366877, -5.235409000999981, 0.0 ], [ 104.995555465000081, -5.235209444, 0.0 ], [ 104.996047888000049, -5.234797204999987, 0.0 ], [ 104.996312432000096, -5.234644917, 0.0 ], [ 104.996802236000022, -5.234369208000013, 0.0 ], [ 104.997367996000037, -5.233972726999982, 0.0 ], [ 104.997920662000112, -5.233586739000019, 0.0 ], [ 104.998200916000116, -5.233342546999976, 0.0 ], [ 104.998392128000035, -5.233132485999915, 0.0 ], [ 104.998604285000098, -5.232901418999981, 0.0 ], [ 104.998787629000077, -5.232675598999949, 0.0 ], [ 104.998939550000031, -5.232507550999989, 0.0 ], [ 104.99921195200001, -5.232095308999897, 0.0 ], [ 104.999390061, -5.231730324999985, 0.0 ], [ 104.999484354000074, -5.231428359999958, 0.0 ], [ 104.999539356000099, -5.231066009999909, 0.0 ], [ 104.999576030000114, -5.230795553999913, 0.0 ], [ 104.999717257000071, -5.229975184999981, 0.0 ], [ 104.99977194300007, -5.229701525999898, 0.0 ], [ 104.999843919000071, -5.229441500999966, 0.0 ], [ 104.999893181000061, -5.229060323999958, 0.0 ], [ 104.999914929000084, -5.228926959999937, 0.0 ], [ 104.999928998000101, -5.228746155999987, 0.0 ], [ 104.999934115000073, -5.228548669, 0.0 ], [ 104.999935396000097, -5.228357597, 0.0 ], [ 104.999935396000097, -5.228198584999978, 0.0 ], [ 104.999923881000115, -5.22801778099994, 0.0 ], [ 104.999888065000093, -5.227848510999968, 0.0 ], [ 104.999834345000082, -5.227692058999901, 0.0 ], [ 104.999789577000016, -5.227592040999975, 0.0 ], [ 104.999711546000043, -5.227457391999936, 0.0 ], [ 104.999645030000053, -5.227339414999944, 0.0 ], [ 104.999575951000025, -5.227211179999903, 0.0 ], [ 104.999518396000056, -5.227076530999954, 0.0 ], [ 104.999504319000039, -5.226991900999968, 0.0 ], [ 104.999529902000035, -5.226793129999953, 0.0 ], [ 104.999563164000023, -5.226628988999961, 0.0 ], [ 104.999638632000057, -5.226504607999972, 0.0 ], [ 104.999724333000046, -5.226400735, 0.0 ], [ 104.999857366000029, -5.226291732999945, 0.0 ], [ 104.999980164000064, -5.22621736199992, 0.0 ], [ 104.99999999900011, -5.226206176999971, 0.0 ], [ 105.000261488000078, -5.226020607999983, 0.0 ], [ 105.000442392000124, -5.225892002, 0.0 ], [ 105.000632077, -5.225723834999942, 0.0 ], [ 105.00091604400005, -5.225502899999958, 0.0 ], [ 105.001039943000094, -5.225321542999962, 0.0 ], [ 105.001558950000046, -5.225579748999921, 0.0 ], [ 105.001685647000045, -5.225721418, 0.0 ], [ 105.001770924000084, -5.225865528999941, 0.0 ], [ 105.001858638000058, -5.226082917999987, 0.0 ], [ 105.001975590000058, -5.226314961999913, 0.0 ], [ 105.002211930000072, -5.226537235, 0.0 ], [ 105.002419032000063, -5.226669133, 0.0 ], [ 105.002906330000059, -5.226959796999976, 0.0 ], [ 105.003298606000016, -5.22727244399991, 0.0 ], [ 105.003632407000097, -5.227702334999952, 0.0 ], [ 105.003844384000047, -5.228105357999903, 0.0 ], [ 105.003929663000093, -5.2283545, 0.0 ], [ 105.004010070000078, -5.228737982999933, 0.0 ], [ 105.004016139000058, -5.229057263999971, 0.0 ], [ 105.004036837000072, -5.229064437999943, 0.0 ], [ 105.004185337000109, -5.229097485999924, 0.0 ], [ 105.004383337000064, -5.229097484999924, 0.0 ], [ 105.004589586000066, -5.229080959999978, 0.0 ], [ 105.004762835000108, -5.2290231229999, 0.0 ], [ 105.00512583500003, -5.228973546999972, 0.0 ], [ 105.005315584000101, -5.228957020999937, 0.0 ], [ 105.005686834000088, -5.228973541999972, 0.0 ], [ 105.005860084000034, -5.229014852000015, 0.0 ], [ 105.006033335000069, -5.22908920999995, 0.0 ], [ 105.006322086000068, -5.229262713999917, 0.0 ], [ 105.006619088000036, -5.229469265999954, 0.0 ], [ 105.006858340000022, -5.229684081999965, 0.0 ], [ 105.007023342000096, -5.22988237299994, 0.0 ], [ 105.007180093, -5.23000630499998, 0.0 ], [ 105.007345094000073, -5.230080662, 0.0 ], [ 105.007600846000088, -5.230146756999966, 0.0 ], [ 105.007815345000068, -5.230171540999974, 0.0 ], [ 105.007914346000092, -5.23018806399992, 0.0 ], [ 105.008021597, -5.230237636999936, 0.0 ], [ 105.008089429, -5.230316268999958, 0.0 ], [ 105.008263859000053, -5.230584623999958, 0.0 ], [ 105.008540667000048, -5.230891244999926, 0.0 ], [ 105.008875445000029, -5.231072487999912, 0.0 ], [ 105.009346865000055, -5.231153112999921, 0.0 ], [ 105.009570247000056, -5.231164344999963, 0.0 ], [ 105.009786591000108, -5.231195669999979, 0.0 ], [ 105.010090072000082, -5.231291820999941, 0.0 ], [ 105.010985169000065, -5.231710444999939, 0.0 ], [ 105.011409487, -5.231453233999973, 0.0 ], [ 105.011843666000047, -5.231143264, 0.0 ], [ 105.012261391000052, -5.230727774999901, 0.0 ], [ 105.012610047000038, -5.230348553999965, 0.0 ], [ 105.01289291900008, -5.230064965999949, 0.0 ], [ 105.013471818000113, -5.229481305999974, 0.0 ], [ 105.01389431300008, -5.228956767999916, 0.0 ], [ 105.013907865000036, -5.228869749, 0.0 ], [ 105.013916083000098, -5.228743349999933, 0.0 ], [ 105.013905161000082, -5.228573139999972, 0.0 ], [ 105.013880521, -5.228402757, 0.0 ], [ 105.013883274000051, -5.228032155999886, 0.0 ], [ 105.013968163000058, -5.227603681999961, 0.0 ], [ 105.014075054000017, -5.227254735999955, 0.0 ], [ 105.014157156000067, -5.22705168199994, 0.0 ], [ 105.01424875700009, -5.226825138000025, 0.0 ], [ 105.014636865000057, -5.225789722999975, 0.0 ], [ 105.014676325000025, -5.225324782999964, 0.0 ], [ 105.014656580000079, -5.224906, 0.0 ], [ 105.014508550000087, -5.224493823999955, 0.0 ], [ 105.01500031800002, -5.223986942999938, 0.0 ], [ 105.015215562000066, -5.223763849999953, 0.0 ], [ 105.015372538000079, -5.223560741999934, 0.0 ], [ 105.015500332000087, -5.223407407999948, 0.0 ], [ 105.015684850000071, -5.223270031999951, 0.0 ], [ 105.015960926000091, -5.22312510799995, 0.0 ], [ 105.016297724000069, -5.222998085, 0.0 ], [ 105.016497907000115, -5.222953820999988, 0.0 ], [ 105.01670759600006, -5.222921996999931, 0.0 ], [ 105.01689822500002, -5.222928354999924, 0.0 ], [ 105.017076145, -5.222947441, 0.0 ], [ 105.01721593900001, -5.222972891999968, 0.0 ], [ 105.017355733000031, -5.223004706999935, 0.0 ], [ 105.01752094500003, -5.223042884999897, 0.0 ], [ 105.017673449000128, -5.223081063999947, 0.0 ], [ 105.017806889000056, -5.223106514999921, 0.0 ], [ 105.017933973000098, -5.223100147999928, 0.0 ], [ 105.018067412000036, -5.223036507, 0.0 ], [ 105.018264391000073, -5.222947407999902, 0.0 ], [ 105.018455016000047, -5.222851945999908, 0.0 ], [ 105.018728246000094, -5.222750118, 0.0 ], [ 105.019039601000088, -5.222616469999965, 0.0 ], [ 105.019261198000038, -5.222520695999945, 0.0 ], [ 105.01968873000007, -5.22236569699991, 0.0 ], [ 105.020119611000013, -5.222230491999914, 0.0 ], [ 105.02057023800009, -5.222151337999938, 0.0 ], [ 105.020994544000104, -5.22214802199993, 0.0 ], [ 105.021412282000128, -5.222174386999979, 0.0 ], [ 105.021764228000023, -5.222253513999954, 0.0 ], [ 105.02209644800007, -5.222368919, 0.0 ], [ 105.022783250000046, -5.222793783999981, 0.0 ], [ 105.023040045000073, -5.222536327999906, 0.0 ], [ 105.023353478000061, -5.222169070999984, 0.0 ], [ 105.023651812000054, -5.22174881999994, 0.0 ], [ 105.024437266000035, -5.22011324399997, 0.0 ], [ 105.02467515700009, -5.219484760999928, 0.0 ], [ 105.024860188000034, -5.218916855999923, 0.0 ], [ 105.025339757000012, -5.217849188999958, 0.0 ], [ 105.025574151000043, -5.21737846, 0.0 ], [ 105.025717943000032, -5.217049873999903, 0.0 ], [ 105.025850112000043, -5.216754560999982, 0.0 ], [ 105.025944509000041, -5.21647817599994, 0.0 ], [ 105.026072897000091, -5.216179081999973, 0.0 ], [ 105.026310805000065, -5.215819398999967, 0.0 ], [ 105.026578920000048, -5.215543015000014, 0.0 ], [ 105.026952784000073, -5.215243901999957, 0.0 ], [ 105.027232234000095, -5.215016730999901, 0.0 ], [ 105.027530562, -5.214804702999944, 0.0 ], [ 105.027908195000066, -5.214471519, 0.0 ], [ 105.028202743000108, -5.214089125999978, 0.0 ], [ 105.028300672000043, -5.213939511999945, 0.0 ], [ 105.028468433000057, -5.214019092999957, 0.0 ], [ 105.028897220000019, -5.214254578999901, 0.0 ], [ 105.029215356000051, -5.214448508999959, 0.0 ], [ 105.02942283700007, -5.214642445000019, 0.0 ], [ 105.029535497000069, -5.214757739999966, 0.0 ], [ 105.029719211000085, -5.214819064999977, 0.0 ], [ 105.029902923000094, -5.214839499999892, 0.0 ], [ 105.030107051000101, -5.214914452999965, 0.0 ], [ 105.030331591000035, -5.215016664999984, 0.0 ], [ 105.030460876000078, -5.215152952999981, 0.0 ], [ 105.030522118000079, -5.215261987999943, 0.0 ], [ 105.030603773000081, -5.21537102, 0.0 ], [ 105.030699034000065, -5.215452792999921, 0.0 ], [ 105.03082151100007, -5.215520933999963, 0.0 ], [ 105.031013800000082, -5.215570006999938, 0.0 ], [ 105.031190708000068, -5.215549554999933, 0.0 ], [ 105.031258744000098, -5.215454144999944, 0.0 ], [ 105.031319975000102, -5.215351918999923, 0.0 ], [ 105.031462856000104, -5.215242875999961, 0.0 ], [ 105.031673779000059, -5.215154272999913, 0.0 ], [ 105.031816661000079, -5.215065673999954, 0.0 ], [ 105.031925525000105, -5.215031593999887, 0.0 ], [ 105.032136453000064, -5.215011138999971, 0.0 ], [ 105.032401812000089, -5.21501112599997, 0.0 ], [ 105.032707998000021, -5.215024737999942, 0.0 ], [ 105.033007386000094, -5.215076577999968, 0.0 ], [ 105.033474548000115, -5.215245900999944, 0.0 ], [ 105.034163056000054, -5.215408485999985, 0.0 ], [ 105.034857422000044, -5.215488384999935, 0.0 ], [ 105.035671508000078, -5.215576269999923, 0.0 ], [ 105.036495800000068, -5.215696771999946, 0.0 ], [ 105.036823029000061, -5.215696752999945, 0.0 ], [ 105.037062461000062, -5.215664762999962, 0.0 ], [ 105.037389687000044, -5.21562477499994, 0.0 ], [ 105.037708935000083, -5.215624755999938, 0.0 ], [ 105.038068093000049, -5.215704671999978, 0.0 ], [ 105.038459181000079, -5.215872515999921, 0.0 ], [ 105.038578623726181, -5.215931234157102, 0.0 ] ] ] ] } },
{ "type": "Feature", "properties": { "KDPPUM": null, "NAMOBJ": "AIRNANINGAN", "REMARK": "Wilayah Administrasi Kecamatan", "KDPBPS": null, "FCODE": null, "LUASWH": 0.0, "UUPP": null, "SRS_ID": null, "LCODE": "BA0080", "METADATA": null, "KDEBPS": null, "KDEPUM": null, "KDCBPS": null, "KDCPUM": null, "KDBBPS": null, "KDBPUM": null, "WADMKD": null, "WIADKD": null, "WADMKC": null, "WIADKC": null, "WADMKK": "TANGGAMUS", "WIADKK": null, "WADMPR": "LAMPUNG", "WIADPR": null, "TIPADM": 0, "Shape_Leng": 0.6921709837, "Shape_Area": 0.01192781043 }, "geometry": { "type": "MultiPolygon", "coordinates": [ [ [ [ 104.809194, -5.296223178999972, 0.0 ], [ 104.809304079000086, -5.296584049999987, 0.0 ], [ 104.808400979000055, -5.29650908, 0.0 ], [ 104.808276875963585, -5.296469779042669, 0.0 ], [ 104.809190758174651, -5.294697367723446, 0.0 ], [ 104.809194135000041, -5.294763689, 0.0 ], [ 104.809188913000057, -5.295076791999977, 0.0 ], [ 104.809159474000111, -5.295587546999959, 0.0 ], [ 104.809160785000046, -5.295960705000015, 0.0 ], [ 104.809194, -5.296223178999972, 0.0 ] ] ], [ [ [ 104.795323349000071, -5.265606336999985, 0.0 ], [ 104.795432650671785, -5.265990706451008, 0.0 ], [ 104.793141401994518, -5.264159354444077, 0.0 ], [ 104.794154837000022, -5.264404882999964, 0.0 ], [ 104.79444074500006, -5.264505668999954, 0.0 ], [ 104.794690877000065, -5.264653945999966, 0.0 ], [ 104.794805218000107, -5.264765090000013, 0.0 ], [ 104.795011337000105, -5.265084587999981, 0.0 ], [ 104.795191717000108, -5.265377135999939, 0.0 ], [ 104.795323349000071, -5.265606336999985, 0.0 ] ] ], [ [ [ 104.792058086000097, -5.262818883999921, 0.0 ], [ 104.792141377463238, -5.263026923159154, 0.0 ], [ 104.790812179000028, -5.261382719999842, 0.0 ], [ 104.790461000625385, -5.261207288649596, 0.0 ], [ 104.790579414000049, -5.261167234999954, 0.0 ], [ 104.790711739000074, -5.261124397999962, 0.0 ], [ 104.790847946000056, -5.261095206999945, 0.0 ], [ 104.791005554000051, -5.261087463999926, 0.0 ], [ 104.79110672300007, -5.261106988999943, 0.0 ], [ 104.791235116000038, -5.261175253, 0.0 ], [ 104.791386824000057, -5.261350724999948, 0.0 ], [ 104.791754658000031, -5.261983707999919, 0.0 ], [ 104.791914276000099, -5.262302314, 0.0 ], [ 104.791935622000082, -5.262469946999916, 0.0 ], [ 104.792058086000097, -5.262818883999921, 0.0 ] ] ], [ [ [ 104.782578183000069, -5.237223303999906, 0.0 ], [ 104.783465931000066, -5.237223610999932, 0.0 ], [ 104.784382415000053, -5.236937141999944, 0.0 ], [ 104.785184389000065, -5.236535917999964, 0.0 ], [ 104.785843207000127, -5.236048607999967, 0.0 ], [ 104.786685799000026, -5.235369111999967, 0.0 ], [ 104.78708342300007, -5.2359792, 0.0 ], [ 104.787593148000056, -5.236575150999924, 0.0 ], [ 104.788124078000109, -5.237298774999934, 0.0 ], [ 104.788508312000019, -5.237820752999957, 0.0 ], [ 104.788812546000045, -5.238167685999974, 0.0 ], [ 104.78911679300009, -5.238472578999977, 0.0 ], [ 104.789382263000022, -5.238803015999961, 0.0 ], [ 104.789429024000071, -5.238864909999931, 0.0 ], [ 104.789475784000032, -5.238926803999989, 0.0 ], [ 104.789522544000093, -5.238988697999959, 0.0 ], [ 104.789569305000043, -5.239050590999929, 0.0 ], [ 104.789616065000104, -5.239112484999987, 0.0 ], [ 104.789662826000054, -5.239174378999957, 0.0 ], [ 104.789681641000101, -5.239254500999925, 0.0 ], [ 104.789700457000066, -5.239334622999893, 0.0 ], [ 104.789719273000017, -5.23941474499995, 0.0 ], [ 104.789738088000064, -5.239494867, 0.0 ], [ 104.789756904000029, -5.239574988999975, 0.0 ], [ 104.789775719000076, -5.239655110999943, 0.0 ], [ 104.789770127000054, -5.239727128999951, 0.0 ], [ 104.789764535000032, -5.239799145999958, 0.0 ], [ 104.789758944000113, -5.239871162999966, 0.0 ], [ 104.789753343000086, -5.239943188999975, 0.0 ], [ 104.789747751000064, -5.240015206999983, 0.0 ], [ 104.789742159000056, -5.240087224, 0.0 ], [ 104.789736567000034, -5.240159241, 0.0 ], [ 104.789720944000067, -5.240244236999926, 0.0 ], [ 104.789705322000117, -5.240329231999942, 0.0 ], [ 104.789689700000068, -5.240414227999958, 0.0 ], [ 104.789674078000104, -5.240499223999974, 0.0 ], [ 104.789676974000074, -5.24058324899991, 0.0 ], [ 104.789679869000054, -5.240667272999934, 0.0 ], [ 104.789682765000109, -5.240751297999958, 0.0 ], [ 104.789685661000078, -5.240835322999983, 0.0 ], [ 104.789703459000052, -5.24090847, 0.0 ], [ 104.789721257000096, -5.240981608, 0.0 ], [ 104.789739056000059, -5.241054754999931, 0.0 ], [ 104.789756845000028, -5.241127892999943, 0.0 ], [ 104.789774643000072, -5.241201038999955, 0.0 ], [ 104.789792441000131, -5.241274176999967, 0.0 ], [ 104.789810240000094, -5.24134732399998, 0.0 ], [ 104.789847532000067, -5.241415447999932, 0.0 ], [ 104.78988482400004, -5.241483570999973, 0.0 ], [ 104.789922116000113, -5.241551694999925, 0.0 ], [ 104.789959399000082, -5.241619827999967, 0.0 ], [ 104.789996692000059, -5.241687950999919, 0.0 ], [ 104.790033984000033, -5.241756074999961, 0.0 ], [ 104.79007127600002, -5.241824198, 0.0 ], [ 104.789865643000056, -5.242405188999934, 0.0 ], [ 104.789736383000019, -5.242922238, 0.0 ], [ 104.78960694500006, -5.243970742999972, 0.0 ], [ 104.789535052000062, -5.244502174999978, 0.0 ], [ 104.789391404000071, -5.245148490999986, 0.0 ], [ 104.78923342800006, -5.245751712999981, 0.0 ], [ 104.789080116000079, -5.24620178, 0.0 ], [ 104.789040288000066, -5.246268692999946, 0.0 ], [ 104.789000460000054, -5.246335595999975, 0.0 ], [ 104.788960631000052, -5.246402508999916, 0.0 ], [ 104.788920803000039, -5.246469411999945, 0.0 ], [ 104.788880974000023, -5.246536324999974, 0.0 ], [ 104.788829864000064, -5.246607620999923, 0.0 ], [ 104.788778754000091, -5.24667891699996, 0.0 ], [ 104.788727644000048, -5.246750212999908, 0.0 ], [ 104.788676533000071, -5.246821508999945, 0.0 ], [ 104.788620206000033, -5.246868766999947, 0.0 ], [ 104.78856387900008, -5.246916024999949, 0.0 ], [ 104.788507552000041, -5.246963282999952, 0.0 ], [ 104.788451234, -5.247010540999954, 0.0 ], [ 104.78839490600005, -5.247057807999957, 0.0 ], [ 104.788338579000097, -5.247105065999959, 0.0 ], [ 104.788282252000045, -5.247152323999961, 0.0 ], [ 104.788225925000091, -5.247199581999963, 0.0 ], [ 104.788164950000024, -5.247245300000015, 0.0 ], [ 104.788103976000045, -5.24729101899989, 0.0 ], [ 104.788043002000066, -5.247336736999943, 0.0 ], [ 104.787982037000077, -5.247382463999907, 0.0 ], [ 104.787921062000095, -5.247428182999959, 0.0 ], [ 104.787860088000031, -5.247473901000012, 0.0 ], [ 104.787799114000038, -5.247519618999975, 0.0 ], [ 104.787741007000122, -5.247571299999988, 0.0 ], [ 104.787682910000015, -5.24762299, 0.0 ], [ 104.787624803000099, -5.247674671000015, 0.0 ], [ 104.787566705000089, -5.247726360999939, 0.0 ], [ 104.787508599000077, -5.247778041999952, 0.0 ], [ 104.787450501000066, -5.247829731999966, 0.0 ], [ 104.787392394000051, -5.247881412999979, 0.0 ], [ 104.78733943600011, -5.247947280999922, 0.0 ], [ 104.78728647700008, -5.248013138999953, 0.0 ], [ 104.78723351800005, -5.248079006999985, 0.0 ], [ 104.78718056000011, -5.248144875000017, 0.0 ], [ 104.787138494, -5.248208981999904, 0.0 ], [ 104.787096428000083, -5.248273079999967, 0.0 ], [ 104.787054362000063, -5.248337177999941, 0.0 ], [ 104.787012297000047, -5.248401284999916, 0.0 ], [ 104.786979361000078, -5.248470905, 0.0 ], [ 104.786946426000014, -5.24854052399998, 0.0 ], [ 104.78691350000004, -5.248610152999968, 0.0 ], [ 104.786880565000075, -5.248679772999955, 0.0 ], [ 104.786852539000066, -5.248749764999973, 0.0 ], [ 104.786824504000052, -5.248819765999903, 0.0 ], [ 104.786796478000042, -5.248889757999921, 0.0 ], [ 104.786768452000032, -5.248959750999939, 0.0 ], [ 104.786740417000019, -5.249029751999958, 0.0 ], [ 104.78671239, -5.249099743999976, 0.0 ], [ 104.786696321000107, -5.249171892999906, 0.0 ], [ 104.786680260000111, -5.249244033999924, 0.0 ], [ 104.78666419000011, -5.249316182999943, 0.0 ], [ 104.786648130000017, -5.249388322999961, 0.0 ], [ 104.786632060000031, -5.24946047199998, 0.0 ], [ 104.786616205000044, -5.249537551999962, 0.0 ], [ 104.786600350000072, -5.249614622999944, 0.0 ], [ 104.786584496000089, -5.249691702999927, 0.0 ], [ 104.786568641000102, -5.24976878199991, 0.0 ], [ 104.786552786000044, -5.249845861999981, 0.0 ], [ 104.786536931000057, -5.249922932999963, 0.0 ], [ 104.786521076000085, -5.250000012999946, 0.0 ], [ 104.78651415400013, -5.250135517999967, 0.0 ], [ 104.786515210000033, -5.250506170999904, 0.0 ], [ 104.786536861000059, -5.250872053999979, 0.0 ], [ 104.786567977000047, -5.251402659999917, 0.0 ], [ 104.786657800000029, -5.251815725999988, 0.0 ], [ 104.786714897000039, -5.252079251999943, 0.0 ], [ 104.786785131000073, -5.252406396999922, 0.0 ], [ 104.786742021000066, -5.252816718999943, 0.0 ], [ 104.786718707, -5.253216396999973, 0.0 ], [ 104.786738181000018, -5.25351025199995, 0.0 ], [ 104.786807052000114, -5.253758709999902, 0.0 ], [ 104.786933362000084, -5.253860739999906, 0.0 ], [ 104.787227620000095, -5.254110915999911, 0.0 ], [ 104.787623125000053, -5.254364993999973, 0.0 ], [ 104.787831980000092, -5.254512532000012, 0.0 ], [ 104.787852766000043, -5.254612399999926, 0.0 ], [ 104.787894147000088, -5.254811240999947, 0.0 ], [ 104.787903810000088, -5.254892227999987, 0.0 ], [ 104.787937363000111, -5.255173506, 0.0 ], [ 104.787945054000033, -5.255237963999905, 0.0 ], [ 104.788001688000108, -5.255357482999935, 0.0 ], [ 104.78805963500011, -5.25547979699993, 0.0 ], [ 104.788087633000018, -5.255538894999935, 0.0 ], [ 104.788140609000052, -5.25565070899995, 0.0 ], [ 104.788200541000037, -5.255772533, 0.0 ], [ 104.788223678000094, -5.255804604999982, 0.0 ], [ 104.788290843000055, -5.255897705999958, 0.0 ], [ 104.788387567000058, -5.256031798999951, 0.0 ], [ 104.788426086000044, -5.256096405999967, 0.0 ], [ 104.788485669000096, -5.256196346999976, 0.0 ], [ 104.78856070100008, -5.256322204, 0.0 ], [ 104.788598037000071, -5.256431673, 0.0 ], [ 104.788657256000079, -5.256605301999974, 0.0 ], [ 104.788700071000065, -5.256730829999968, 0.0 ], [ 104.788709495000049, -5.256771709999976, 0.0 ], [ 104.788742828000053, -5.256980916999966, 0.0 ], [ 104.788775869000034, -5.25718430999992, 0.0 ], [ 104.788808721000095, -5.257383640999892, 0.0 ], [ 104.78881992600013, -5.257527994999935, 0.0 ], [ 104.788835516000091, -5.257728854999945, 0.0 ], [ 104.78883968500007, -5.257996723, 0.0 ], [ 104.788809918000098, -5.25820779399996, 0.0 ], [ 104.788798747000058, -5.258287, 0.0 ], [ 104.788720794000099, -5.258555913999986, 0.0 ], [ 104.788701597000014, -5.258599932999987, 0.0 ], [ 104.788543085000043, -5.258719345, 0.0 ], [ 104.788443763, -5.258752900999943, 0.0 ], [ 104.788285264000123, -5.258802533999964, 0.0 ], [ 104.788184740000062, -5.258835446999933, 0.0 ], [ 104.787956633000107, -5.258915763999918, 0.0 ], [ 104.787887687000094, -5.258942530999912, 0.0 ], [ 104.787635603000098, -5.259088640999922, 0.0 ], [ 104.787529450000108, -5.259244069, 0.0 ], [ 104.787442777000052, -5.259405264999918, 0.0 ], [ 104.7874456320001, -5.259534954999902, 0.0 ], [ 104.787525058000099, -5.259639112999904, 0.0 ], [ 104.787575137058425, -5.259765653917116, 0.0 ], [ 104.787029777000072, -5.259493218999912, 0.0 ], [ 104.783645529000097, -5.257802599999918, 0.0 ], [ 104.781256639999967, -5.254819169999893, 0.0 ], [ 104.777772859000109, -5.252730756999936, 0.0 ], [ 104.77656617, -5.250396979999929, 0.0 ], [ 104.777163390000041, -5.24890525999996, 0.0 ], [ 104.776864780000025, -5.247910776999921, 0.0 ], [ 104.775073120000201, -5.246717409999858, 0.0 ], [ 104.773779141000077, -5.245822378999877, 0.0 ], [ 104.775670339999962, -5.243435630999928, 0.0 ], [ 104.77656617, -5.242242257999864, 0.0 ], [ 104.776466632000123, -5.240849989999953, 0.0 ], [ 104.777561538000128, -5.239457718999864, 0.0 ], [ 104.777262928000113, -5.236076488999876, 0.0 ], [ 104.776466632000123, -5.235877594999851, 0.0 ], [ 104.776068478000042, -5.23259581999992, 0.0 ], [ 104.778258301000136, -5.231203550999831, 0.0 ], [ 104.778953180000073, -5.228485749999935, 0.0 ], [ 104.781607153251997, -5.228839295985045, 0.0 ], [ 104.780748038000084, -5.22968021, 0.0 ], [ 104.780174914000085, -5.230798471999977, 0.0 ], [ 104.779802075000063, -5.232404339999976, 0.0 ], [ 104.779801714000115, -5.233436766999956, 0.0 ], [ 104.779772685000111, -5.234555219999949, 0.0 ], [ 104.779886902000058, -5.23550165099992, 0.0 ], [ 104.780201659000085, -5.236218724999921, 0.0 ], [ 104.780831443000054, -5.236878552999981, 0.0 ], [ 104.781490015000102, -5.237108210999976, 0.0 ], [ 104.782578183000069, -5.237223303999906, 0.0 ] ] ], [ [ [ 104.782154165000065, -5.227921115999935, 0.0 ], [ 104.782057439921985, -5.228096542836459, 0.0 ], [ 104.782237900000069, -5.22689458899991, 0.0 ], [ 104.782282084583798, -5.226011616948346, 0.0 ], [ 104.782411070000094, -5.22673273799993, 0.0 ], [ 104.782154165000065, -5.227921115999935, 0.0 ] ] ], [ [ [ 104.781703619000012, -5.224378891999949, 0.0 ], [ 104.781917874255413, -5.224865707196193, 0.0 ], [ 104.780247159000027, -5.224706729999896, 0.0 ], [ 104.77855502800017, -5.224706729999896, 0.0 ], [ 104.778256418000154, -5.222419425999915, 0.0 ], [ 104.77746013000008, -5.219336550999833, 0.0 ], [ 104.776875551199964, -5.218285253298051, 0.0 ], [ 104.778191596000028, -5.219659131999967, 0.0 ], [ 104.780255707000023, -5.22205702799995, 0.0 ], [ 104.781703619000012, -5.224378891999949, 0.0 ] ] ], [ [ [ 104.774619324000042, -5.216272545999979, 0.0 ], [ 104.775994876497734, -5.217476069801398, 0.0 ], [ 104.772483271000141, -5.216949799999883, 0.0 ], [ 104.772534249430066, -5.215065326069913, 0.0 ], [ 104.772977845000028, -5.215208, 0.0 ], [ 104.774619324000042, -5.216272545999979, 0.0 ] ] ], [ [ [ 104.762230970000161, -5.21565698099994, 0.0 ], [ 104.760439310000066, -5.216054768999902, 0.0 ], [ 104.761104295366579, -5.214699410408143, 0.0 ], [ 104.762057707000039, -5.215323467999967, 0.0 ], [ 104.762509989532006, -5.21543287172125, 0.0 ], [ 104.762230970000161, -5.21565698099994, 0.0 ] ] ] ] } },
{ "type": "Feature", "properties": { "KDPPUM": null, "NAMOBJ": "NEGERIKATON", "REMARK": "Wilayah Administrasi Kecamatan", "KDPBPS": null, "FCODE": null, "LUASWH": 0.0, "UUPP": null, "SRS_ID": null, "LCODE": "BA0080", "METADATA": null, "KDEBPS": null, "KDEPUM": null, "KDCBPS": null, "KDCPUM": null, "KDBBPS": null, "KDBPUM": null, "WADMKD": null, "WIADKD": null, "WADMKC": null, "WIADKC": null, "WADMKK": "PESAWARAN", "WIADKK": null, "WADMPR": "LAMPUNG", "WIADPR": null, "TIPADM": 0, "Shape_Leng": 0.95697007166000003, "Shape_Area": 0.01225085495 }, "geometry": { "type": "MultiPolygon", "coordinates": [ [ [ [ 105.068936984000104, -5.331242915999924, 0.0 ], [ 105.071291913000081, -5.332228717999955, 0.0 ], [ 105.076610150000107, -5.334222492999897, 0.0 ], [ 105.076929436999976, -5.334161893999857, 0.0 ], [ 105.078035985000142, -5.333897869999861, 0.0 ], [ 105.079353394999984, -5.334293524999913, 0.0 ], [ 105.08042655499996, -5.334826730999888, 0.0 ], [ 105.081751254000139, -5.336298727999912, 0.0 ], [ 105.082330903000226, -5.336377815999883, 0.0 ], [ 105.083068535000152, -5.335718006999913, 0.0 ], [ 105.087415789000133, -5.335427131999916, 0.0 ], [ 105.090939338000084, -5.335799368999895, 0.0 ], [ 105.090970574000181, -5.335806099999919, 0.0 ], [ 105.091009714000137, -5.335815958999936, 0.0 ], [ 105.091048491000052, -5.335827163999886, 0.0 ], [ 105.091086858000125, -5.335839700999946, 0.0 ], [ 105.091124770000064, -5.335853554999849, 0.0 ], [ 105.091162179999955, -5.335868708999948, 0.0 ], [ 105.091199045000081, -5.335885145999887, 0.0 ], [ 105.091235320000152, -5.335902844999842, 0.0 ], [ 105.091270962999985, -5.335921786999899, 0.0 ], [ 105.091305931000036, -5.33594194799988, 0.0 ], [ 105.091340182000209, -5.335963302999959, 0.0 ], [ 105.091373675000142, -5.335985828999869, 0.0 ], [ 105.09140637100009, -5.336009496999873, 0.0 ], [ 105.091438230000151, -5.336034279999881, 0.0 ], [ 105.091469213999957, -5.336060147999889, 0.0 ], [ 105.091499287000048, -5.336087069999897, 0.0 ], [ 105.091528412999978, -5.336115014999899, 0.0 ], [ 105.091556556000086, -5.336143947999895, 0.0 ], [ 105.091583684000014, -5.336173834999881, 0.0 ], [ 105.09160976400004, -5.336204641999855, 0.0 ], [ 105.091634765000066, -5.336236329999901, 0.0 ], [ 105.091658658, -5.336268861999928, 0.0 ], [ 105.091681412000113, -5.336302199999844, 0.0 ], [ 105.09170300300012, -5.336336303999913, 0.0 ], [ 105.091723403000216, -5.336371131999952, 0.0 ], [ 105.091742588000017, -5.336406643999871, 0.0 ], [ 105.091760537, -5.336442796999931, 0.0 ], [ 105.091777226000133, -5.336479548999863, 0.0 ], [ 105.091792636999983, -5.336516853999841, 0.0 ], [ 105.091806750000089, -5.336554669999861, 0.0 ], [ 105.09181955, -5.33659294999992, 0.0 ], [ 105.091831021000232, -5.336631648999836, 0.0 ], [ 105.091369280999956, -5.338377694999886, 0.0 ], [ 105.091983442000057, -5.340244983999844, 0.0 ], [ 105.092308503000126, -5.341181982999922, 0.0 ], [ 105.092527097, -5.342406944999935, 0.0 ], [ 105.092792654000036, -5.342939777999879, 0.0 ], [ 105.09269011200017, -5.34327101299993, 0.0 ], [ 105.09259424800014, -5.343401270999871, 0.0 ], [ 105.092418045999949, -5.343435080999916, 0.0 ], [ 105.092034075000157, -5.343327730999915, 0.0 ], [ 105.091740929000068, -5.343150809999932, 0.0 ], [ 105.091343762999969, -5.343061884999946, 0.0 ], [ 105.09090546000003, -5.343078462999896, 0.0 ], [ 105.090498994000072, -5.343261001999901, 0.0 ], [ 105.09018090000022, -5.343461223999947, 0.0 ], [ 105.089792052000107, -5.343766700999909, 0.0 ], [ 105.089229418000087, -5.344616795999903, 0.0 ], [ 105.08839958900009, -5.345557536999936, 0.0 ], [ 105.088217001000075, -5.346096092999909, 0.0 ], [ 105.088367073000057, -5.346321473999906, 0.0 ], [ 105.088967220000072, -5.346321386999898, 0.0 ], [ 105.08962278600022, -5.346191729999918, 0.0 ], [ 105.090146977999979, -5.346213528999945, 0.0 ], [ 105.090299918000113, -5.346563504999947, 0.0 ], [ 105.090242620999987, -5.346922274999878, 0.0 ], [ 105.090017619000022, -5.347297978999967, 0.0 ], [ 105.088630186000074, -5.348622543999872, 0.0 ], [ 105.088571331000182, -5.348734663999911, 0.0 ], [ 105.088568642000126, -5.3488043039999, 0.0 ], [ 105.08859249200006, -5.348876007999882, 0.0 ], [ 105.089359692000031, -5.349113776999927, 0.0 ], [ 105.089949436000069, -5.349310562999955, 0.0 ], [ 105.090023623000079, -5.349608942999952, 0.0 ], [ 105.089942975000071, -5.349852555999858, 0.0 ], [ 105.089417896000143, -5.350228303999861, 0.0 ], [ 105.088920557000023, -5.35112139899986, 0.0 ], [ 105.089054263999984, -5.351541933999927, 0.0 ], [ 105.09001831100008, -5.352031438999839, 0.0 ], [ 105.090692465000174, -5.352197939999938, 0.0 ], [ 105.090993641000225, -5.352557234999912, 0.0 ], [ 105.090779958000127, -5.353051047999914, 0.0 ], [ 105.090102901000151, -5.353248019999869, 0.0 ], [ 105.089394183000223, -5.353813429999933, 0.0 ], [ 105.08905313600016, -5.354028335999862, 0.0 ], [ 105.088443234000053, -5.354285697999929, 0.0 ], [ 105.08806629700004, -5.354502250999905, 0.0 ], [ 105.087368332000111, -5.354721453999923, 0.0 ], [ 105.087302855000118, -5.355049587999895, 0.0 ], [ 105.087433856000118, -5.355366879999858, 0.0 ], [ 105.087342281, -5.35549656599993, 0.0 ], [ 105.087052292999985, -5.355534703999888, 0.0 ], [ 105.085991480000061, -5.355410371999904, 0.0 ], [ 105.085577441000083, -5.355531077999943, 0.0 ], [ 105.085244559000074, -5.35584710499989, 0.0 ], [ 105.084681992999975, -5.355924951999937, 0.0 ], [ 105.084173491000101, -5.355734402999891, 0.0 ], [ 105.083065665000092, -5.35550954799985, 0.0 ], [ 105.081466508000204, -5.354962872999915, 0.0 ], [ 105.081166371000151, -5.354512107999922, 0.0 ], [ 105.080313464000099, -5.354219298999853, 0.0 ], [ 105.08002894, -5.354608153999875, 0.0 ], [ 105.079940995000101, -5.355223502999896, 0.0 ], [ 105.079651374000122, -5.355613586999931, 0.0 ], [ 105.079211690000065, -5.355839630999894, 0.0 ], [ 105.078822267000177, -5.355965207999892, 0.0 ], [ 105.078184929000116, -5.355730905999868, 0.0 ], [ 105.077499924, -5.355434912999891, 0.0 ], [ 105.07689031400011, -5.354963464999875, 0.0 ], [ 105.076523060000099, -5.354980578999958, 0.0 ], [ 105.075936237000036, -5.355086597999938, 0.0 ], [ 105.075314950999967, -5.355339331999888, 0.0 ], [ 105.074645423000092, -5.355648010999849, 0.0 ], [ 105.074076832000202, -5.35592821099994, 0.0 ], [ 105.07332709600017, -5.35612477499995, 0.0 ], [ 105.072952115000049, -5.357101563999946, 0.0 ], [ 105.072484621000086, -5.358531593999873, 0.0 ], [ 105.072178925000017, -5.359275373999862, 0.0 ], [ 105.071617818002096, -5.360439572411492, 0.0 ], [ 105.071465623000066, -5.360443104999936, 0.0 ], [ 105.07090393200005, -5.360491248999923, 0.0 ], [ 105.070369330000048, -5.360562017999916, 0.0 ], [ 105.069905336000019, -5.360632779, 0.0 ], [ 105.068353859000084, -5.360893576, 0.0 ], [ 105.06835076, -5.360375829999965, 0.0 ], [ 105.068367641000066, -5.360231879999956, 0.0 ], [ 105.06832959700003, -5.359990558999884, 0.0 ], [ 105.068297894000068, -5.359800042999931, 0.0 ], [ 105.068289425000074, -5.35960740799989, 0.0 ], [ 105.068306302000053, -5.359431705, 0.0 ], [ 105.068344308000093, -5.359330089999949, 0.0 ], [ 105.06843512500005, -5.35931102799997, 0.0 ], [ 105.068760384000058, -5.359319458999957, 0.0 ], [ 105.068956801000056, -5.35927286500001, 0.0 ], [ 105.068977913000111, -5.359192420999927, 0.0 ], [ 105.068950442000059, -5.359069644999982, 0.0 ], [ 105.06891661500002, -5.358760584, 0.0 ], [ 105.068897550000131, -5.35826523499995, 0.0 ], [ 105.068876401000068, -5.358006976999986, 0.0 ], [ 105.068848910000014, -5.357706382999895, 0.0 ], [ 105.068821421000038, -5.357414255999972, 0.0 ], [ 105.06879392900008, -5.357096725999989, 0.0 ], [ 105.068772772000017, -5.356779195999918, 0.0 ], [ 105.068738933000063, -5.356362173999964, 0.0 ], [ 105.068734678000055, -5.356082745000025, 0.0 ], [ 105.068755752000115, -5.355672066999974, 0.0 ], [ 105.068808524000048, -5.355409568000015, 0.0 ], [ 105.068916175000069, -5.354837996999974, 0.0 ], [ 105.069017538000111, -5.354700387999957, 0.0 ], [ 105.069313220000055, -5.354647432000016, 0.0 ], [ 105.069281882000041, -5.353185075999901, 0.0 ], [ 105.068867399000027, -5.353171269, 0.0 ], [ 105.068379828, -5.353108416999953, 0.0 ], [ 105.068045872000084, -5.353108453999956, 0.0 ], [ 105.068072896000018, -5.352628985999987, 0.0 ], [ 105.06805476800011, -5.351932405999905, 0.0 ], [ 105.068235151000025, -5.350729198999916, 0.0 ], [ 105.068813595000023, -5.350709049999937, 0.0 ], [ 105.068866668000055, -5.349463693999924, 0.0 ], [ 105.070719256000046, -5.349498880999905, 0.0 ], [ 105.070698969000048, -5.348507275999927, 0.0 ], [ 105.070718970000101, -5.347955978999964, 0.0 ], [ 105.070630273000049, -5.347559181999907, 0.0 ], [ 105.070703950000023, -5.347002441999939, 0.0 ], [ 105.070677470000049, -5.346921169999964, 0.0 ], [ 105.070492232000092, -5.346599841999934, 0.0 ], [ 105.070445992000074, -5.346513271999966, 0.0 ], [ 105.070048754000069, -5.345590573, 0.0 ], [ 105.069705769000024, -5.345527285999919, 0.0 ], [ 105.069633502000087, -5.344984502999951, 0.0 ], [ 105.06985843700005, -5.34485448099994, 0.0 ], [ 105.069821954000048, -5.344695219, 0.0 ], [ 105.069588394000093, -5.344282072999919, 0.0 ], [ 105.06945254300004, -5.344000270999961, 0.0 ], [ 105.069292843000056, -5.343525021999897, 0.0 ], [ 105.069261836000067, -5.343257537999969, 0.0 ], [ 105.069211738, -5.342727344999977, 0.0 ], [ 105.069164037000064, -5.342321341999957, 0.0 ], [ 105.069092506000089, -5.341893847999936, 0.0 ], [ 105.069071038000089, -5.341690846999926, 0.0 ], [ 105.069035217000064, -5.340979143000014, 0.0 ], [ 105.069085175000012, -5.340265041, 0.0 ], [ 105.069135160000073, -5.339789767999926, 0.0 ], [ 105.069211344000067, -5.339207017999938, 0.0 ], [ 105.069330433000061, -5.338769948999923, 0.0 ], [ 105.0693363030001, -5.338704540000018, 0.0 ], [ 105.069347738000076, -5.338566946999913, 0.0 ], [ 105.069368981000054, -5.33839659399994, 0.0 ], [ 105.069386962000024, -5.338295036999975, 0.0 ], [ 105.069493694000073, -5.338098135999937, 0.0 ], [ 105.069712966000097, -5.337888186999974, 0.0 ], [ 105.070035724000064, -5.337660937999912, 0.0 ], [ 105.070331388000099, -5.33753001, 0.0 ], [ 105.070683726000127, -5.337413893999988, 0.0 ], [ 105.070989247000085, -5.337295312999947, 0.0 ], [ 105.07123071000008, -5.337226132999907, 0.0 ], [ 105.071749126000071, -5.336940646, 0.0 ], [ 105.071340618000121, -5.336779637999912, 0.0 ], [ 105.071127647000083, -5.336680693999897, 0.0 ], [ 105.070887569000021, -5.336548768999906, 0.0 ], [ 105.07060683800006, -5.336480888999974, 0.0 ], [ 105.070293199000048, -5.336405241999932, 0.0 ], [ 105.070004730000079, -5.336310195999973, 0.0 ], [ 105.069789832000055, -5.33632768, 0.0 ], [ 105.069675621000016, -5.336391733999969, 0.0 ], [ 105.069441365000088, -5.336422807999964, 0.0 ], [ 105.069121936000045, -5.336469414999913, 0.0 ], [ 105.068806361000043, -5.336432576999885, 0.0 ], [ 105.068454000000102, -5.336343353999963, 0.0 ], [ 105.068090031000011, -5.336318172999922, 0.0 ], [ 105.067697038000091, -5.336395835999953, 0.0 ], [ 105.067367934000046, -5.336525879999966, 0.0 ], [ 105.067114330000024, -5.336671447999931, 0.0 ], [ 105.066903330000059, -5.336840287999957, 0.0 ], [ 105.066674904000081, -5.337040186999976, 0.0 ], [ 105.066365152000031, -5.337102314999965, 0.0 ], [ 105.066072819000084, -5.337158615999916, 0.0 ], [ 105.065772754000037, -5.337251790999987, 0.0 ], [ 105.06522926400001, -5.337219742999912, 0.0 ], [ 105.065027216, -5.337204945999931, 0.0 ], [ 105.064741391000055, -5.337190157999951, 0.0 ], [ 105.064361933000015, -5.337158091999962, 0.0 ], [ 105.064004652000023, -5.337138371999929, 0.0 ], [ 105.063699113000055, -5.337098887999948, 0.0 ], [ 105.06346503000006, -5.337059396999967, 0.0 ], [ 105.063295013000115, -5.337049535999951, 0.0 ], [ 105.062931374000044, -5.336985994999933, 0.0 ], [ 105.062706976000044, -5.336954263999973, 0.0 ], [ 105.062458812000017, -5.336909300999894, 0.0 ], [ 105.06205224700004, -5.336843193999931, 0.0 ], [ 105.061727524000091, -5.336845867999974, 0.0 ], [ 105.061328895000059, -5.33689089699997, 0.0 ], [ 105.061074010000112, -5.336970069999948, 0.0 ], [ 105.060931753000062, -5.3353689759999, 0.0 ], [ 105.060913692000071, -5.335269465999927, 0.0 ], [ 105.060805336000087, -5.334771917999971, 0.0 ], [ 105.060552579000046, -5.334355802999914, 0.0 ], [ 105.060669807000053, -5.333288301999962, 0.0 ], [ 105.061356446000033, -5.333091247, 0.0 ], [ 105.062113866000075, -5.332989621999941, 0.0 ], [ 105.06259223000005, -5.333089086, 0.0 ], [ 105.062574084000062, -5.332157295999908, 0.0 ], [ 105.062700446000036, -5.33219346899997, 0.0 ], [ 105.062765737000106, -5.331987419999974, 0.0 ], [ 105.062713665000061, -5.331085334999942, 0.0 ], [ 105.062661630000022, -5.330547554999944, 0.0 ], [ 105.062717275590103, -5.329894059007957, 0.0 ], [ 105.062965384, -5.329986460999882, 0.0 ], [ 105.063385504000138, -5.330126322999908, 0.0 ], [ 105.063810279000023, -5.33025133899986, 0.0 ], [ 105.064239184000073, -5.330361352999903, 0.0 ], [ 105.064671689000065, -5.330456230999848, 0.0 ], [ 105.065107261000136, -5.330535852999953, 0.0 ], [ 105.065545361000048, -5.330600123999941, 0.0 ], [ 105.065985449000138, -5.330648961999986, 0.0 ], [ 105.066426982000081, -5.330682306999902, 0.0 ], [ 105.068936984000104, -5.331242915999924, 0.0 ] ] ], [ [ [ 105.062185852, -5.322820823999942, 0.0 ], [ 105.061573608157346, -5.324570522078011, 0.0 ], [ 105.06156919600005, -5.324424598999945, 0.0 ], [ 105.06154375000007, -5.324206219, 0.0 ], [ 105.061524698000099, -5.3240344, 0.0 ], [ 105.061512378000046, -5.323848757, 0.0 ], [ 105.061497757000083, -5.32357483899998, 0.0 ], [ 105.061494359000065, -5.323349634999909, 0.0 ], [ 105.061509117000043, -5.323182986999976, 0.0 ], [ 105.061548069000068, -5.322985352999966, 0.0 ], [ 105.061636643000028, -5.32269664299997, 0.0 ], [ 105.061689701000063, -5.322581981999987, 0.0 ], [ 105.061760514000071, -5.322489763, 0.0 ], [ 105.061881147000094, -5.322398054999956, 0.0 ], [ 105.062097002000101, -5.322347535999951, 0.0 ], [ 105.062276236000102, -5.322335069999985, 0.0 ], [ 105.062355687990063, -5.322335459422169, 0.0 ], [ 105.062185852, -5.322820823999942, 0.0 ] ] ], [ [ [ 105.045999902000133, -5.287487774999912, 0.0 ], [ 105.046217196000086, -5.287554587999844, 0.0 ], [ 105.04710677500006, -5.287440770999842, 0.0 ], [ 105.047825996000057, -5.287251131999872, 0.0 ], [ 105.049169836000047, -5.287213108999923, 0.0 ], [ 105.056508487, -5.28714234199993, 0.0 ], [ 105.056819586000174, -5.287231578999853, 0.0 ], [ 105.057127461999968, -5.28733137199985, 0.0 ], [ 105.057431756000099, -5.287441604999911, 0.0 ], [ 105.057732114000174, -5.287562148999937, 0.0 ], [ 105.058028186999977, -5.287692865999917, 0.0 ], [ 105.058319630000113, -5.287833601999926, 0.0 ], [ 105.058606106000099, -5.287984192999863, 0.0 ], [ 105.058887280000093, -5.28814446599989, 0.0 ], [ 105.059162825000072, -5.288314232999904, 0.0 ], [ 105.059432422000086, -5.288493295999887, 0.0 ], [ 105.059695755000106, -5.288681447999911, 0.0 ], [ 105.059952521000042, -5.288878470999871, 0.0 ], [ 105.060202418000117, -5.289084132999923, 0.0 ], [ 105.060445158000036, -5.289298197999871, 0.0 ], [ 105.060680457000146, -5.289520413999872, 0.0 ], [ 105.060908042000136, -5.289750524999905, 0.0 ], [ 105.061127649000099, -5.289988261999946, 0.0 ], [ 105.061339021, -5.290233349999886, 0.0 ], [ 105.061541914, -5.290485501999877, 0.0 ], [ 105.061736090000082, -5.290744424999895, 0.0 ], [ 105.061921325000043, -5.291009819999916, 0.0 ], [ 105.062097403000138, -5.291281375999914, 0.0 ], [ 105.062264119000162, -5.291558777999862, 0.0 ], [ 105.062421278000201, -5.291841702999912, 0.0 ], [ 105.062568700000142, -5.292129822999859, 0.0 ], [ 105.062706211000062, -5.292422801999853, 0.0 ], [ 105.062833652000123, -5.292720299999866, 0.0 ], [ 105.062950874000052, -5.293021969999868, 0.0 ], [ 105.063028876000118, -5.293451500999881, 0.0 ], [ 105.063093060000185, -5.293883312999904, 0.0 ], [ 105.06314335900008, -5.294316961999902, 0.0 ], [ 105.063179723000161, -5.294752000999926, 0.0 ], [ 105.063202114000063, -5.29518798299994, 0.0 ], [ 105.06321050800004, -5.295624458999905, 0.0 ], [ 105.06320489700002, -5.296060978999874, 0.0 ], [ 105.063185287, -5.296497094999898, 0.0 ], [ 105.063151698000155, -5.296932356999941, 0.0 ], [ 105.063104165000126, -5.297366317999876, 0.0 ], [ 105.063042736000014, -5.297798530999932, 0.0 ], [ 105.063657440000071, -5.299318284999911, 0.0 ], [ 105.065205525, -5.302050176999908, 0.0 ], [ 105.066425309000024, -5.307188476999881, 0.0 ], [ 105.066525922000181, -5.311766009999909, 0.0 ], [ 105.064223246000083, -5.316135726999883, 0.0 ], [ 105.064090132000089, -5.316868821999877, 0.0 ], [ 105.063934246000059, -5.317597414999854, 0.0 ], [ 105.063755740000133, -5.318320797999933, 0.0 ], [ 105.063554787000015, -5.319038269999877, 0.0 ], [ 105.063331583000021, -5.319749132999897, 0.0 ], [ 105.063086342999981, -5.320452698999935, 0.0 ], [ 105.063064660281782, -5.320509178714618, 0.0 ], [ 105.062987075000123, -5.320419477999939, 0.0 ], [ 105.062797207000045, -5.320200752999961, 0.0 ], [ 105.06279519800006, -5.320198676999967, 0.0 ], [ 105.062493465000045, -5.319886884999926, 0.0 ], [ 105.062098092000014, -5.319482706999969, 0.0 ], [ 105.061881989000085, -5.319182414, 0.0 ], [ 105.061624851000033, -5.318852974, 0.0 ], [ 105.061394763000095, -5.318552653999932, 0.0 ], [ 105.061101681000082, -5.318178921, 0.0 ], [ 105.060835262000069, -5.317944886999916, 0.0 ], [ 105.060572611000097, -5.317756646999973, 0.0 ], [ 105.060370415000065, -5.317548010999941, 0.0 ], [ 105.060129865000064, -5.317207494999922, 0.0 ], [ 105.059839056000072, -5.316741166999973, 0.0 ], [ 105.0596731400001, -5.316514322999945, 0.0 ], [ 105.059552995000018, -5.316372680999949, 0.0 ], [ 105.05928687600003, -5.316160183999953, 0.0 ], [ 105.059017529000045, -5.315950640999935, 0.0 ], [ 105.058646951000114, -5.315755834999981, 0.0 ], [ 105.058266966000105, -5.315573117999962, 0.0 ], [ 105.057999190000075, -5.315444652999902, 0.0 ], [ 105.057807358, -5.315345707999976, 0.0 ], [ 105.057687221, -5.315277802999953, 0.0 ], [ 105.057279706000045, -5.31509699, 0.0 ], [ 105.056910863000084, -5.314941826999954, 0.0 ], [ 105.056615565000072, -5.314832798999904, 0.0 ], [ 105.056376908000047, -5.314786261999961, 0.0 ], [ 105.056091763000083, -5.314773871999913, 0.0 ], [ 105.055554271000105, -5.314783800999935, 0.0 ], [ 105.055218192000012, -5.314839927999961, 0.0 ], [ 105.054803438000064, -5.31493545599996, 0.0 ], [ 105.054477106000064, -5.315050115999943, 0.0 ], [ 105.054074483000051, -5.315260562999947, 0.0 ], [ 105.05379199100004, -5.315426438, 0.0 ], [ 105.053463563000051, -5.315678598999986, 0.0 ], [ 105.053277915000052, -5.315878224999983, 0.0 ], [ 105.053171120000101, -5.316028889999926, 0.0 ], [ 105.053054665000047, -5.31622908699997, 0.0 ], [ 105.052956730000034, -5.316462079999974, 0.0 ], [ 105.052874418000059, -5.316731682999988, 0.0 ], [ 105.052843552000084, -5.316961956999945, 0.0 ], [ 105.052826413000091, -5.317199103999938, 0.0 ], [ 105.052871239000069, -5.317503022999949, 0.0 ], [ 105.052950187000107, -5.317674861999956, 0.0 ], [ 105.053053150000011, -5.317764211999888, 0.0 ], [ 105.053200724000064, -5.317815751999978, 0.0 ], [ 105.053547346000045, -5.317874149999925, 0.0 ], [ 105.053914554000059, -5.317867243999975, 0.0 ], [ 105.054350396000061, -5.317836273999989, 0.0 ], [ 105.054862422000056, -5.317841036999939, 0.0 ], [ 105.055094557000075, -5.317923348, 0.0 ], [ 105.055220304, -5.318058943999938, 0.0 ], [ 105.05532671600011, -5.318286558999942, 0.0 ], [ 105.055437970000071, -5.318567448999913, 0.0 ], [ 105.055451380000122, -5.318849116999948, 0.0 ], [ 105.055439459000112, -5.319097307999966, 0.0 ], [ 105.055373795, -5.319433323999968, 0.0 ], [ 105.055278177000091, -5.319936606999955, 0.0 ], [ 105.055275168, -5.320185905999976, 0.0 ], [ 105.055260257000029, -5.320389244999925, 0.0 ], [ 105.055218473000124, -5.320595573999944, 0.0 ], [ 105.055107909000029, -5.320925755, 0.0 ], [ 105.055084033000099, -5.321060317999939, 0.0 ], [ 105.05510196300007, -5.321221789999887, 0.0 ], [ 105.055197526000072, -5.321395214999937, 0.0 ], [ 105.05553893700008, -5.321690543999948, 0.0 ], [ 105.055835438000102, -5.321852131, 0.0 ], [ 105.056071894000027, -5.32204003399991, 0.0 ], [ 105.056179053000022, -5.322218479999931, 0.0 ], [ 105.056253112000022, -5.322435619999956, 0.0 ], [ 105.056235969000014, -5.322766493999977, 0.0 ], [ 105.056227702000044, -5.323143279999977, 0.0 ], [ 105.056193978000096, -5.323441143999931, 0.0 ], [ 105.056108315000117, -5.323841664999941, 0.0 ], [ 105.056054476000014, -5.324166351999983, 0.0 ], [ 105.056011752000117, -5.324483474999932, 0.0 ], [ 105.055937134000075, -5.324697878999908, 0.0 ], [ 105.055889238000105, -5.324796010999945, 0.0 ], [ 105.0557431390001, -5.324990414999954, 0.0 ], [ 105.055557742000033, -5.325111946999884, 0.0 ], [ 105.055504981000112, -5.32514077299996, 0.0 ], [ 105.055273331000038, -5.325186428999919, 0.0 ], [ 105.055164208000065, -5.325204451999989, 0.0 ], [ 105.054892571000067, -5.325205722, 0.0 ], [ 105.054719891000076, -5.325204535999907, 0.0 ], [ 105.054653936000037, -5.325199737999954, 0.0 ], [ 105.054312199, -5.325261752999934, 0.0 ], [ 105.054168335, -5.325279053999944, 0.0 ], [ 105.053834577000018, -5.325363606999924, 0.0 ], [ 105.053443782, -5.325484284999961, 0.0 ], [ 105.053268945000113, -5.325514488999973, 0.0 ], [ 105.052996796000059, -5.325511118999961, 0.0 ], [ 105.052667554, -5.32555858899998, 0.0 ], [ 105.052425103000104, -5.32555250400001, 0.0 ], [ 105.05199337500008, -5.32552208199998, 0.0 ], [ 105.051387956000085, -5.32544158199998, 0.0 ], [ 105.051013310000087, -5.325377920999953, 0.0 ], [ 105.050803544000047, -5.325290955999952, 0.0 ], [ 105.050416441000081, -5.325162659999906, 0.0 ], [ 105.050194508000104, -5.325116707999923, 0.0 ], [ 105.049779058000098, -5.32512490899998, 0.0 ], [ 105.049619637000049, -5.325145929999943, 0.0 ], [ 105.049330162000089, -5.325219477999989, 0.0 ], [ 105.04899020900011, -5.325412557999888, 0.0 ], [ 105.048809132000045, -5.325495002999959, 0.0 ], [ 105.0481152360001, -5.325772249999984, 0.0 ], [ 105.047724499000097, -5.32490304999992, 0.0 ], [ 105.047552010000047, -5.324737593, 0.0 ], [ 105.047294515000047, -5.324621111999951, 0.0 ], [ 105.047127832000029, -5.324612674999964, 0.0 ], [ 105.046881647000092, -5.324392907999899, 0.0 ], [ 105.046684516000113, -5.324185467999966, 0.0 ], [ 105.046421208000098, -5.323939928999989, 0.0 ], [ 105.046132552000103, -5.323635119, 0.0 ], [ 105.04596920600008, -5.323334533, 0.0 ], [ 105.0459382210001, -5.323208934, 0.0 ], [ 105.04591707400003, -5.322830717999961, 0.0 ], [ 105.045921285000119, -5.322657132999987, 0.0 ], [ 105.045933943000094, -5.322480724999958, 0.0 ], [ 105.045931118000041, -5.322353710999929, 0.0 ], [ 105.045912804000039, -5.322209764, 0.0 ], [ 105.045866329, -5.322047472999904, 0.0 ], [ 105.045818449000052, -5.321914817999941, 0.0 ], [ 105.045738180000072, -5.321707369, 0.0 ], [ 105.045664955000049, -5.321569071999933, 0.0 ], [ 105.045577655000017, -5.32147029000002, 0.0 ], [ 105.045443889000055, -5.321344697999931, 0.0 ], [ 105.045279149000095, -5.32122898699995, 0.0 ], [ 105.045128492000075, -5.321144321999961, 0.0 ], [ 105.044966570000085, -5.321059657999973, 0.0 ], [ 105.044735617000072, -5.320986325999945, 0.0 ], [ 105.044969929, -5.319219512999952, 0.0 ], [ 105.04482114800004, -5.318872688999944, 0.0 ], [ 105.044704054000121, -5.3185007399999, 0.0 ], [ 105.044496873000028, -5.317193414, 0.0 ], [ 105.044407796000129, -5.316603061999915, 0.0 ], [ 105.044273979000067, -5.315863851999948, 0.0 ], [ 105.044229202000096, -5.315318303999929, 0.0 ], [ 105.044165711000076, -5.314587547999951, 0.0 ], [ 105.043902712000076, -5.313790168999967, 0.0 ], [ 105.043939271000085, -5.313114174, 0.0 ], [ 105.04391531400006, -5.312816399999955, 0.0 ], [ 105.04384066500009, -5.312404316999965, 0.0 ], [ 105.043647747000122, -5.311976718999935, 0.0 ], [ 105.043411889000055, -5.311573822, 0.0 ], [ 105.043622688000085, -5.311011429, 0.0 ], [ 105.043973605000076, -5.310466639999957, 0.0 ], [ 105.044335110000063, -5.309963798999918, 0.0 ], [ 105.044691919000101, -5.309540141999948, 0.0 ], [ 105.044652152000097, -5.30863524699995, 0.0 ], [ 105.044469156000048, -5.308494532999942, 0.0 ], [ 105.044314309000114, -5.308480928999971, 0.0 ], [ 105.044118006000033, -5.308156651999964, 0.0 ], [ 105.043874062000015, -5.307865596999951, 0.0 ], [ 105.043783056000038, -5.307669609999989, 0.0 ], [ 105.043721078000061, -5.307256296999986, 0.0 ], [ 105.043643618000047, -5.306905069999969, 0.0 ], [ 105.043428909000042, -5.306397085999949, 0.0 ], [ 105.043335924000075, -5.305514178, 0.0 ], [ 105.043135506000013, -5.304517210000016, 0.0 ], [ 105.043020864000127, -5.303272721999987, 0.0 ], [ 105.04312605100003, -5.302621906999962, 0.0 ], [ 105.04320942, -5.302289532, 0.0 ], [ 105.043270936000027, -5.301785996999987, 0.0 ], [ 105.042714499000084, -5.301467036999975, 0.0 ], [ 105.042077879, -5.301355274999965, 0.0 ], [ 105.041882254000058, -5.301260769999962, 0.0 ], [ 105.041724214000041, -5.301097943, 0.0 ], [ 105.041588616000098, -5.300891093999928, 0.0 ], [ 105.041454797000128, -5.300697488999985, 0.0 ], [ 105.041279502000108, -5.300540850999903, 0.0 ], [ 105.040929509000094, -5.300405166999957, 0.0 ], [ 105.040641045000129, -5.300341696999945, 0.0 ], [ 105.040347896000114, -5.300258967999939, 0.0 ], [ 105.039876140000075, -5.300160453999959, 0.0 ], [ 105.039584101000074, -5.30007206999993, 0.0 ], [ 105.039105647, -5.299944535999947, 0.0 ], [ 105.038543299000111, -5.297397933999916, 0.0 ], [ 105.038654703000091, -5.2965024829999, 0.0 ], [ 105.038716178000115, -5.295286198999984, 0.0 ], [ 105.038522603000075, -5.293715605999973, 0.0 ], [ 105.038385737000041, -5.288998576999949, 0.0 ], [ 105.039777507000082, -5.288324422999947, 0.0 ], [ 105.041040790000068, -5.287569397, 0.0 ], [ 105.041564475000058, -5.286981029999906, 0.0 ], [ 105.041851450000081, -5.286469564999953, 0.0 ], [ 105.042021964000071, -5.286178317999925, 0.0 ], [ 105.042177261736342, -5.285956747303201, 0.0 ], [ 105.042952726000166, -5.286225016999881, 0.0 ], [ 105.043230399000137, -5.286658828999892, 0.0 ], [ 105.043425963000161, -5.286964359999947, 0.0 ], [ 105.043554099000104, -5.287002132999875, 0.0 ], [ 105.044346301, -5.287235664999836, 0.0 ], [ 105.04517143200016, -5.287310739999919, 0.0 ], [ 105.045950516000133, -5.287473510999886, 0.0 ], [ 105.045999902000133, -5.287487774999912, 0.0 ] ] ], [ [ [ 105.042507106000159, -5.2854427099999, 0.0 ], [ 105.041995584293204, -5.285560554957071, 0.0 ], [ 105.041330515000055, -5.28550317599993, 0.0 ], [ 105.040409461000053, -5.285168432999944, 0.0 ], [ 105.039027728000036, -5.28488416099996, 0.0 ], [ 105.038602275000102, -5.284829773, 0.0 ], [ 105.038043231000117, -5.284696452999972, 0.0 ], [ 105.037497497000089, -5.284526301999927, 0.0 ], [ 105.036541402000111, -5.284153941999937, 0.0 ], [ 105.036906857000062, -5.279943336999983, 0.0 ], [ 105.036655108000019, -5.276525960999935, 0.0 ], [ 105.038096086000053, -5.276496699999912, 0.0 ], [ 105.038509367000046, -5.276388721999949, 0.0 ], [ 105.039338822000019, -5.275980217999988, 0.0 ], [ 105.039805156000057, -5.275832005999982, 0.0 ], [ 105.040308668000065, -5.275753205999946, 0.0 ], [ 105.040707395000112, -5.275703576999925, 0.0 ], [ 105.041079928000016, -5.275589774999924, 0.0 ], [ 105.04139716300007, -5.275429285999968, 0.0 ], [ 105.042177147000032, -5.275102471999928, 0.0 ], [ 105.042650190000089, -5.274751469999929, 0.0 ], [ 105.043110009000131, -5.274249626999973, 0.0 ], [ 105.043240859000022, -5.274094992999968, 0.0 ], [ 105.043896933000042, -5.273306514999922, 0.0 ], [ 105.044054081000084, -5.273061432999983, 0.0 ], [ 105.044202495, -5.272731738999971, 0.0 ], [ 105.044423650000013, -5.272162812999971, 0.0 ], [ 105.044525476000089, -5.27167557699998, 0.0 ], [ 105.044574932, -5.271299218999927, 0.0 ], [ 105.04470295800003, -5.270832408999938, 0.0 ], [ 105.044961953000055, -5.27039767599994, 0.0 ], [ 105.044856430906421, -5.269795957499403, 0.0 ], [ 105.045523068000122, -5.269493441999908, 0.0 ], [ 105.05123126400018, -5.269305711999918, 0.0 ], [ 105.051636760999969, -5.270280147999896, 0.0 ], [ 105.051555824000204, -5.272066677999922, 0.0 ], [ 105.051183571000223, -5.27222731499989, 0.0 ], [ 105.050816858000175, -5.272400225999897, 0.0 ], [ 105.050456089000164, -5.272585219999927, 0.0 ], [ 105.050101663000234, -5.272782092999874, 0.0 ], [ 105.049753971000072, -5.272990627999897, 0.0 ], [ 105.04941339500013, -5.27321059399989, 0.0 ], [ 105.049080313000019, -5.27344174999992, 0.0 ], [ 105.048755091000103, -5.273683838999878, 0.0 ], [ 105.048438088000168, -5.273936595999919, 0.0 ], [ 105.048129653999965, -5.274199740999931, 0.0 ], [ 105.047830128999962, -5.274472982999891, 0.0 ], [ 105.047539843000195, -5.27475602199995, 0.0 ], [ 105.047259118000142, -5.275048545999907, 0.0 ], [ 105.046988261000109, -5.27535022999991, 0.0 ], [ 105.046727573000041, -5.275660742999934, 0.0 ], [ 105.046477341000113, -5.27597974299986, 0.0 ], [ 105.04372241600008, -5.282213009999838, 0.0 ], [ 105.043656846000076, -5.284715682999876, 0.0 ], [ 105.042507106000159, -5.2854427099999, 0.0 ] ] ] ] } },
{ "type": "Feature", "properties": { "KDPPUM": null, "NAMOBJ": "KALIREJO", "REMARK": "Wilayah Administrasi Kecamatan", "KDPBPS": null, "FCODE": null, "LUASWH": 0.0, "UUPP": null, "SRS_ID": null, "LCODE": "BA0080", "METADATA": null, "KDEBPS": null, "KDEPUM": null, "KDCBPS": null, "KDCPUM": null, "KDBBPS": null, "KDBPUM": null, "WADMKD": null, "WIADKD": null, "WADMKC": null, "WIADKC": null, "WADMKK": "LAMPUNG TENGAH", "WIADKK": null, "WADMPR": "LAMPUNG", "WIADPR": null, "TIPADM": 0, "Shape_Leng": 0.46778299736000001, "Shape_Area": 0.00913513585 }, "geometry": { "type": "MultiPolygon", "coordinates": [ [ [ [ 104.957872244000015, -5.260085326999965, 0.0 ], [ 104.957352651000093, -5.260208162, 0.0 ], [ 104.956762110000085, -5.26027407899995, 0.0 ], [ 104.956022217000069, -5.26042933, 0.0 ], [ 104.95537487100006, -5.260680035999966, 0.0 ], [ 104.95517639200007, -5.260730455999964, 0.0 ], [ 104.954560030000053, -5.260945203999968, 0.0 ], [ 104.953787414000075, -5.261188480999936, 0.0 ], [ 104.952903799000055, -5.261429792999918, 0.0 ], [ 104.952258736000061, -5.261765571999989, 0.0 ], [ 104.951659284000115, -5.262091073999921, 0.0 ], [ 104.950542864000028, -5.262608186999985, 0.0 ], [ 104.949679981000131, -5.263202819999981, 0.0 ], [ 104.947511395000021, -5.263787178000014, 0.0 ], [ 104.946430288000016, -5.263954361999902, 0.0 ], [ 104.945420460000037, -5.264688269999963, 0.0 ], [ 104.94446617100003, -5.264553978999954, 0.0 ], [ 104.942873953000102, -5.264594974999971, 0.0 ], [ 104.94200031900003, -5.264672284999973, 0.0 ], [ 104.940942205000056, -5.264649538999956, 0.0 ], [ 104.939091748000067, -5.26464623999995, 0.0 ], [ 104.938578598000063, -5.26472699099997, 0.0 ], [ 104.938332981000073, -5.264592922999979, 0.0 ], [ 104.937991883, -5.26440673899994, 0.0 ], [ 104.937722233000088, -5.26400742399994, 0.0 ], [ 104.937707113000073, -5.263408749999966, 0.0 ], [ 104.937748562000039, -5.262234846999915, 0.0 ], [ 104.937291019000014, -5.260750951999972, 0.0 ], [ 104.937013808000088, -5.259856243999929, 0.0 ], [ 104.936265063000036, -5.258841810000016, 0.0 ], [ 104.936197819000071, -5.258824141999975, 0.0 ], [ 104.936139259000115, -5.258808755999945, 0.0 ], [ 104.936045685526523, -5.258756839516922, 0.0 ], [ 104.936119764000097, -5.258761760999965, 0.0 ], [ 104.936303997000067, -5.258774, 0.0 ], [ 104.936978013000143, -5.258874078999932, 0.0 ], [ 104.937110441, -5.258893741999872, 0.0 ], [ 104.941714074000146, -5.258410742999876, 0.0 ], [ 104.947132476000107, -5.258549738999919, 0.0 ], [ 104.955891652000091, -5.26011291999985, 0.0 ], [ 104.959611402000021, -5.259452112999886, 0.0 ], [ 104.962431298000112, -5.25740901899986, 0.0 ], [ 104.96333125300005, -5.256868206999878, 0.0 ], [ 104.96353699700002, -5.256775999999887, 0.0 ], [ 104.963773997000189, -5.256380999999889, 0.0 ], [ 104.963935997, -5.256017999999875, 0.0 ], [ 104.964147997000126, -5.255460999999885, 0.0 ], [ 104.964248996999956, -5.255286999999877, 0.0 ], [ 104.964306997000136, -5.255222, 0.0 ], [ 104.9643719970001, -5.255168999999883, 0.0 ], [ 104.964532997, -5.255091, 0.0 ], [ 104.965319997000208, -5.25492099999988, 0.0 ], [ 104.965623997000037, -5.254806999999863, 0.0 ], [ 104.965770997000121, -5.254726, 0.0 ], [ 104.96591099700008, -5.254623, 0.0 ], [ 104.966045996999966, -5.254499, 0.0 ], [ 104.966303997, -5.254181, 0.0 ], [ 104.966558997000135, -5.25376, 0.0 ], [ 104.966826997000098, -5.253226999999873, 0.0 ], [ 104.967906997000199, -5.250751, 0.0 ], [ 104.968313804000204, -5.249876520999853, 0.0 ], [ 104.968561997000123, -5.249343, 0.0 ], [ 104.968739997000199, -5.248928999999881, 0.0 ], [ 104.969137997, -5.24788, 0.0 ], [ 104.969612997000041, -5.246395, 0.0 ], [ 104.969779997, -5.245845999999878, 0.0 ], [ 104.969907997000206, -5.245496999999867, 0.0 ], [ 104.970063997000054, -5.245196999999825, 0.0 ], [ 104.970313997000133, -5.244797, 0.0 ], [ 104.97037099700006, -5.244733999999886, 0.0 ], [ 104.970529997000071, -5.244668, 0.0 ], [ 104.971663997000107, -5.244360999999843, 0.0 ], [ 104.971814997000166, -5.244342, 0.0 ], [ 104.972021997000056, -5.244344, 0.0 ], [ 104.973021903341603, -5.244434505012498, 0.0 ], [ 104.972905988000022, -5.244485482999929, 0.0 ], [ 104.972514548000049, -5.244780283999985, 0.0 ], [ 104.97235299800009, -5.244913152999965, 0.0 ], [ 104.972224585000035, -5.24506886499997, 0.0 ], [ 104.972042325000061, -5.245197580999962, 0.0 ], [ 104.971757672000038, -5.245993446999909, 0.0 ], [ 104.971608539000044, -5.246327583999934, 0.0 ], [ 104.97153835200001, -5.246641206999948, 0.0 ], [ 104.971526638000014, -5.247060350999989, 0.0 ], [ 104.971529550000085, -5.247306561999933, 0.0 ], [ 104.971529540000077, -5.247532255999955, 0.0 ], [ 104.971517836, -5.247722775999909, 0.0 ], [ 104.971453502000102, -5.247919155, 0.0 ], [ 104.971345310000032, -5.248089152999937, 0.0 ], [ 104.971248816000042, -5.248223977999901, 0.0 ], [ 104.971187407000016, -5.248391046999958, 0.0 ], [ 104.971161083000055, -5.248578634999935, 0.0 ], [ 104.971120138000046, -5.248816050999951, 0.0 ], [ 104.970994400000038, -5.249056393999942, 0.0 ], [ 104.970804338000036, -5.249261560999953, 0.0 ], [ 104.970602581000037, -5.249443278999978, 0.0 ], [ 104.970418366000075, -5.249654307999942, 0.0 ], [ 104.970202729000079, -5.250000013999946, 0.0 ], [ 104.970164202, -5.250087914999936, 0.0 ], [ 104.970073910000082, -5.250340978999914, 0.0 ], [ 104.969906104000046, -5.250687706999914, 0.0 ], [ 104.969760760000014, -5.251003732999949, 0.0 ], [ 104.969572012000029, -5.251629237999923, 0.0 ], [ 104.969483866000104, -5.251915656999907, 0.0 ], [ 104.969340870000096, -5.25221101099992, 0.0 ], [ 104.968951247000092, -5.252833981999951, 0.0 ], [ 104.968763848000037, -5.253178510999946, 0.0 ], [ 104.968593950000113, -5.253622371, 0.0 ], [ 104.968455253000087, -5.253994692999887, 0.0 ], [ 104.96834833500013, -5.25430221599993, 0.0 ], [ 104.968209570000099, -5.254587591, 0.0 ], [ 104.968009198000047, -5.254825215999949, 0.0 ], [ 104.967816946000127, -5.254917444999942, 0.0 ], [ 104.967447840000048, -5.255057158999955, 0.0 ], [ 104.967047950000094, -5.255208957, 0.0 ], [ 104.966757467000036, -5.255295615999968, 0.0 ], [ 104.966442640000096, -5.255490452999924, 0.0 ], [ 104.966230427000127, -5.255714325999973, 0.0 ], [ 104.965879530000052, -5.256383298999902, 0.0 ], [ 104.965639146000058, -5.256706581999916, 0.0 ], [ 104.965332550000085, -5.257023347999924, 0.0 ], [ 104.96506405100007, -5.25724658400001, 0.0 ], [ 104.964780848, -5.257518335999935, 0.0 ], [ 104.964278233000073, -5.257955453999953, 0.0 ], [ 104.963953143000083, -5.258144716999981, 0.0 ], [ 104.963440953000074, -5.258560085999976, 0.0 ], [ 104.9631761240001, -5.258822148999988, 0.0 ], [ 104.962491336000099, -5.25928757099995, 0.0 ], [ 104.962177489000069, -5.259341306999955, 0.0 ], [ 104.961048724000108, -5.259343498999959, 0.0 ], [ 104.960422676000093, -5.259356567999975, 0.0 ], [ 104.959765221000055, -5.259548402999949, 0.0 ], [ 104.95914375600006, -5.259861192999983, 0.0 ], [ 104.958673564000051, -5.259976794999956, 0.0 ], [ 104.957872244000015, -5.260085326999965, 0.0 ] ] ], [ [ [ 105.036665537000076, -5.209090182999988, 0.0 ], [ 105.038223596000122, -5.209922373999921, 0.0 ], [ 105.039234177000068, -5.21442977899992, 0.0 ], [ 105.039286867000072, -5.214675803999848, 0.0 ], [ 105.038578623726181, -5.215931234157102, 0.0 ], [ 105.038459181000079, -5.215872515999921, 0.0 ], [ 105.038068093000049, -5.215704671999978, 0.0 ], [ 105.037708935000083, -5.215624755999938, 0.0 ], [ 105.037389687000044, -5.21562477499994, 0.0 ], [ 105.037062461000062, -5.215664762999962, 0.0 ], [ 105.036823029000061, -5.215696752999945, 0.0 ], [ 105.036495800000068, -5.215696771999946, 0.0 ], [ 105.035671508000078, -5.215576269999923, 0.0 ], [ 105.034857422000044, -5.215488384999935, 0.0 ], [ 105.034163056000054, -5.215408485999985, 0.0 ], [ 105.033474548000115, -5.215245900999944, 0.0 ], [ 105.033007386000094, -5.215076577999968, 0.0 ], [ 105.032707998000021, -5.215024737999942, 0.0 ], [ 105.032401812000089, -5.21501112599997, 0.0 ], [ 105.032136453000064, -5.215011138999971, 0.0 ], [ 105.031925525000105, -5.215031593999887, 0.0 ], [ 105.031816661000079, -5.215065673999954, 0.0 ], [ 105.031673779000059, -5.215154272999913, 0.0 ], [ 105.031462856000104, -5.215242875999961, 0.0 ], [ 105.031319975000102, -5.215351918999923, 0.0 ], [ 105.031258744000098, -5.215454144999944, 0.0 ], [ 105.031190708000068, -5.215549554999933, 0.0 ], [ 105.031013800000082, -5.215570006999938, 0.0 ], [ 105.03082151100007, -5.215520933999963, 0.0 ], [ 105.030699034000065, -5.215452792999921, 0.0 ], [ 105.030603773000081, -5.21537102, 0.0 ], [ 105.030522118000079, -5.215261987999943, 0.0 ], [ 105.030460876000078, -5.215152952999981, 0.0 ], [ 105.030331591000035, -5.215016664999984, 0.0 ], [ 105.030107051000101, -5.214914452999965, 0.0 ], [ 105.029902923000094, -5.214839499999892, 0.0 ], [ 105.029719211000085, -5.214819064999977, 0.0 ], [ 105.029535497000069, -5.214757739999966, 0.0 ], [ 105.02942283700007, -5.214642445000019, 0.0 ], [ 105.029215356000051, -5.214448508999959, 0.0 ], [ 105.028897220000019, -5.214254578999901, 0.0 ], [ 105.028468433000057, -5.214019092999957, 0.0 ], [ 105.028300672000043, -5.213939511999945, 0.0 ], [ 105.028202743000108, -5.214089125999978, 0.0 ], [ 105.027908195000066, -5.214471519, 0.0 ], [ 105.027530562, -5.214804702999944, 0.0 ], [ 105.027232234000095, -5.215016730999901, 0.0 ], [ 105.026952784000073, -5.215243901999957, 0.0 ], [ 105.026578920000048, -5.215543015000014, 0.0 ], [ 105.026310805000065, -5.215819398999967, 0.0 ], [ 105.026072897000091, -5.216179081999973, 0.0 ], [ 105.025944509000041, -5.21647817599994, 0.0 ], [ 105.025850112000043, -5.216754560999982, 0.0 ], [ 105.025717943000032, -5.217049873999903, 0.0 ], [ 105.025574151000043, -5.21737846, 0.0 ], [ 105.025339757000012, -5.217849188999958, 0.0 ], [ 105.024860188000034, -5.218916855999923, 0.0 ], [ 105.02467515700009, -5.219484760999928, 0.0 ], [ 105.024437266000035, -5.22011324399997, 0.0 ], [ 105.023651812000054, -5.22174881999994, 0.0 ], [ 105.023353478000061, -5.222169070999984, 0.0 ], [ 105.023040045000073, -5.222536327999906, 0.0 ], [ 105.022783250000046, -5.222793783999981, 0.0 ], [ 105.02209644800007, -5.222368919, 0.0 ], [ 105.021764228000023, -5.222253513999954, 0.0 ], [ 105.021412282000128, -5.222174386999979, 0.0 ], [ 105.020994544000104, -5.22214802199993, 0.0 ], [ 105.02057023800009, -5.222151337999938, 0.0 ], [ 105.020119611000013, -5.222230491999914, 0.0 ], [ 105.01968873000007, -5.22236569699991, 0.0 ], [ 105.019261198000038, -5.222520695999945, 0.0 ], [ 105.019039601000088, -5.222616469999965, 0.0 ], [ 105.018728246000094, -5.222750118, 0.0 ], [ 105.018455016000047, -5.222851945999908, 0.0 ], [ 105.018264391000073, -5.222947407999902, 0.0 ], [ 105.018067412000036, -5.223036507, 0.0 ], [ 105.017933973000098, -5.223100147999928, 0.0 ], [ 105.017806889000056, -5.223106514999921, 0.0 ], [ 105.017673449000128, -5.223081063999947, 0.0 ], [ 105.01752094500003, -5.223042884999897, 0.0 ], [ 105.017355733000031, -5.223004706999935, 0.0 ], [ 105.01721593900001, -5.222972891999968, 0.0 ], [ 105.017076145, -5.222947441, 0.0 ], [ 105.01689822500002, -5.222928354999924, 0.0 ], [ 105.01670759600006, -5.222921996999931, 0.0 ], [ 105.016497907000115, -5.222953820999988, 0.0 ], [ 105.016297724000069, -5.222998085, 0.0 ], [ 105.015960926000091, -5.22312510799995, 0.0 ], [ 105.015684850000071, -5.223270031999951, 0.0 ], [ 105.015500332000087, -5.223407407999948, 0.0 ], [ 105.015372538000079, -5.223560741999934, 0.0 ], [ 105.015215562000066, -5.223763849999953, 0.0 ], [ 105.01500031800002, -5.223986942999938, 0.0 ], [ 105.014508550000087, -5.224493823999955, 0.0 ], [ 105.014656580000079, -5.224906, 0.0 ], [ 105.014676325000025, -5.225324782999964, 0.0 ], [ 105.014636865000057, -5.225789722999975, 0.0 ], [ 105.01424875700009, -5.226825138000025, 0.0 ], [ 105.014157156000067, -5.22705168199994, 0.0 ], [ 105.014075054000017, -5.227254735999955, 0.0 ], [ 105.013968163000058, -5.227603681999961, 0.0 ], [ 105.013883274000051, -5.228032155999886, 0.0 ], [ 105.013880521, -5.228402757, 0.0 ], [ 105.013905161000082, -5.228573139999972, 0.0 ], [ 105.013916083000098, -5.228743349999933, 0.0 ], [ 105.013907865000036, -5.228869749, 0.0 ], [ 105.01389431300008, -5.228956767999916, 0.0 ], [ 105.013471818000113, -5.229481305999974, 0.0 ], [ 105.01289291900008, -5.230064965999949, 0.0 ], [ 105.012610047000038, -5.230348553999965, 0.0 ], [ 105.012261391000052, -5.230727774999901, 0.0 ], [ 105.011843666000047, -5.231143264, 0.0 ], [ 105.011409487, -5.231453233999973, 0.0 ], [ 105.010985169000065, -5.231710444999939, 0.0 ], [ 105.010090072000082, -5.231291820999941, 0.0 ], [ 105.009786591000108, -5.231195669999979, 0.0 ], [ 105.009570247000056, -5.231164344999963, 0.0 ], [ 105.009346865000055, -5.231153112999921, 0.0 ], [ 105.008875445000029, -5.231072487999912, 0.0 ], [ 105.008540667000048, -5.230891244999926, 0.0 ], [ 105.008263859000053, -5.230584623999958, 0.0 ], [ 105.008089429, -5.230316268999958, 0.0 ], [ 105.008021597, -5.230237636999936, 0.0 ], [ 105.007914346000092, -5.23018806399992, 0.0 ], [ 105.007815345000068, -5.230171540999974, 0.0 ], [ 105.007600846000088, -5.230146756999966, 0.0 ], [ 105.007345094000073, -5.230080662, 0.0 ], [ 105.007180093, -5.23000630499998, 0.0 ], [ 105.007023342000096, -5.22988237299994, 0.0 ], [ 105.006858340000022, -5.229684081999965, 0.0 ], [ 105.006619088000036, -5.229469265999954, 0.0 ], [ 105.006322086000068, -5.229262713999917, 0.0 ], [ 105.006033335000069, -5.22908920999995, 0.0 ], [ 105.005860084000034, -5.229014852000015, 0.0 ], [ 105.005686834000088, -5.228973541999972, 0.0 ], [ 105.005315584000101, -5.228957020999937, 0.0 ], [ 105.00512583500003, -5.228973546999972, 0.0 ], [ 105.004762835000108, -5.2290231229999, 0.0 ], [ 105.004589586000066, -5.229080959999978, 0.0 ], [ 105.004383337000064, -5.229097484999924, 0.0 ], [ 105.004185337000109, -5.229097485999924, 0.0 ], [ 105.004036837000072, -5.229064437999943, 0.0 ], [ 105.004016139000058, -5.229057263999971, 0.0 ], [ 105.004010070000078, -5.228737982999933, 0.0 ], [ 105.003929663000093, -5.2283545, 0.0 ], [ 105.003844384000047, -5.228105357999903, 0.0 ], [ 105.003632407000097, -5.227702334999952, 0.0 ], [ 105.003298606000016, -5.22727244399991, 0.0 ], [ 105.002906330000059, -5.226959796999976, 0.0 ], [ 105.002419032000063, -5.226669133, 0.0 ], [ 105.002211930000072, -5.226537235, 0.0 ], [ 105.001975590000058, -5.226314961999913, 0.0 ], [ 105.001858638000058, -5.226082917999987, 0.0 ], [ 105.001770924000084, -5.225865528999941, 0.0 ], [ 105.001685647000045, -5.225721418, 0.0 ], [ 105.001558950000046, -5.225579748999921, 0.0 ], [ 105.001039943000094, -5.225321542999962, 0.0 ], [ 105.00091604400005, -5.225502899999958, 0.0 ], [ 105.000632077, -5.225723834999942, 0.0 ], [ 105.000442392000124, -5.225892002, 0.0 ], [ 105.000261488000078, -5.226020607999983, 0.0 ], [ 104.99999999900011, -5.226206176999971, 0.0 ], [ 104.999980164000064, -5.22621736199992, 0.0 ], [ 104.999857366000029, -5.226291732999945, 0.0 ], [ 104.999724333000046, -5.226400735, 0.0 ], [ 104.999638632000057, -5.226504607999972, 0.0 ], [ 104.999563164000023, -5.226628988999961, 0.0 ], [ 104.999529902000035, -5.226793129999953, 0.0 ], [ 104.999504319000039, -5.226991900999968, 0.0 ], [ 104.999518396000056, -5.227076530999954, 0.0 ], [ 104.999575951000025, -5.227211179999903, 0.0 ], [ 104.999645030000053, -5.227339414999944, 0.0 ], [ 104.999711546000043, -5.227457391999936, 0.0 ], [ 104.999789577000016, -5.227592040999975, 0.0 ], [ 104.999834345000082, -5.227692058999901, 0.0 ], [ 104.999888065000093, -5.227848510999968, 0.0 ], [ 104.999923881000115, -5.22801778099994, 0.0 ], [ 104.999935396000097, -5.228198584999978, 0.0 ], [ 104.999935396000097, -5.228357597, 0.0 ], [ 104.999934115000073, -5.228548669, 0.0 ], [ 104.999928998000101, -5.228746155999987, 0.0 ], [ 104.999914929000084, -5.228926959999937, 0.0 ], [ 104.999893181000061, -5.229060323999958, 0.0 ], [ 104.999843919000071, -5.229441500999966, 0.0 ], [ 104.99977194300007, -5.229701525999898, 0.0 ], [ 104.999717257000071, -5.229975184999981, 0.0 ], [ 104.999576030000114, -5.230795553999913, 0.0 ], [ 104.999539356000099, -5.231066009999909, 0.0 ], [ 104.999484354000074, -5.231428359999958, 0.0 ], [ 104.999390061, -5.231730324999985, 0.0 ], [ 104.99921195200001, -5.232095308999897, 0.0 ], [ 104.998939550000031, -5.232507550999989, 0.0 ], [ 104.998787629000077, -5.232675598999949, 0.0 ], [ 104.998604285000098, -5.232901418999981, 0.0 ], [ 104.998392128000035, -5.233132485999915, 0.0 ], [ 104.998200916000116, -5.233342546999976, 0.0 ], [ 104.997920662000112, -5.233586739000019, 0.0 ], [ 104.997367996000037, -5.233972726999982, 0.0 ], [ 104.996802236000022, -5.234369208000013, 0.0 ], [ 104.996312432000096, -5.234644917, 0.0 ], [ 104.996047888000049, -5.234797204999987, 0.0 ], [ 104.995555465000081, -5.235209444, 0.0 ], [ 104.995366877, -5.235409000999981, 0.0 ], [ 104.995157335000087, -5.235603309999894, 0.0 ], [ 104.994908502000015, -5.235802865999974, 0.0 ], [ 104.994575851000022, -5.236073318999969, 0.0 ], [ 104.994316540000057, -5.236354266999944, 0.0 ], [ 104.994114856000067, -5.236616840999909, 0.0 ], [ 104.993394900000098, -5.236992935999941, 0.0 ], [ 104.992944197000028, -5.237224549999921, 0.0 ], [ 104.992265428000081, -5.23757031799993, 0.0 ], [ 104.990952673, -5.23822763399996, 0.0 ], [ 104.990016332000067, -5.238640202999902, 0.0 ], [ 104.989628631000045, -5.238771440999924, 0.0 ], [ 104.989251854000045, -5.238782371999941, 0.0 ], [ 104.98867443400006, -5.238644755999923, 0.0 ], [ 104.988054794000035, -5.238517451999959, 0.0 ], [ 104.986847286000042, -5.238517427999957, 0.0 ], [ 104.985925765, -5.23861287699995, 0.0 ], [ 104.985210790000096, -5.238756064999984, 0.0 ], [ 104.984422695000077, -5.238999474999963, 0.0 ], [ 104.984390215000047, -5.239044199999933, 0.0 ], [ 104.984185170000046, -5.239330708999924, 0.0 ], [ 104.984013272000126, -5.239519632999924, 0.0 ], [ 104.983845508000101, -5.239671193999941, 0.0 ], [ 104.983611479000018, -5.239833130999928, 0.0 ], [ 104.983369157000126, -5.239976375999968, 0.0 ], [ 104.982778903000053, -5.240275330999923, 0.0 ], [ 104.982532437000089, -5.240476718999977, 0.0 ], [ 104.982292188000102, -5.240692635, 0.0 ], [ 104.982083010000025, -5.240887789999972, 0.0 ], [ 104.981898675000053, -5.241118236999943, 0.0 ], [ 104.981741267000075, -5.241359069999975, 0.0 ], [ 104.981598362000071, -5.241568764999917, 0.0 ], [ 104.981397457000057, -5.241842814999943, 0.0 ], [ 104.981275264000075, -5.241994367999959, 0.0 ], [ 104.980668421000047, -5.242557, 0.0 ], [ 104.98035982800009, -5.242837270999891, 0.0 ], [ 104.980009804000076, -5.243140383000013, 0.0 ], [ 104.979676359000024, -5.243383289999949, 0.0 ], [ 104.97938640400011, -5.243559751999983, 0.0 ], [ 104.979065379000104, -5.243694697999958, 0.0 ], [ 104.978816848000051, -5.243786041999966, 0.0 ], [ 104.978520686000067, -5.243891912000022, 0.0 ], [ 104.978222449000071, -5.243977029999959, 0.0 ], [ 104.977737810000036, -5.244217849999901, 0.0 ], [ 104.977466491000058, -5.244356940999952, 0.0 ], [ 104.977213816000116, -5.244477349999967, 0.0 ], [ 104.976801672000121, -5.244622668, 0.0 ], [ 104.976037437000031, -5.244761747999961, 0.0 ], [ 104.97562944000002, -5.244774188999925, 0.0 ], [ 104.975231793000077, -5.244786630999977, 0.0 ], [ 104.974931484000095, -5.244776232999916, 0.0 ], [ 104.974645678000073, -5.244722240999979, 0.0 ], [ 104.974295676000068, -5.244603888999956, 0.0 ], [ 104.973938554891561, -5.244477738044585, 0.0 ], [ 104.97426499700002, -5.244464, 0.0 ], [ 104.974485997, -5.244428999999874, 0.0 ], [ 104.974896997000172, -5.244313999999862, 0.0 ], [ 104.975310997000051, -5.244142, 0.0 ], [ 104.97602399700007, -5.243785999999874, 0.0 ], [ 104.976803997000133, -5.243358999999893, 0.0 ], [ 104.977288997000116, -5.243069999999873, 0.0 ], [ 104.977697997000021, -5.242799, 0.0 ], [ 104.978034997000108, -5.242539999999897, 0.0 ], [ 104.978347997000157, -5.242259, 0.0 ], [ 104.979369997000077, -5.241225999999889, 0.0 ], [ 104.980024997, -5.240601, 0.0 ], [ 104.980919996999987, -5.239821999999895, 0.0 ], [ 104.982122997000133, -5.238865999999843, 0.0 ], [ 104.982673996999978, -5.238414, 0.0 ], [ 104.983298997, -5.23782899999984, 0.0 ], [ 104.984808997000059, -5.236299999999895, 0.0 ], [ 104.985667997000078, -5.235398999999864, 0.0 ], [ 104.986123996999979, -5.234844, 0.0 ], [ 104.986359997000235, -5.234489999999882, 0.0 ], [ 104.986630997, -5.233987, 0.0 ], [ 104.987012997000164, -5.233063, 0.0 ], [ 104.987137997000033, -5.232849, 0.0 ], [ 104.987219997000153, -5.232742999999841, 0.0 ], [ 104.987318997000088, -5.232636, 0.0 ], [ 104.987570997000063, -5.232412999999893, 0.0 ], [ 104.988524997000042, -5.23170399999985, 0.0 ], [ 104.991003582000033, -5.231064908, 0.0 ], [ 104.991004017000165, -5.231064795999986, 0.0 ], [ 104.993103772000083, -5.229502319999936, 0.0 ], [ 104.993158762000107, -5.229471866999903, 0.0 ], [ 104.997531997000095, -5.22704999999989, 0.0 ], [ 104.997578997000076, -5.226739, 0.0 ], [ 104.997665997, -5.22647, 0.0 ], [ 104.997814997000063, -5.226221, 0.0 ], [ 104.997919997000139, -5.226097, 0.0 ], [ 104.998047997000157, -5.225968999999887, 0.0 ], [ 104.998822996999976, -5.225293, 0.0 ], [ 104.999079997000109, -5.225036999999867, 0.0 ], [ 104.999362997000077, -5.224726999999886, 0.0 ], [ 104.999668996999986, -5.224354, 0.0 ], [ 105.000012104000049, -5.224176178999874, 0.0 ], [ 105.000454318999957, -5.223628005999904, 0.0 ], [ 105.000919177000043, -5.222399273999935, 0.0 ], [ 105.001663730000104, -5.221954626999915, 0.0 ], [ 105.001692365000068, -5.221409579999937, 0.0 ], [ 105.002737602000224, -5.220419883999851, 0.0 ], [ 105.003298375000085, -5.220228344999901, 0.0 ], [ 105.004229063, -5.219998843999919, 0.0 ], [ 105.005417479000087, -5.219396413999901, 0.0 ], [ 105.006276565000206, -5.21844974299991, 0.0 ], [ 105.007498863, -5.217065707999881, 0.0 ], [ 105.008472498000089, -5.216864890999874, 0.0 ], [ 105.00897363000017, -5.216377206999935, 0.0 ], [ 105.009360220000175, -5.216104678999946, 0.0 ], [ 105.009808128000017, -5.216123615999914, 0.0 ], [ 105.010923781000045, -5.215770376999908, 0.0 ], [ 105.011296048000119, -5.215440471999878, 0.0 ], [ 105.012140823000024, -5.215411770999902, 0.0 ], [ 105.013357856000184, -5.214723264999867, 0.0 ], [ 105.01364420600008, -5.21402043299989, 0.0 ], [ 105.014120763000065, -5.213207688999878, 0.0 ], [ 105.014126274000077, -5.213199055999874, 0.0 ], [ 105.014517582000124, -5.212586075999871, 0.0 ], [ 105.014892562000156, -5.211834700999875, 0.0 ], [ 105.015236194999986, -5.211719945999883, 0.0 ], [ 105.015207533000108, -5.210658536999903, 0.0 ], [ 105.015350688000225, -5.209453688999867, 0.0 ], [ 105.015121592000099, -5.209267230999894, 0.0 ], [ 105.014863866, -5.209267236999894, 0.0 ], [ 105.014777954, -5.20908077499992, 0.0 ], [ 105.01493544800006, -5.208865619999971, 0.0 ], [ 105.015250444000102, -5.208793894999898, 0.0 ], [ 105.015436567000137, -5.208291871999927, 0.0 ], [ 105.015178951999957, -5.208015672999901, 0.0 ], [ 105.014620547000035, -5.207943968999919, 0.0 ], [ 105.014606214, -5.207355889999844, 0.0 ], [ 105.014906864000096, -5.20605063599985, 0.0 ], [ 105.015238143000062, -5.205043236999897, 0.0 ], [ 105.016666054999988, -5.203919255999891, 0.0 ], [ 105.017787977000097, -5.202897457999901, 0.0 ], [ 105.019419856000113, -5.201364760999917, 0.0 ], [ 105.021459724000053, -5.200342927999925, 0.0 ], [ 105.022377640000144, -5.199321127999935, 0.0 ], [ 105.023193595999984, -5.199218920999916, 0.0 ], [ 105.023658145000226, -5.198660427999892, 0.0 ], [ 105.023703546999982, -5.198605843999905, 0.0 ], [ 105.02469611100004, -5.198053007999905, 0.0 ], [ 105.026151383000112, -5.197788331999943, 0.0 ], [ 105.02614889200008, -5.197860520999876, 0.0 ], [ 105.0261437, -5.198010994999892, 0.0 ], [ 105.026167763000132, -5.198225488999876, 0.0 ], [ 105.026227639000112, -5.198406723999861, 0.0 ], [ 105.026335600000067, -5.198550335999931, 0.0 ], [ 105.026448338000165, -5.198690230999871, 0.0 ], [ 105.026565724000108, -5.198826247999934, 0.0 ], [ 105.026687626000154, -5.198958233999841, 0.0 ], [ 105.026813904000036, -5.199086037999935, 0.0 ], [ 105.026944416000092, -5.199209515999938, 0.0 ], [ 105.027079014000122, -5.199328527999837, 0.0 ], [ 105.027217544000038, -5.199442936999889, 0.0 ], [ 105.027359850000082, -5.199552616, 0.0 ], [ 105.027505770000076, -5.199657437999962, 0.0 ], [ 105.027655137000096, -5.199757284999963, 0.0 ], [ 105.027807784000018, -5.199852043999899, 0.0 ], [ 105.027963536000115, -5.199941606999849, 0.0 ], [ 105.028122217000018, -5.200025871999893, 0.0 ], [ 105.028283645999963, -5.200104743999935, 0.0 ], [ 105.028447641000113, -5.200178132999879, 0.0 ], [ 105.028614015000116, -5.200245956999895, 0.0 ], [ 105.028782579000207, -5.200308136999888, 0.0 ], [ 105.028953142000105, -5.200364603999942, 0.0 ], [ 105.029125510000071, -5.200415292999873, 0.0 ], [ 105.029299488000078, -5.200460145999942, 0.0 ], [ 105.032080097000105, -5.204386219999892, 0.0 ], [ 105.035271815000144, -5.207054785999889, 0.0 ], [ 105.03596588, -5.208068403999912, 0.0 ], [ 105.036665537000076, -5.209090182999988, 0.0 ] ] ] ] } },
{ "type": "Feature", "properties": { "KDPPUM": null, "NAMOBJ": "PAGELARAN UTARA", "REMARK": "Wilayah Administrasi Kecamatan", "KDPBPS": null, "FCODE": null, "LUASWH": 0.0, "UUPP": null, "SRS_ID": null, "LCODE": "BA0080", "METADATA": null, "KDEBPS": null, "KDEPUM": null, "KDCBPS": null, "KDCPUM": null, "KDBBPS": null, "KDBPUM": null, "WADMKD": null, "WIADKD": null, "WADMKC": null, "WIADKC": null, "WADMKK": "PRINGSEWU", "WIADKK": null, "WADMPR": "LAMPUNG", "WIADPR": null, "TIPADM": 0, "Shape_Leng": 0.62177477967999994, "Shape_Area": 0.01296069171 }, "geometry": { "type": "MultiPolygon", "coordinates": [ [ [ [ 104.793348066800931, -5.162813460709982, 0.0 ], [ 104.793529211000219, -5.164657766999982, 0.0 ], [ 104.793572488000066, -5.165098383999846, 0.0 ], [ 104.793572675, -5.165100291999915, 0.0 ], [ 104.795942752000073, -5.168601870999913, 0.0 ], [ 104.798936126054571, -5.169433336668762, 0.0 ], [ 104.798989878000043, -5.169473678000015, 0.0 ], [ 104.799052719000088, -5.169520839, 0.0 ], [ 104.799115559000057, -5.169568, 0.0 ], [ 104.799178400000102, -5.169615162, 0.0 ], [ 104.799241240000057, -5.169662323, 0.0 ], [ 104.799304080000113, -5.169709483999986, 0.0 ], [ 104.799366921000072, -5.16975664599998, 0.0 ], [ 104.799429761000027, -5.169803806999974, 0.0 ], [ 104.799492739000087, -5.169846191999929, 0.0 ], [ 104.799555707000053, -5.169888585999972, 0.0 ], [ 104.799618684000023, -5.169930969999927, 0.0 ], [ 104.799681662000083, -5.16997335499997, 0.0 ], [ 104.799744639000053, -5.170015739999924, 0.0 ], [ 104.79980760700002, -5.170058133999968, 0.0 ], [ 104.799870585000079, -5.170100518000011, 0.0 ], [ 104.799933562000049, -5.170142902999965, 0.0 ], [ 104.79999653900002, -5.170185288, 0.0 ], [ 104.800059508000089, -5.170227681999963, 0.0 ], [ 104.80012248500006, -5.170270065999917, 0.0 ], [ 104.800181672000065, -5.170315155, 0.0 ], [ 104.800240859000084, -5.170360233999917, 0.0 ], [ 104.800300046000089, -5.170405322, 0.0 ], [ 104.800359232000105, -5.170450402, 0.0 ], [ 104.800436691000115, -5.170495124999976, 0.0 ], [ 104.800514150000041, -5.170539847999946, 0.0 ], [ 104.800591609000051, -5.170584571999916, 0.0 ], [ 104.800664831000077, -5.170616247999961, 0.0 ], [ 104.800738053, -5.170647925, 0.0 ], [ 104.800811285000023, -5.170679610999963, 0.0 ], [ 104.800884507000049, -5.17071128799992, 0.0 ], [ 104.800957729000061, -5.170742964999965, 0.0 ], [ 104.801027523000059, -5.170770460999931, 0.0 ], [ 104.80109730900007, -5.170797965999986, 0.0 ], [ 104.801167104000072, -5.170825470999953, 0.0 ], [ 104.801236889000066, -5.170852967, 0.0 ], [ 104.801306675000063, -5.170880472999974, 0.0 ], [ 104.801376470000065, -5.17090796899994, 0.0 ], [ 104.8014488190001, -5.170931728999951, 0.0 ], [ 104.801521169000054, -5.170955498999964, 0.0 ], [ 104.801593518000089, -5.170979259999976, 0.0 ], [ 104.80166586700004, -5.171003029999989, 0.0 ], [ 104.801738217000064, -5.171026789999912, 0.0 ], [ 104.801817145000115, -5.1710470429999, 0.0 ], [ 104.801896074000069, -5.171067286999977, 0.0 ], [ 104.801975002000034, -5.171087538999965, 0.0 ], [ 104.802053931000074, -5.171107782999952, 0.0 ], [ 104.802132859000039, -5.17112803599994, 0.0 ], [ 104.802206306000073, -5.171133558999953, 0.0 ], [ 104.802279762000111, -5.171139072999965, 0.0 ], [ 104.802353218000064, -5.171144595999978, 0.0 ], [ 104.802426665000013, -5.171150109999902, 0.0 ], [ 104.802500121000051, -5.171155633999915, 0.0 ], [ 104.802573568000085, -5.171161147999927, 0.0 ], [ 104.802650313000044, -5.17115164599994, 0.0 ], [ 104.802727058000087, -5.171142142999953, 0.0 ], [ 104.802803803000046, -5.171132640999966, 0.0 ], [ 104.80288054800009, -5.171123138999979, 0.0 ], [ 104.802957293000034, -5.171113637, 0.0 ], [ 104.803034038000078, -5.171104134999917, 0.0 ], [ 104.803104650000066, -5.171086569999973, 0.0 ], [ 104.803175253000049, -5.171069005999941, 0.0 ], [ 104.803245864000118, -5.171051441, 0.0 ], [ 104.803316467000087, -5.171033876999966, 0.0 ], [ 104.803387079000075, -5.171016311999933, 0.0 ], [ 104.80346272200002, -5.171009007999951, 0.0 ], [ 104.803538375000073, -5.171001703999968, 0.0 ], [ 104.803614018000104, -5.170994399999897, 0.0 ], [ 104.803689671000058, -5.170987094999914, 0.0 ], [ 104.803765323000022, -5.17097979100002, 0.0 ], [ 104.803840967000056, -5.170972486999949, 0.0 ], [ 104.803933057000037, -5.170974713999955, 0.0 ], [ 104.804025147000019, -5.170976939999962, 0.0 ], [ 104.804117236000096, -5.170979166999969, 0.0 ], [ 104.804187946000084, -5.170996223999959, 0.0 ], [ 104.804258655000069, -5.17101328899995, 0.0 ], [ 104.804329356000054, -5.17103034499994, 0.0 ], [ 104.804399311750842, -5.171047220295057, 0.0 ], [ 104.811914423000061, -5.175232873999937, 0.0 ], [ 104.811915276000136, -5.175233348999887, 0.0 ], [ 104.814035778, -5.179109876999911, 0.0 ], [ 104.814564276000013, -5.18043462699992, 0.0 ], [ 104.816779459000074, -5.185987274999894, 0.0 ], [ 104.820397296000095, -5.191239534999882, 0.0 ], [ 104.821421151999985, -5.195090233999901, 0.0 ], [ 104.821892844000203, -5.196864257999868, 0.0 ], [ 104.82189337800007, -5.196866266999946, 0.0 ], [ 104.822524775817925, -5.197410835888951, 0.0 ], [ 104.822560388000014, -5.197455816999964, 0.0 ], [ 104.822609702000094, -5.197518115999967, 0.0 ], [ 104.822659026000096, -5.197580414999971, 0.0 ], [ 104.822708340000091, -5.197642713999885, 0.0 ], [ 104.822757664000079, -5.197705013999977, 0.0 ], [ 104.822806978000074, -5.197767312999892, 0.0 ], [ 104.822856302000076, -5.197829611999984, 0.0 ], [ 104.822905616000071, -5.197891910999987, 0.0 ], [ 104.822960563, -5.197945861999921, 0.0 ], [ 104.823015511, -5.197999803999943, 0.0 ], [ 104.823070467000036, -5.198053753999966, 0.0 ], [ 104.82312541500005, -5.198107695999989, 0.0 ], [ 104.823180362000059, -5.198161646999923, 0.0 ], [ 104.823235897000046, -5.198214955999982, 0.0 ], [ 104.823291431000101, -5.198268263999951, 0.0 ], [ 104.823346965000084, -5.198321572999921, 0.0 ], [ 104.823402499000053, -5.19837488199998, 0.0 ], [ 104.823458034000041, -5.19842818999995, 0.0 ], [ 104.823513568000095, -5.198481489999919, 0.0 ], [ 104.823569102000079, -5.198534797999978, 0.0 ], [ 104.823624637000052, -5.198588106999948, 0.0 ], [ 104.823680171000035, -5.198641415999917, 0.0 ], [ 104.823735705, -5.198694723999976, 0.0 ], [ 104.823791240000077, -5.198748032999946, 0.0 ], [ 104.82384852700001, -5.198793190999952, 0.0 ], [ 104.823905823000047, -5.198838339999957, 0.0 ], [ 104.823963110000079, -5.198883497999963, 0.0 ], [ 104.824020406000031, -5.198928646999969, 0.0 ], [ 104.824077694000053, -5.198973805999975, 0.0 ], [ 104.824137455000113, -5.199013879999915, 0.0 ], [ 104.824197216000087, -5.199053954999945, 0.0 ], [ 104.824256977000061, -5.199094029999975, 0.0 ], [ 104.824316738000036, -5.199134103999915, 0.0 ], [ 104.824376499, -5.199174178999945, 0.0 ], [ 104.824436260000056, -5.199214253999974, 0.0 ], [ 104.82449602100003, -5.199254327999915, 0.0 ], [ 104.82455578200009, -5.199294402999945, 0.0 ], [ 104.824615544000068, -5.199334476999974, 0.0 ], [ 104.824683879000119, -5.199368565999952, 0.0 ], [ 104.824752205, -5.199402662999931, 0.0 ], [ 104.824820540000061, -5.19943675099991, 0.0 ], [ 104.824888866000023, -5.199470847999978, 0.0 ], [ 104.824946714446241, -5.199499712965951, 0.0 ], [ 104.826490706000044, -5.200831376999927, 0.0 ], [ 104.827256422, -5.201491792999947, 0.0 ], [ 104.827258789000183, -5.201493834999939, 0.0 ], [ 104.82848700953852, -5.201753215974504, 0.0 ], [ 104.828490796000068, -5.201768334999914, 0.0 ], [ 104.828509157000084, -5.201841616999937, 0.0 ], [ 104.828536911000072, -5.20191929799997, 0.0 ], [ 104.828564664000055, -5.201996978999913, 0.0 ], [ 104.828592418000127, -5.202074659999946, 0.0 ], [ 104.828620172000029, -5.20215234099989, 0.0 ], [ 104.828647925000013, -5.202230022000011, 0.0 ], [ 104.828675679000085, -5.202307702999954, 0.0 ], [ 104.828716005000047, -5.202375716999898, 0.0 ], [ 104.828756332000097, -5.20244373099993, 0.0 ], [ 104.828796667000063, -5.202511734999961, 0.0 ], [ 104.828836993000024, -5.202579748999904, 0.0 ], [ 104.828877320000075, -5.202647762999936, 0.0 ], [ 104.828951375000074, -5.20268491, 0.0 ], [ 104.829025431000076, -5.202722056999955, 0.0 ], [ 104.829099487000079, -5.20275920399992, 0.0 ], [ 104.829177690000066, -5.202778276999899, 0.0 ], [ 104.829255893000052, -5.202797349999967, 0.0 ], [ 104.829334096000125, -5.202816422999947, 0.0 ], [ 104.829412298000108, -5.202835496999926, 0.0 ], [ 104.82948340300004, -5.202842562999978, 0.0 ], [ 104.829554516000059, -5.202849629999941, 0.0 ], [ 104.829625621000091, -5.202856704999904, 0.0 ], [ 104.829696734000024, -5.202863771999956, 0.0 ], [ 104.829767838000038, -5.202870838, 0.0 ], [ 104.82983895200006, -5.202877903999971, 0.0 ], [ 104.829910056000088, -5.202884979999935, 0.0 ], [ 104.829981170000011, -5.202892045999898, 0.0 ], [ 104.830052274000124, -5.202899112999949, 0.0 ], [ 104.830123387000057, -5.202906179, 0.0 ], [ 104.830194492, -5.202913254999965, 0.0 ], [ 104.830265605000108, -5.202920320999928, 0.0 ], [ 104.83033671000004, -5.202927386999891, 0.0 ], [ 104.830387555000073, -5.202871909999919, 0.0 ], [ 104.8304384, -5.202816431999947, 0.0 ], [ 104.830489254000042, -5.202760953999887, 0.0 ], [ 104.830540099000075, -5.202705476999915, 0.0 ], [ 104.830590944000022, -5.202649998999943, 0.0 ], [ 104.830641789000055, -5.202594529999972, 0.0 ], [ 104.830692633000083, -5.202539052, 0.0 ], [ 104.830743478000031, -5.20248357499994, 0.0 ], [ 104.830794332000067, -5.202428096999968, 0.0 ], [ 104.8308451770001, -5.202372619, 0.0 ], [ 104.830896022000033, -5.202317141000025, 0.0 ], [ 104.830928674000077, -5.202290869999983, 0.0 ], [ 104.830964382, -5.202262139, 0.0 ], [ 104.831032733000072, -5.202207135999982, 0.0 ], [ 104.831101083000036, -5.202152142999962, 0.0 ], [ 104.831169443000107, -5.202097139999941, 0.0 ], [ 104.831234171000034, -5.202056148999924, 0.0 ], [ 104.831298900000064, -5.202015167999908, 0.0 ], [ 104.831349447000079, -5.201983157999925, 0.0 ], [ 104.831363628000091, -5.201974176999981, 0.0 ], [ 104.831428356000032, -5.201933195999965, 0.0 ], [ 104.831483099000124, -5.201879527999965, 0.0 ], [ 104.831492065891169, -5.201870737328486, 0.0 ], [ 104.833374280000186, -5.201745538999893, 0.0 ], [ 104.836293464849504, -5.202754786015719, 0.0 ], [ 104.836307445000045, -5.202792435999916, 0.0 ], [ 104.836333658000086, -5.202863032999984, 0.0 ], [ 104.836384379000023, -5.202937788999952, 0.0 ], [ 104.836435090000037, -5.20301254399992, 0.0 ], [ 104.836528268000023, -5.203085238999984, 0.0 ], [ 104.836600056000108, -5.203100483, 0.0 ], [ 104.836671844000094, -5.203115726999931, 0.0 ], [ 104.836743632000079, -5.203130970999949, 0.0 ], [ 104.836820947, -5.203130294999982, 0.0 ], [ 104.836898262, -5.203129626999926, 0.0 ], [ 104.836975577, -5.203128949999959, 0.0 ], [ 104.837047487000092, -5.203127584999935, 0.0 ], [ 104.837119405000081, -5.20312620999991, 0.0 ], [ 104.837191315000084, -5.203124844999975, 0.0 ], [ 104.837263225000086, -5.203123478999951, 0.0 ], [ 104.837335144000079, -5.203122105000014, 0.0 ], [ 104.837354830713949, -5.20312173103178, 0.0 ], [ 104.840612477000178, -5.204247994, 0.0 ], [ 104.841626361077672, -5.20424824841489, 0.0 ], [ 104.841690821000057, -5.204282527000016, 0.0 ], [ 104.841758219000027, -5.204318367999962, 0.0 ], [ 104.84182503600006, -5.204365489999953, 0.0 ], [ 104.841891845000077, -5.204412611999944, 0.0 ], [ 104.841958662000096, -5.204459733999935, 0.0 ], [ 104.842025480000117, -5.204506864999926, 0.0 ], [ 104.84209229700005, -5.204553987999917, 0.0 ], [ 104.842159106000068, -5.204601109999908, 0.0 ], [ 104.842225924, -5.204648231999988, 0.0 ], [ 104.84229608800004, -5.204698456999969, 0.0 ], [ 104.842366244000075, -5.20474868299995, 0.0 ], [ 104.842436408000097, -5.20479890900002, 0.0 ], [ 104.842506573000051, -5.204849135, 0.0 ], [ 104.842580646000044, -5.204822285, 0.0 ], [ 104.842654719000052, -5.204795434999911, 0.0 ], [ 104.842728792000045, -5.20476858599991, 0.0 ], [ 104.842802865000053, -5.204741736, 0.0 ], [ 104.842876938000046, -5.204714886, 0.0 ], [ 104.842949249000085, -5.204696005999944, 0.0 ], [ 104.843021560000111, -5.20467712599998, 0.0 ], [ 104.843093881000058, -5.204658245999928, 0.0 ], [ 104.843166192000083, -5.204639356999964, 0.0 ], [ 104.843238504000027, -5.204620475999912, 0.0 ], [ 104.843310815000066, -5.204601595999948, 0.0 ], [ 104.843383135000096, -5.204582715999985, 0.0 ], [ 104.843455447000039, -5.204563836000021, 0.0 ], [ 104.843539505000066, -5.204550893000016, 0.0 ], [ 104.843623564000012, -5.204537958999923, 0.0 ], [ 104.843694458000101, -5.204523040999932, 0.0 ], [ 104.843765351000101, -5.204508122999941, 0.0 ], [ 104.84383624500002, -5.204493203999951, 0.0 ], [ 104.843907138000105, -5.20447829499996, 0.0 ], [ 104.843978032000024, -5.20446337699997, 0.0 ], [ 104.844048935000032, -5.204448458999979, 0.0 ], [ 104.844119828000032, -5.204433539999988, 0.0 ], [ 104.844190722000036, -5.204418621999908, 0.0 ], [ 104.84426161600004, -5.204403703999917, 0.0 ], [ 104.84433250900004, -5.204388793999927, 0.0 ], [ 104.844403403000044, -5.204373875999936, 0.0 ], [ 104.844474296000058, -5.204358957999945, 0.0 ], [ 104.844547350000056, -5.204328462, 0.0 ], [ 104.844620395000064, -5.204297965999961, 0.0 ], [ 104.844693449000061, -5.204267478999926, 0.0 ], [ 104.844766495000073, -5.204236982999889, 0.0 ], [ 104.844839549000071, -5.204206486999942, 0.0 ], [ 104.844902011, -5.204165377, 0.0 ], [ 104.844964483000112, -5.204124275999979, 0.0 ], [ 104.845026946000033, -5.204083165999952, 0.0 ], [ 104.845089418000057, -5.204042064999927, 0.0 ], [ 104.845151881000078, -5.204000953999989, 0.0 ], [ 104.845214344000084, -5.203959852999963, 0.0 ], [ 104.84527681500002, -5.203918742999937, 0.0 ], [ 104.84533927800004, -5.203877641999911, 0.0 ], [ 104.845401741000046, -5.203836531999974, 0.0 ], [ 104.845464213000071, -5.203795429999948, 0.0 ], [ 104.845526676000091, -5.20375432000001, 0.0 ], [ 104.845589147000013, -5.203713218999985, 0.0 ], [ 104.845651610000033, -5.203672108999958, 0.0 ], [ 104.84571288500004, -5.203618035000014, 0.0 ], [ 104.845774151000043, -5.203563968999982, 0.0 ], [ 104.845835425000047, -5.203509894999948, 0.0 ], [ 104.845896691000064, -5.203455829999916, 0.0 ], [ 104.845957966000071, -5.203401755999971, 0.0 ], [ 104.846019232000074, -5.203347690999939, 0.0 ], [ 104.846080506000078, -5.203293615999906, 0.0 ], [ 104.846134724000123, -5.203243556999938, 0.0 ], [ 104.846188950000084, -5.203193497999971, 0.0 ], [ 104.84624316700004, -5.203143437999914, 0.0 ], [ 104.846297393000086, -5.203093378999947, 0.0 ], [ 104.846352955000057, -5.203045517999984, 0.0 ], [ 104.846408516000039, -5.202997657999932, 0.0 ], [ 104.846464077000107, -5.202949796999969, 0.0 ], [ 104.846519638000089, -5.202901935999916, 0.0 ], [ 104.846575199000071, -5.202854074999953, 0.0 ], [ 104.846645056000071, -5.202798728, 0.0 ], [ 104.846714912000081, -5.202743379999943, 0.0 ], [ 104.846784769000081, -5.202688031999982, 0.0 ], [ 104.846849514000027, -5.202646523999922, 0.0 ], [ 104.846914269000052, -5.202605015999952, 0.0 ], [ 104.846979014000084, -5.202563507999981, 0.0 ], [ 104.847043760000105, -5.202522, 0.0 ], [ 104.847108506000055, -5.202480492999952, 0.0 ], [ 104.847173260000076, -5.202438984999981, 0.0 ], [ 104.847238006000012, -5.202397477000011, 0.0 ], [ 104.847304285000078, -5.202358900000016, 0.0 ], [ 104.847370564000059, -5.202320323999933, 0.0 ], [ 104.847436843000125, -5.202281746999939, 0.0 ], [ 104.84750312200002, -5.202243170999944, 0.0 ], [ 104.847569401000086, -5.20220459399995, 0.0 ], [ 104.847644530000082, -5.202172858999988, 0.0 ], [ 104.847719659000077, -5.202141123999938, 0.0 ], [ 104.847794789000076, -5.202109388999888, 0.0 ], [ 104.847869918000072, -5.202077653999927, 0.0 ], [ 104.847945048000071, -5.202045917999966, 0.0 ], [ 104.84802017700008, -5.202014183, 0.0 ], [ 104.848095404000077, -5.201989169999978, 0.0 ], [ 104.848170631000087, -5.20196414699995, 0.0 ], [ 104.848245867000102, -5.201939132999923, 0.0 ], [ 104.848321094000099, -5.201914110999985, 0.0 ], [ 104.848396321000024, -5.201889096999958, 0.0 ], [ 104.84847154800012, -5.20186407399993, 0.0 ], [ 104.848546784000035, -5.201839060999903, 0.0 ], [ 104.848622011000046, -5.201814037999965, 0.0 ], [ 104.848693890000035, -5.201790850999911, 0.0 ], [ 104.848765769000039, -5.201767663999947, 0.0 ], [ 104.848837647000039, -5.201744475999893, 0.0 ], [ 104.848909526000028, -5.201721289000018, 0.0 ], [ 104.848981809000065, -5.201705293999938, 0.0 ], [ 104.849054092000088, -5.201689298999947, 0.0 ], [ 104.849126375000125, -5.201673303999955, 0.0 ], [ 104.849198658000063, -5.201657308999964, 0.0 ], [ 104.849270942, -5.201641313999973, 0.0 ], [ 104.849343225000027, -5.201625318999982, 0.0 ], [ 104.849415508000064, -5.201609324, 0.0 ], [ 104.849487791000087, -5.201593328999911, 0.0 ], [ 104.849560074000038, -5.201577334, 0.0 ], [ 104.849637686000065, -5.201579097999977, 0.0 ], [ 104.849715307000082, -5.201580862999945, 0.0 ], [ 104.84979291800002, -5.201582626999913, 0.0 ], [ 104.849870539000051, -5.20158438199997, 0.0 ], [ 104.849948151000078, -5.201586146999938, 0.0 ], [ 104.850025772000023, -5.201587910999907, 0.0 ], [ 104.85010338400005, -5.201589675999964, 0.0 ], [ 104.850173546000079, -5.201614606999984, 0.0 ], [ 104.850243707000018, -5.201639536999915, 0.0 ], [ 104.850313869000047, -5.201664467999935, 0.0 ], [ 104.850384031, -5.201689398999955, 0.0 ], [ 104.850454193000118, -5.201714329999975, 0.0 ], [ 104.850514787000066, -5.201750982999988, 0.0 ], [ 104.850575381000013, -5.201787635999912, 0.0 ], [ 104.850635984000064, -5.201824287999925, 0.0 ], [ 104.850696578000097, -5.201860940999937, 0.0 ], [ 104.850757172000044, -5.20189759399995, 0.0 ], [ 104.850817767000095, -5.201934246999963, 0.0 ], [ 104.850878370000046, -5.201970899999976, 0.0 ], [ 104.850938964000079, -5.2020075529999, 0.0 ], [ 104.851002915000038, -5.202044205999913, 0.0 ], [ 104.851066857, -5.202080859999926, 0.0 ], [ 104.85113080800005, -5.202117512999939, 0.0 ], [ 104.851194749000015, -5.202154166999952, 0.0 ], [ 104.851258691000069, -5.202190819999965, 0.0 ], [ 104.851322642000028, -5.202227473999889, 0.0 ], [ 104.851386584000082, -5.202264128, 0.0 ], [ 104.851450535000041, -5.202300781, 0.0 ], [ 104.851511923000061, -5.202339387999912, 0.0 ], [ 104.851573311000081, -5.202377994999908, 0.0 ], [ 104.851634699, -5.202416602, 0.0 ], [ 104.851696086000018, -5.202455208999902, 0.0 ], [ 104.851757474000038, -5.202493815999988, 0.0 ], [ 104.851818862000059, -5.202532422999985, 0.0 ], [ 104.851880250000065, -5.202571029999982, 0.0 ], [ 104.851941638000085, -5.202609636999979, 0.0 ], [ 104.85200302600002, -5.202648243999976, 0.0 ], [ 104.852064414000026, -5.202686850999973, 0.0 ], [ 104.852123963000068, -5.202714546999955, 0.0 ], [ 104.852183513000028, -5.202742243999937, 0.0 ], [ 104.85224306200007, -5.20276993999992, 0.0 ], [ 104.852302612000116, -5.202797636, 0.0 ], [ 104.852362162000063, -5.202825332999973, 0.0 ], [ 104.852421711000019, -5.202853028999955, 0.0 ], [ 104.852481261000065, -5.202880724999938, 0.0 ], [ 104.852540811000011, -5.20290842199992, 0.0 ], [ 104.852600360000054, -5.202936118, 0.0 ], [ 104.852668899000037, -5.202956343999977, 0.0 ], [ 104.85273742900003, -5.202976560999963, 0.0 ], [ 104.852805968000013, -5.202996786999948, 0.0 ], [ 104.852874498000091, -5.203017003999934, 0.0 ], [ 104.852943037000074, -5.20303722999992, 0.0 ], [ 104.853011576000057, -5.203057446999905, 0.0 ], [ 104.85308010600005, -5.20307767299998, 0.0 ], [ 104.853148645000033, -5.203097888999965, 0.0 ], [ 104.853217175000026, -5.203118114999951, 0.0 ], [ 104.853285714, -5.203138332000025, 0.0 ], [ 104.853354244000087, -5.203158557999922, 0.0 ], [ 104.85342278300007, -5.203178775, 0.0 ], [ 104.853491322000053, -5.203199000999982, 0.0 ], [ 104.853559852000046, -5.203219217999967, 0.0 ], [ 104.853628391000115, -5.203239443999953, 0.0 ], [ 104.853696921, -5.203259660999938, 0.0 ], [ 104.85376546, -5.203279885999924, 0.0 ], [ 104.853819378000111, -5.203232575999918, 0.0 ], [ 104.853873296000046, -5.203185267, 0.0 ], [ 104.853927205000062, -5.203137948, 0.0 ], [ 104.853981124000086, -5.203090637999898, 0.0 ], [ 104.854035042000106, -5.20304332799998, 0.0 ], [ 104.854088951000037, -5.202996017999974, 0.0 ], [ 104.854142869000057, -5.202948698999966, 0.0 ], [ 104.854196787000078, -5.20290138899996, 0.0 ], [ 104.854253529000061, -5.202856739, 0.0 ], [ 104.854310271000045, -5.202812088999943, 0.0 ], [ 104.854367013000029, -5.202767439999979, 0.0 ], [ 104.854423764000018, -5.202722781000015, 0.0 ], [ 104.854480506000101, -5.202678130999962, 0.0 ], [ 104.854537248000085, -5.202633482, 0.0 ], [ 104.854593990000069, -5.202588831999945, 0.0 ], [ 104.854659782000098, -5.202548717, 0.0 ], [ 104.854725573000039, -5.202508610999969, 0.0 ], [ 104.854791365000068, -5.202468494999936, 0.0 ], [ 104.854857156, -5.20242838, 0.0 ], [ 104.854922948000109, -5.202388264999959, 0.0 ], [ 104.854988739000049, -5.202348158999927, 0.0 ], [ 104.855054531000079, -5.202308042999983, 0.0 ], [ 104.855131284000038, -5.202275899999988, 0.0 ], [ 104.855208038000072, -5.202243758, 0.0 ], [ 104.855284791000116, -5.202211615, 0.0 ], [ 104.855361545000079, -5.202179471999914, 0.0 ], [ 104.855438298000124, -5.202147328999919, 0.0 ], [ 104.855515051000083, -5.202115185999924, 0.0 ], [ 104.855601141000093, -5.202095665999908, 0.0 ], [ 104.855687231000019, -5.20207614499998, 0.0 ], [ 104.855773321000044, -5.202056623999963, 0.0 ], [ 104.85584579800009, -5.202060303999913, 0.0 ], [ 104.85591828400004, -5.202063984999951, 0.0 ], [ 104.855990770000091, -5.202067664999989, 0.0 ], [ 104.856063247000051, -5.202071345999938, 0.0 ], [ 104.856146082000066, -5.202080157999957, 0.0 ], [ 104.856228917000081, -5.202088969999975, 0.0 ], [ 104.856311752000096, -5.202097782, 0.0 ], [ 104.856394587000111, -5.202106593999924, 0.0 ], [ 104.85647742300003, -5.202115405999942, 0.0 ], [ 104.856560260000052, -5.20211347099996, 0.0 ], [ 104.85664309700006, -5.202111535999977, 0.0 ], [ 104.856725935000085, -5.202109601, 0.0 ], [ 104.856808772000093, -5.202107665000012, 0.0 ], [ 104.856891610000019, -5.202105729999941, 0.0 ], [ 104.856964219000076, -5.202085717999973, 0.0 ], [ 104.857036827000044, -5.202065704999915, 0.0 ], [ 104.857109436000101, -5.202045691999947, 0.0 ], [ 104.857182045000073, -5.202025679999979, 0.0 ], [ 104.857254653000041, -5.202005667000011, 0.0 ], [ 104.857334448000074, -5.201970882999975, 0.0 ], [ 104.857414252000098, -5.201936089999938, 0.0 ], [ 104.857494047000046, -5.201901306, 0.0 ], [ 104.857573851000069, -5.201866512999954, 0.0 ], [ 104.857644107000027, -5.201834775999904, 0.0 ], [ 104.857714363000056, -5.201803037999943, 0.0 ], [ 104.8577846190001, -5.201771300999981, 0.0 ], [ 104.857854875000058, -5.201739562999931, 0.0 ], [ 104.857925131000087, -5.20170782599997, 0.0 ], [ 104.857995388000049, -5.201676087999919, 0.0 ], [ 104.858070921000078, -5.201652900999955, 0.0 ], [ 104.858146454000106, -5.201629712999901, 0.0 ], [ 104.858172370210085, -5.201621757283105, 0.0 ], [ 104.860013350000116, -5.202331561999886, 0.0 ], [ 104.86166643139039, -5.204698400374687, 0.0 ], [ 104.861676165000034, -5.204729317999947, 0.0 ], [ 104.861697807000056, -5.204798048999949, 0.0 ], [ 104.861719449000063, -5.204866780999952, 0.0 ], [ 104.86174108200008, -5.204935511999954, 0.0 ], [ 104.861762724000087, -5.205004251999958, 0.0 ], [ 104.861784366000023, -5.20507298399996, 0.0 ], [ 104.861819037000046, -5.205145760999942, 0.0 ], [ 104.861853717000074, -5.205218538999924, 0.0 ], [ 104.861888388000096, -5.205291316999906, 0.0 ], [ 104.861923059000034, -5.205364094999977, 0.0 ], [ 104.861957739000061, -5.205436872999959, 0.0 ], [ 104.861992411000088, -5.205509650999941, 0.0 ], [ 104.862031741000052, -5.205569068999973, 0.0 ], [ 104.862071080000121, -5.205628486, 0.0 ], [ 104.862110411000089, -5.205687902999946, 0.0 ], [ 104.862149741000053, -5.205747319999977, 0.0 ], [ 104.862189081000025, -5.205806738, 0.0 ], [ 104.862228411000075, -5.20586614599995, 0.0 ], [ 104.862267750000044, -5.205925562999981, 0.0 ], [ 104.862307081000012, -5.205984979999924, 0.0 ], [ 104.862346411000075, -5.206044396999955, 0.0 ], [ 104.862385751000033, -5.206103814999986, 0.0 ], [ 104.862425081000097, -5.206163231999929, 0.0 ], [ 104.862458211000089, -5.206229766999927, 0.0 ], [ 104.862491349000067, -5.206296311999926, 0.0 ], [ 104.862524488000062, -5.206362855999926, 0.0 ], [ 104.86255761700005, -5.206429391999924, 0.0 ], [ 104.862590756000131, -5.206495935999923, 0.0 ], [ 104.862623886000023, -5.206562472000011, 0.0 ], [ 104.862657024000015, -5.20662900699992, 0.0 ], [ 104.862690154000092, -5.206695551999919, 0.0 ], [ 104.862723293000073, -5.206762096, 0.0 ], [ 104.862756422000061, -5.206828631999917, 0.0 ], [ 104.862785202000055, -5.206898748999945, 0.0 ], [ 104.862813981000031, -5.206968865999974, 0.0 ], [ 104.862842752000105, -5.207038973999913, 0.0 ], [ 104.862871531000081, -5.207109090999941, 0.0 ], [ 104.862900311000075, -5.207179207999969, 0.0 ], [ 104.862929081000047, -5.207249315999908, 0.0 ], [ 104.862957861000041, -5.207319431999936, 0.0 ], [ 104.862986640000102, -5.207389548999965, 0.0 ], [ 104.863004202000056, -5.20746320099993, 0.0 ], [ 104.863021774000089, -5.207536861999897, 0.0 ], [ 104.863039336000028, -5.207610513999951, 0.0 ], [ 104.863056907000058, -5.207684173999917, 0.0 ], [ 104.863074469000097, -5.207757825999972, 0.0 ], [ 104.86309204100003, -5.207831486999938, 0.0 ], [ 104.863109603000069, -5.207905137999903, 0.0 ], [ 104.863110968000086, -5.207979311, 0.0 ], [ 104.863112332000114, -5.208053483999921, 0.0 ], [ 104.863113697000045, -5.208127647999929, 0.0 ], [ 104.863115070000077, -5.208201820999937, 0.0 ], [ 104.863116435, -5.208275993999946, 0.0 ], [ 104.86311780000004, -5.208350166999955, 0.0 ], [ 104.863117781000128, -5.208435221999975, 0.0 ], [ 104.863117763000034, -5.208520278, 0.0 ], [ 104.863117744000121, -5.208605323999928, 0.0 ], [ 104.863117726000027, -5.208690379999949, 0.0 ], [ 104.863117708000033, -5.20877543499997, 0.0 ], [ 104.863134608000095, -5.208862339999966, 0.0 ], [ 104.863151500000072, -5.208949253999963, 0.0 ], [ 104.863168401000053, -5.20903616799996, 0.0 ], [ 104.863185292000111, -5.209123071999956, 0.0 ], [ 104.863215271000016, -5.209199566999891, 0.0 ], [ 104.863245249000016, -5.209276062, 0.0 ], [ 104.863275237000011, -5.209352556999937, 0.0 ], [ 104.863305215000082, -5.20942905199996, 0.0 ], [ 104.863335193000083, -5.209505546999894, 0.0 ], [ 104.863384406000065, -5.209560822999938, 0.0 ], [ 104.863433610000058, -5.209616098999982, 0.0 ], [ 104.863482822000037, -5.209671374999937, 0.0 ], [ 104.86353203500002, -5.209726650999892, 0.0 ], [ 104.863586084000062, -5.209782244999962, 0.0 ], [ 104.863640124000085, -5.209837829999943, 0.0 ], [ 104.863694174000031, -5.209893422999924, 0.0 ], [ 104.863711667168104, -5.209911416296555, 0.0 ], [ 104.864297672431618, -5.211992219613849, 0.0 ], [ 104.864294016000102, -5.212051314999945, 0.0 ], [ 104.864289434000071, -5.212125215999931, 0.0 ], [ 104.864284852000054, -5.212199116, 0.0 ], [ 104.864276905000011, -5.212271865999986, 0.0 ], [ 104.864268966000068, -5.212344616999966, 0.0 ], [ 104.864261019000125, -5.212417366999945, 0.0 ], [ 104.864253071000093, -5.212490117999925, 0.0 ], [ 104.86424512400005, -5.212562868, 0.0 ], [ 104.864237185000022, -5.212635618999974, 0.0 ], [ 104.864229238000064, -5.212708369999953, 0.0 ], [ 104.864221290000032, -5.212781128999934, 0.0 ], [ 104.864213342000085, -5.212853879999914, 0.0 ], [ 104.864205404000046, -5.212926629999982, 0.0 ], [ 104.864197456000014, -5.212999380999962, 0.0 ], [ 104.86418950900007, -5.213072130999942, 0.0 ], [ 104.864181561000038, -5.213144881999922, 0.0 ], [ 104.864173623000084, -5.213217632, 0.0 ], [ 104.864165675000052, -5.21329038299997, 0.0 ], [ 104.864164276000025, -5.21337684899993, 0.0 ], [ 104.864162877000084, -5.213463306999889, 0.0 ], [ 104.864173805000107, -5.213589571999945, 0.0 ], [ 104.864217615000086, -5.213671868999915, 0.0 ], [ 104.86426142600007, -5.213754164999974, 0.0 ], [ 104.864325152, -5.213798841999941, 0.0 ], [ 104.864388878000042, -5.213843518, 0.0 ], [ 104.864452603000075, -5.213888194999962, 0.0 ], [ 104.864516329000111, -5.213932870999928, 0.0 ], [ 104.86458939800012, -5.213958507, 0.0 ], [ 104.864662467000031, -5.213984151, 0.0 ], [ 104.864735537000044, -5.214009786999986, 0.0 ], [ 104.864812171000068, -5.214035413999975, 0.0 ], [ 104.864879419466689, -5.2140579026987, 0.0 ], [ 104.865356547063769, -5.215752100257566, 0.0 ], [ 104.865354255000071, -5.215786822999936, 0.0 ], [ 104.865361772000071, -5.215870640999944, 0.0 ], [ 104.865369280000067, -5.215954457999951, 0.0 ], [ 104.865376797000067, -5.216038266999957, 0.0 ], [ 104.865384305000077, -5.216122084999965, 0.0 ], [ 104.865420761000067, -5.216208947999958, 0.0 ], [ 104.865457226000061, -5.21629580299995, 0.0 ], [ 104.865493682000064, -5.216382666999943, 0.0 ], [ 104.865542608000027, -5.216432161999952, 0.0 ], [ 104.865550244948693, -5.21643988793913, 0.0 ], [ 104.865626638999956, -5.216711149999854, 0.0 ], [ 104.869570664000065, -5.225535009999861, 0.0 ], [ 104.872612872000062, -5.232341257999908, 0.0 ], [ 104.878478050000055, -5.237843709, 0.0 ], [ 104.886636157813527, -5.244020536346396, 0.0 ], [ 104.887060899000105, -5.244778526999928, 0.0 ], [ 104.88824676200008, -5.246705087, 0.0 ], [ 104.888559429000011, -5.24704067499996, 0.0 ], [ 104.888889085000116, -5.247405487999947, 0.0 ], [ 104.889185913000063, -5.247797759999985, 0.0 ], [ 104.889602050000036, -5.248317295999895, 0.0 ], [ 104.889795109000019, -5.248665447999924, 0.0 ], [ 104.890013897000102, -5.249129644999963, 0.0 ], [ 104.89015544100009, -5.249568042, 0.0 ], [ 104.890177440000045, -5.250000008999946, 0.0 ], [ 104.890172787000012, -5.250091917999912, 0.0 ], [ 104.8901705870001, -5.250102725, 0.0 ], [ 104.890128971000109, -5.250171462999921, 0.0 ], [ 104.890112451000078, -5.250191456999977, 0.0 ], [ 104.89002746400007, -5.250291073999959, 0.0 ], [ 104.889937070000045, -5.250400500999953, 0.0 ], [ 104.889820435000075, -5.25056135499994, 0.0 ], [ 104.889786592000036, -5.25062362099994, 0.0 ], [ 104.88975909800007, -5.250727786999944, 0.0 ], [ 104.889745937000043, -5.250807191999941, 0.0 ], [ 104.889750609000075, -5.250873259999901, 0.0 ], [ 104.88976431500005, -5.250949421999985, 0.0 ], [ 104.889806505000081, -5.251134176999907, 0.0 ], [ 104.889834748000013, -5.251238509999924, 0.0 ], [ 104.889896942000107, -5.251480678999977, 0.0 ], [ 104.889965179000058, -5.251696721, 0.0 ], [ 104.890031737000058, -5.251780246999983, 0.0 ], [ 104.890085564000074, -5.251836550999935, 0.0 ], [ 104.890142942000026, -5.251911181999981, 0.0 ], [ 104.890168402000086, -5.251986265999976, 0.0 ], [ 104.890227528000096, -5.252172041999893, 0.0 ], [ 104.890284288, -5.252246162999898, 0.0 ], [ 104.890362199000052, -5.252338881999931, 0.0 ], [ 104.890433240000064, -5.25242523699997, 0.0 ], [ 104.890568904000105, -5.252563574999959, 0.0 ], [ 104.89070429500002, -5.252689844999926, 0.0 ], [ 104.890786585000086, -5.252759188999979, 0.0 ], [ 104.890833697000076, -5.252804787999933, 0.0 ], [ 104.890859644000088, -5.252844353999921, 0.0 ], [ 104.890864381000128, -5.252888149999903, 0.0 ], [ 104.890819139000115, -5.253048135, 0.0 ], [ 104.890760738000068, -5.253257820999936, 0.0 ], [ 104.890708106000076, -5.253418549999912, 0.0 ], [ 104.890590825000046, -5.253746370999947, 0.0 ], [ 104.890582160000037, -5.25396766399996, 0.0 ], [ 104.89060474300004, -5.254147082999973, 0.0 ], [ 104.890677567000026, -5.254303547999951, 0.0 ], [ 104.890772113000125, -5.254511231, 0.0 ], [ 104.891016439000097, -5.254920530999931, 0.0 ], [ 104.89128257200008, -5.255669456, 0.0 ], [ 104.891302101000107, -5.256166891999937, 0.0 ], [ 104.891385626000087, -5.256404567999974, 0.0 ], [ 104.89146492900008, -5.256689049999975, 0.0 ], [ 104.89150465700007, -5.256926695999921, 0.0 ], [ 104.891524135000083, -5.257018597999975, 0.0 ], [ 104.891590012000037, -5.257337591, 0.0 ], [ 104.891723072000033, -5.257685598, 0.0 ], [ 104.891914849000088, -5.25795566099997, 0.0 ], [ 104.892478416000088, -5.25869824399995, 0.0 ], [ 104.892347291000078, -5.258949441999951, 0.0 ], [ 104.892066567000114, -5.259314438999953, 0.0 ], [ 104.892046088000114, -5.259329207999931, 0.0 ], [ 104.892087064000037, -5.259657974999955, 0.0 ], [ 104.892210990000081, -5.26007834599992, 0.0 ], [ 104.89234839100007, -5.260372854999952, 0.0 ], [ 104.892475149000077, -5.26072234, 0.0 ], [ 104.892499321000045, -5.260916836000019, 0.0 ], [ 104.892458566000045, -5.261087276999911, 0.0 ], [ 104.892357835000055, -5.261331706999973, 0.0 ], [ 104.892271753000045, -5.261477919, 0.0 ], [ 104.892157825000112, -5.261621897999914, 0.0 ], [ 104.891859686000046, -5.261953326999981, 0.0 ], [ 104.891430786000086, -5.262209898999982, 0.0 ], [ 104.891156652000063, -5.262333748999927, 0.0 ], [ 104.890838306, -5.262448740999938, 0.0 ], [ 104.890410154000023, -5.262872143999976, 0.0 ], [ 104.890231005000032, -5.263303812999899, 0.0 ], [ 104.889908979000026, -5.263836325999906, 0.0 ], [ 104.88975985600004, -5.264104465999976, 0.0 ], [ 104.889715188000068, -5.264340237999944, 0.0 ], [ 104.889732822000028, -5.264542666, 0.0 ], [ 104.889796099000108, -5.264715085999962, 0.0 ], [ 104.889947212, -5.264838262999939, 0.0 ], [ 104.890208949000069, -5.265412194, 0.0 ], [ 104.890271294000073, -5.265653421999973, 0.0 ], [ 104.89032926200008, -5.265890125999929, 0.0 ], [ 104.890343877000049, -5.266175202999891, 0.0 ], [ 104.890317630000098, -5.266456218999961, 0.0 ], [ 104.890208255000104, -5.266693472999963, 0.0 ], [ 104.890059594000064, -5.266946477999936, 0.0 ], [ 104.889928956000091, -5.267194103999907, 0.0 ], [ 104.88943821900007, -5.267831141999947, 0.0 ], [ 104.888953421000011, -5.268234354, 0.0 ], [ 104.888737955000039, -5.268675533999913, 0.0 ], [ 104.888569131000011, -5.269376452, 0.0 ], [ 104.888542646000047, -5.269666924999962, 0.0 ], [ 104.888423511000042, -5.269923394999955, 0.0 ], [ 104.888064033000063, -5.271015779000011, 0.0 ], [ 104.887957446000115, -5.271755159999904, 0.0 ], [ 104.887940678000064, -5.272325627999942, 0.0 ], [ 104.887819686000086, -5.273217988999969, 0.0 ], [ 104.887813849000054, -5.273564934999987, 0.0 ], [ 104.888031613000038, -5.273678662999982, 0.0 ], [ 104.888400470000093, -5.273776756999927, 0.0 ], [ 104.888756069000024, -5.273830222, 0.0 ], [ 104.889016845000114, -5.273939624, 0.0 ], [ 104.889064741000084, -5.274081227999984, 0.0 ], [ 104.889052097, -5.274286039999966, 0.0 ], [ 104.888953669000031, -5.274566680999916, 0.0 ], [ 104.888908222000097, -5.274814466999901, 0.0 ], [ 104.888986212000063, -5.275224524, 0.0 ], [ 104.889208242000052, -5.275355574999908, 0.0 ], [ 104.889475611000051, -5.275385964999936, 0.0 ], [ 104.889672359000087, -5.275383466999907, 0.0 ], [ 104.89019196, -5.27546700399998, 0.0 ], [ 104.890494633000088, -5.275558083999966, 0.0 ], [ 104.891154177000033, -5.275509855999973, 0.0 ], [ 104.891508995000081, -5.275275005, 0.0 ], [ 104.89191447400006, -5.275388274999949, 0.0 ], [ 104.892230058000052, -5.275389514999963, 0.0 ], [ 104.892463461, -5.275408950999973, 0.0 ], [ 104.892745260000055, -5.275498307, 0.0 ], [ 104.892919817000106, -5.275806018999964, 0.0 ], [ 104.893007681000086, -5.276181500999945, 0.0 ], [ 104.893035327000064, -5.27647531, 0.0 ], [ 104.893041340000124, -5.276777121999933, 0.0 ], [ 104.893303609000057, -5.277090168999989, 0.0 ], [ 104.893713327000029, -5.277609381999961, 0.0 ], [ 104.893896320000081, -5.277665307999969, 0.0 ], [ 104.894346390000095, -5.277641806999979, 0.0 ], [ 104.894644428000063, -5.277636552999988, 0.0 ], [ 104.894839408000038, -5.277579294999958, 0.0 ], [ 104.894904449000094, -5.277585746999959, 0.0 ], [ 104.895408659000068, -5.277542616999943, 0.0 ], [ 104.895999216000078, -5.277616489999927, 0.0 ], [ 104.896022863000084, -5.277712224999943, 0.0 ], [ 104.896028078000072, -5.277775903999972, 0.0 ], [ 104.896062464000067, -5.27787117899995, 0.0 ], [ 104.896343629000057, -5.277988948000013, 0.0 ], [ 104.896597085000067, -5.278009218999914, 0.0 ], [ 104.896936216000071, -5.27861912899993, 0.0 ], [ 104.897321545000068, -5.278951597999905, 0.0 ], [ 104.897324466000043, -5.278952578999986, 0.0 ], [ 104.897466628000075, -5.279000337999941, 0.0 ], [ 104.897741636, -5.279187564999978, 0.0 ], [ 104.897850089000102, -5.279281141999904, 0.0 ], [ 104.898013364000107, -5.279587604999948, 0.0 ], [ 104.898125800000088, -5.280139959999909, 0.0 ], [ 104.898028779000043, -5.280555016999967, 0.0 ], [ 104.897961725000101, -5.280769717999968, 0.0 ], [ 104.897843302000069, -5.280921784999938, 0.0 ], [ 104.897660110000103, -5.280959775999973, 0.0 ], [ 104.897438956000101, -5.280915009, 0.0 ], [ 104.897264730000074, -5.280769602999959, 0.0 ], [ 104.897135181000095, -5.280655515999934, 0.0 ], [ 104.897012319000055, -5.280619709999902, 0.0 ], [ 104.896849235000062, -5.280644285999893, 0.0 ], [ 104.896614651000021, -5.280744891999957, 0.0 ], [ 104.896525287000088, -5.280787372, 0.0 ], [ 104.89632083500004, -5.280883653999981, 0.0 ], [ 104.896154626000055, -5.2810114939999, 0.0 ], [ 104.896119269000067, -5.281076498999949, 0.0 ], [ 104.896147570000011, -5.281212315999907, 0.0 ], [ 104.896211402000048, -5.28128129399993, 0.0 ], [ 104.896260124000079, -5.281305691999906, 0.0 ], [ 104.896269092000111, -5.281306361999961, 0.0 ], [ 104.896620965000096, -5.281387720999943, 0.0 ], [ 104.896817297000084, -5.281402337, 0.0 ], [ 104.897067097000061, -5.281494770999918, 0.0 ], [ 104.897244140000055, -5.281579891999945, 0.0 ], [ 104.897440905000082, -5.281757553, 0.0 ], [ 104.897632257000012, -5.282150963999944, 0.0 ], [ 104.897687998, -5.282398955999946, 0.0 ], [ 104.897700090000029, -5.282628442000016, 0.0 ], [ 104.897692777000046, -5.282866363999984, 0.0 ], [ 104.897683061000038, -5.282952865999947, 0.0 ], [ 104.897652088000058, -5.283228688999943, 0.0 ], [ 104.897684857000101, -5.283503645999955, 0.0 ], [ 104.897940220000095, -5.283743112999963, 0.0 ], [ 104.898246750000055, -5.283954128999925, 0.0 ], [ 104.898706465000075, -5.284296452, 0.0 ], [ 104.898786171000012, -5.284357012999953, 0.0 ], [ 104.899096669000031, -5.284592906999931, 0.0 ], [ 104.899314067000077, -5.284707426, 0.0 ], [ 104.899479849000031, -5.284794760999935, 0.0 ], [ 104.899832504000074, -5.285014413999901, 0.0 ], [ 104.900030372000103, -5.285137658999973, 0.0 ], [ 104.900479019000016, -5.285456222999953, 0.0 ], [ 104.9009030980001, -5.285671869999943, 0.0 ], [ 104.900957577000085, -5.285742479999923, 0.0 ], [ 104.901070380000093, -5.285923663999904, 0.0 ], [ 104.901068467000115, -5.286089908999982, 0.0 ], [ 104.900972639000088, -5.286837679999946, 0.0 ], [ 104.900928923000023, -5.287231142999905, 0.0 ], [ 104.900795472000084, -5.288140170999979, 0.0 ], [ 104.900795301000073, -5.289214084999928, 0.0 ], [ 104.900331743000081, -5.289911424999984, 0.0 ], [ 104.900103765000054, -5.290030789, 0.0 ], [ 104.899781961000073, -5.290147966999927, 0.0 ], [ 104.899555358000057, -5.290234305999965, 0.0 ], [ 104.899417061000079, -5.290286997999972, 0.0 ], [ 104.898810663000077, -5.290650026999989, 0.0 ], [ 104.898496492000021, -5.291008524999897, 0.0 ], [ 104.897974511000086, -5.291814340999958, 0.0 ], [ 104.897156777000106, -5.292206317999971, 0.0 ], [ 104.896448285000105, -5.292738189999925, 0.0 ], [ 104.896207737000097, -5.292932875999957, 0.0 ], [ 104.895759140000024, -5.292622160999917, 0.0 ], [ 104.895088385000037, -5.29311814200001, 0.0 ], [ 104.894824956, -5.292959881999971, 0.0 ], [ 104.894389517000022, -5.293394039999923, 0.0 ], [ 104.89443947900007, -5.293727953999928, 0.0 ], [ 104.894520884000059, -5.294411511, 0.0 ], [ 104.894643101000042, -5.295763157999923, 0.0 ], [ 104.894620589000056, -5.296187320999936, 0.0 ], [ 104.89409739700001, -5.296574676000011, 0.0 ], [ 104.893892593000032, -5.296834873999957, 0.0 ], [ 104.893717142000085, -5.297076024000015, 0.0 ], [ 104.893510643000056, -5.297323374999964, 0.0 ], [ 104.89321622300011, -5.297724410999928, 0.0 ], [ 104.893050595, -5.298047360999915, 0.0 ], [ 104.893002618000111, -5.298464859, 0.0 ], [ 104.893095392000063, -5.298748592000026, 0.0 ], [ 104.893189790000065, -5.299087743999932, 0.0 ], [ 104.893276241000109, -5.299346101, 0.0 ], [ 104.893442369000084, -5.29964388699994, 0.0 ], [ 104.893792869000038, -5.29983686399992, 0.0 ], [ 104.894104840000097, -5.300036484, 0.0 ], [ 104.894292864000107, -5.300378482999969, 0.0 ], [ 104.894376681000026, -5.300640222999954, 0.0 ], [ 104.894302949000064, -5.300864377999938, 0.0 ], [ 104.894100456000089, -5.301298592999983, 0.0 ], [ 104.894072498000085, -5.301392813999962, 0.0 ], [ 104.893859843000072, -5.301478177, 0.0 ], [ 104.893632274000083, -5.3016453989999, 0.0 ], [ 104.893378048, -5.301902927999981, 0.0 ], [ 104.893207018000069, -5.302135791999975, 0.0 ], [ 104.893155266000051, -5.302415317999921, 0.0 ], [ 104.893306518000131, -5.302517725999957, 0.0 ], [ 104.893493938000091, -5.302647485999946, 0.0 ], [ 104.893692392000077, -5.302846551999986, 0.0 ], [ 104.893851671000021, -5.303037778, 0.0 ], [ 104.893876770000062, -5.303197100999947, 0.0 ], [ 104.893841230000049, -5.30340348199997, 0.0 ], [ 104.89371874400004, -5.303646505, 0.0 ], [ 104.893595260000041, -5.303872347999951, 0.0 ], [ 104.89354166400004, -5.304113907999954, 0.0 ], [ 104.893534941000013, -5.304321325999974, 0.0 ], [ 104.893539157000106, -5.304577251999921, 0.0 ], [ 104.893638116000034, -5.304741355, 0.0 ], [ 104.893812422000067, -5.305103104, 0.0 ], [ 104.894265523000072, -5.30583126799994, 0.0 ], [ 104.89509817000004, -5.306383987999931, 0.0 ], [ 104.895825942000045, -5.306519044, 0.0 ], [ 104.896316435000031, -5.308611730999958, 0.0 ], [ 104.896043108000072, -5.309953727999885, 0.0 ], [ 104.895992209000028, -5.310152904999933, 0.0 ], [ 104.895899146000062, -5.310392278999933, 0.0 ], [ 104.895808379000101, -5.310713821999981, 0.0 ], [ 104.895748319000106, -5.311020425999947, 0.0 ], [ 104.895641502000061, -5.31147452499995, 0.0 ], [ 104.895498793000058, -5.311856896999968, 0.0 ], [ 104.895338117000094, -5.31239532800002, 0.0 ], [ 104.896036352000039, -5.313756747999955, 0.0 ], [ 104.897131986, -5.314608353999985, 0.0 ], [ 104.897752727000039, -5.315167806, 0.0 ], [ 104.898054406000128, -5.315919176, 0.0 ], [ 104.898116025000078, -5.316170823999945, 0.0 ], [ 104.898123862, -5.316425231999945, 0.0 ], [ 104.898160184000091, -5.316783895999956, 0.0 ], [ 104.89824924300008, -5.31713232799992, 0.0 ], [ 104.898399572000088, -5.317499478999922, 0.0 ], [ 104.898552326000114, -5.317827376999963, 0.0 ], [ 104.898872696000069, -5.318221929999924, 0.0 ], [ 104.899321935000017, -5.318538016999964, 0.0 ], [ 104.899481994000027, -5.318676616999975, 0.0 ], [ 104.899774763000011, -5.318984590999966, 0.0 ], [ 104.899990823000024, -5.31935973999992, 0.0 ], [ 104.90010579000004, -5.319513702999958, 0.0 ], [ 104.900340830000033, -5.319783417999892, 0.0 ], [ 104.900464508000056, -5.319982804999958, 0.0 ], [ 104.900544515, -5.320170017, 0.0 ], [ 104.900592986000021, -5.320420450999931, 0.0 ], [ 104.900626873000078, -5.320887257, 0.0 ], [ 104.900670464000129, -5.321295713999964, 0.0 ], [ 104.900642770000061, -5.321599418999957, 0.0 ], [ 104.900588732000116, -5.322184575999968, 0.0 ], [ 104.900988113000039, -5.322472336999974, 0.0 ], [ 104.901175690000102, -5.322625868999976, 0.0 ], [ 104.901518341000028, -5.322952258999981, 0.0 ], [ 104.901838010000105, -5.323078888999889, 0.0 ], [ 104.902251327000016, -5.323084788999934, 0.0 ], [ 104.902242250000057, -5.323641564999905, 0.0 ], [ 104.902383773000054, -5.324468212999912, 0.0 ], [ 104.902468904000074, -5.325081444999936, 0.0 ], [ 104.902485969000068, -5.325493633999935, 0.0 ], [ 104.902546761000039, -5.325918585999924, 0.0 ], [ 104.902521581000087, -5.326195748999941, 0.0 ], [ 104.902494402000059, -5.326673879999889, 0.0 ], [ 104.902441631000045, -5.326898487999911, 0.0 ], [ 104.902423387000042, -5.326976157999942, 0.0 ], [ 104.902380986000082, -5.327263350999901, 0.0 ], [ 104.902400369000091, -5.327513833999932, 0.0 ], [ 104.902497844000067, -5.327860140999986, 0.0 ], [ 104.902455402000029, -5.328229657999918, 0.0 ], [ 104.902391968000103, -5.328477910999942, 0.0 ], [ 104.902384173000087, -5.32868589, 0.0 ], [ 104.902399668000029, -5.328868839999958, 0.0 ], [ 104.902314780000026, -5.33014996399991, 0.0 ], [ 104.90230255200008, -5.330538059999958, 0.0 ], [ 104.902341495000101, -5.330831173999963, 0.0 ], [ 104.902278755000069, -5.331716136, 0.0 ], [ 104.902236407000018, -5.33211236099992, 0.0 ], [ 104.902254452000093, -5.333269342999904, 0.0 ], [ 104.902339623000032, -5.334572052999954, 0.0 ], [ 104.902378631000062, -5.335830764, 0.0 ], [ 104.902492179000049, -5.336061858999942, 0.0 ], [ 104.902794398000097, -5.336492133999927, 0.0 ], [ 104.903309577000087, -5.337305457999987, 0.0 ], [ 104.903988029000089, -5.338000392999932, 0.0 ], [ 104.904457485000123, -5.338475353999973, 0.0 ], [ 104.904529780000061, -5.338597874999985, 0.0 ], [ 104.904970547000033, -5.338920780999969, 0.0 ], [ 104.905206701000026, -5.339105438999971, 0.0 ], [ 104.905493839000073, -5.339485146999946, 0.0 ], [ 104.905647143000053, -5.339696144999907, 0.0 ], [ 104.905763899000121, -5.339869520999953, 0.0 ], [ 104.905813557000059, -5.339997119999941, 0.0 ], [ 104.905880282000069, -5.340182294999986, 0.0 ], [ 104.905921649000035, -5.340347200999952, 0.0 ], [ 104.906017958000092, -5.340724165999967, 0.0 ], [ 104.906019175000012, -5.340911371999914, 0.0 ], [ 104.905763835000116, -5.34096942500001, 0.0 ], [ 104.905531526000075, -5.341015345, 0.0 ], [ 104.905306289000094, -5.341086597999935, 0.0 ], [ 104.905229045000098, -5.341123421999962, 0.0 ], [ 104.904851886000074, -5.341275936999969, 0.0 ], [ 104.904519545000099, -5.341362069, 0.0 ], [ 104.904286020000058, -5.341432352999943, 0.0 ], [ 104.903949322000088, -5.34154121599998, 0.0 ], [ 104.903611343000094, -5.341833844999945, 0.0 ], [ 104.903484112000058, -5.342027679999907, 0.0 ], [ 104.90325426800004, -5.342393443999972, 0.0 ], [ 104.902695580000085, -5.342714307999964, 0.0 ], [ 104.902248649000057, -5.342835810999892, 0.0 ], [ 104.901490854000059, -5.342772471999981, 0.0 ], [ 104.900802758000069, -5.342499111999922, 0.0 ], [ 104.900289755000074, -5.342194408999935, 0.0 ], [ 104.899535085000068, -5.341877267999985, 0.0 ], [ 104.899036201000087, -5.341788633999935, 0.0 ], [ 104.898767298000053, -5.341749627, 0.0 ], [ 104.898583306, -5.341753138999929, 0.0 ], [ 104.898459450000061, -5.341852296999962, 0.0 ], [ 104.898346169000021, -5.342181689999949, 0.0 ], [ 104.89822228000007, -5.342482745999989, 0.0 ], [ 104.897946250000061, -5.342748355999939, 0.0 ], [ 104.897737049000071, -5.342963026999938, 0.0 ], [ 104.897411503000043, -5.343101114, 0.0 ], [ 104.896926764000085, -5.343062068999961, 0.0 ], [ 104.896342987000097, -5.342806941999902, 0.0 ], [ 104.895599828000073, -5.34246855899997, 0.0 ], [ 104.894776761000088, -5.342160813, 0.0 ], [ 104.893834396000017, -5.341811116000018, 0.0 ], [ 104.893396281, -5.341630134999965, 0.0 ], [ 104.892811258000094, -5.34141633599995, 0.0 ], [ 104.892050184000098, -5.341461794999892, 0.0 ], [ 104.891534890000088, -5.341825334999951, 0.0 ], [ 104.891073592000026, -5.342355680999956, 0.0 ], [ 104.890649881000044, -5.342850207999929, 0.0 ], [ 104.890389611, -5.343071027, 0.0 ], [ 104.889967181000046, -5.343220082999979, 0.0 ], [ 104.889463680000048, -5.343289839999978, 0.0 ], [ 104.888887314000058, -5.343367402, 0.0 ], [ 104.888606319000075, -5.343495717999959, 0.0 ], [ 104.888476082000039, -5.343681801999901, 0.0 ], [ 104.888342153000067, -5.343912081999948, 0.0 ], [ 104.887927281000117, -5.343976190000012, 0.0 ], [ 104.887533200000107, -5.343785454999951, 0.0 ], [ 104.886989093000111, -5.343435170999923, 0.0 ], [ 104.886827843000091, -5.343258705999977, 0.0 ], [ 104.886771336000038, -5.343127200999932, 0.0 ], [ 104.886510654000048, -5.342606737999946, 0.0 ], [ 104.886179391000084, -5.342313456999927, 0.0 ], [ 104.885929687000029, -5.342248599999978, 0.0 ], [ 104.885633718000051, -5.3423078, 0.0 ], [ 104.885383980000086, -5.342424410999959, 0.0 ], [ 104.88534510500007, -5.342598465999972, 0.0 ], [ 104.884708096000026, -5.342787394999972, 0.0 ], [ 104.883760304000035, -5.343138050999942, 0.0 ], [ 104.883227205000068, -5.343147832999952, 0.0 ], [ 104.882891631000106, -5.342732695999887, 0.0 ], [ 104.882674573000088, -5.342060630999969, 0.0 ], [ 104.882533289000037, -5.341348772999956, 0.0 ], [ 104.882368783000103, -5.340738782999933, 0.0 ], [ 104.882130445000101, -5.34035575999995, 0.0 ], [ 104.881747916000066, -5.340161422999946, 0.0 ], [ 104.881282191000082, -5.340105828999965, 0.0 ], [ 104.880702680000084, -5.340238368, 0.0 ], [ 104.879980066000073, -5.340539820999902, 0.0 ], [ 104.879670930000074, -5.340741560999986, 0.0 ], [ 104.879450132000017, -5.340820315000018, 0.0 ], [ 104.879248541000038, -5.340858714, 0.0 ], [ 104.879043117, -5.34086636099992, 0.0 ], [ 104.878885056000072, -5.340750729999945, 0.0 ], [ 104.878833235000045, -5.340683451999974, 0.0 ], [ 104.878810216, -5.340583508999964, 0.0 ], [ 104.878831417000072, -5.340162616999956, 0.0 ], [ 104.878856415000101, -5.339958899999976, 0.0 ], [ 104.878762634000068, -5.339534534999947, 0.0 ], [ 104.87857844700001, -5.339165585999973, 0.0 ], [ 104.87829905100007, -5.338851954999958, 0.0 ], [ 104.87799310700008, -5.33859982999997, 0.0 ], [ 104.877705662000011, -5.338519742, 0.0 ], [ 104.877006557000072, -5.33857919999995, 0.0 ], [ 104.876466188000038, -5.33865362799998, 0.0 ], [ 104.876148092000093, -5.338738702999914, 0.0 ], [ 104.875692677000075, -5.338864914999965, 0.0 ], [ 104.875464118000082, -5.338913896999932, 0.0 ], [ 104.8752110490001, -5.339060928999929, 0.0 ], [ 104.875104909000115, -5.339186201, 0.0 ], [ 104.874999999000053, -5.339251755, 0.0 ], [ 104.874683249000043, -5.339317224, 0.0 ], [ 104.874398338000091, -5.339234059999955, 0.0 ], [ 104.874161966000074, -5.33910543399997, 0.0 ], [ 104.873947526000094, -5.338918795999982, 0.0 ], [ 104.873509753000022, -5.338542755999955, 0.0 ], [ 104.873150238000036, -5.338217280999936, 0.0 ], [ 104.872934090434313, -5.337947814457612, 0.0 ], [ 104.872893239000078, -5.337689319999862, 0.0 ], [ 104.871300646000023, -5.336197599999894, 0.0 ], [ 104.86881222800001, -5.335600910999906, 0.0 ], [ 104.864597081000042, -5.336546798999921, 0.0 ], [ 104.862506796000019, -5.336845138999914, 0.0 ], [ 104.859421159000064, -5.335552319999882, 0.0 ], [ 104.855638748, -5.336049560999902, 0.0 ], [ 104.855624794216197, -5.336021678545867, 0.0 ], [ 104.855762803000061, -5.335716771999989, 0.0 ], [ 104.856101940000059, -5.335263616999976, 0.0 ], [ 104.856483736000115, -5.334929473999951, 0.0 ], [ 104.856859195000098, -5.334522458000025, 0.0 ], [ 104.857077215000103, -5.334269957999917, 0.0 ], [ 104.857068713000018, -5.334073048999967, 0.0 ], [ 104.856970444000055, -5.333953171, 0.0 ], [ 104.856607191000109, -5.33388888, 0.0 ], [ 104.855590056000068, -5.333828713999912, 0.0 ], [ 104.854904643000026, -5.333792689999951, 0.0 ], [ 104.854557392178862, -5.333773515880237, 0.0 ], [ 104.853946617000062, -5.33236999099992, 0.0 ], [ 104.850902055587042, -5.331694025989909, 0.0 ], [ 104.850874265000058, -5.331528315, 0.0 ], [ 104.850872112000062, -5.331031988999969, 0.0 ], [ 104.85083393700009, -5.330807023, 0.0 ], [ 104.850657159000036, -5.330668177999977, 0.0 ], [ 104.850227109000073, -5.330553201999967, 0.0 ], [ 104.849983411000068, -5.330495706999917, 0.0 ], [ 104.849668029000085, -5.330452553999988, 0.0 ], [ 104.849347297495171, -5.33049588499105, 0.0 ], [ 104.848770699000085, -5.329883799, 0.0 ], [ 104.848372557000104, -5.327099259999914, 0.0 ], [ 104.847874869000037, -5.322723550999887, 0.0 ], [ 104.847078577999966, -5.318745636999912, 0.0 ], [ 104.846879498000106, -5.314966629999963, 0.0 ], [ 104.845166689000138, -5.308665138999848, 0.0 ], [ 104.840787068000154, -5.308366787999942, 0.0 ], [ 104.835611147, -5.30568169599991, 0.0 ], [ 104.834516242000078, -5.306377838999866, 0.0 ], [ 104.831629679000073, -5.308864028999873, 0.0 ], [ 104.829141247999971, -5.309261818999834, 0.0 ], [ 104.826652819000046, -5.311449668999936, 0.0 ], [ 104.825844244328209, -5.311126530271983, 0.0 ], [ 104.825798079000023, -5.310954782999934, 0.0 ], [ 104.825725530000071, -5.310793419999905, 0.0 ], [ 104.825496313000102, -5.310276323999931, 0.0 ], [ 104.825346704000069, -5.30985361199995, 0.0 ], [ 104.825274003000104, -5.309472789999971, 0.0 ], [ 104.825228713000087, -5.309186451, 0.0 ], [ 104.825194891000123, -5.308340094999954, 0.0 ], [ 104.825179699000017, -5.307817020999929, 0.0 ], [ 104.82515, -5.307507265999968, 0.0 ], [ 104.824972666000036, -5.306940997000011, 0.0 ], [ 104.824904627000095, -5.306781841999987, 0.0 ], [ 104.824762408000041, -5.306593429999941, 0.0 ], [ 104.824539754000099, -5.306435650999942, 0.0 ], [ 104.824473928000074, -5.306402159999925, 0.0 ], [ 104.82434259700004, -5.306387954999904, 0.0 ], [ 104.824166784000056, -5.306468862999937, 0.0 ], [ 104.823887893000077, -5.306659035999951, 0.0 ], [ 104.823434448000043, -5.306959438999938, 0.0 ], [ 104.823421341692892, -5.306972220598295, 0.0 ], [ 104.823368099999968, -5.305482806999885, 0.0 ], [ 104.822571808000163, -5.304189975999853, 0.0 ], [ 104.820979221000101, -5.304985569999866, 0.0 ], [ 104.819386626999957, -5.30657672699998, 0.0 ], [ 104.818689869000039, -5.308167900999917, 0.0 ], [ 104.817696067964093, -5.307265249535144, 0.0 ], [ 104.817703603000069, -5.307206373999941, 0.0 ], [ 104.817998668000058, -5.306916724999956, 0.0 ], [ 104.818103773000047, -5.306766119000018, 0.0 ], [ 104.818114135000101, -5.306549455999944, 0.0 ], [ 104.818050930000112, -5.306307039999959, 0.0 ], [ 104.817918977000033, -5.305976316999951, 0.0 ], [ 104.817727923000035, -5.305303879999913, 0.0 ], [ 104.817631346000042, -5.304961354999906, 0.0 ], [ 104.817506363000092, -5.30435288099992, 0.0 ], [ 104.817468671000071, -5.304170982999969, 0.0 ], [ 104.817279938000098, -5.303849417, 0.0 ], [ 104.81708554300009, -5.303627597999951, 0.0 ], [ 104.816598, -5.303252853999942, 0.0 ], [ 104.816328375000055, -5.30300334, 0.0 ], [ 104.816160888000056, -5.302832472999976, 0.0 ], [ 104.816108518973422, -5.302756062257531, 0.0 ], [ 104.81610190800005, -5.302698268999885, 0.0 ], [ 104.815863571189951, -5.302384947469209, 0.0 ], [ 104.815672947000095, -5.302064, 0.0 ], [ 104.815460628000025, -5.301743279999917, 0.0 ], [ 104.815175948000089, -5.301301769999979, 0.0 ], [ 104.815067733000021, -5.301173451999931, 0.0 ], [ 104.81480790800002, -5.300903009999937, 0.0 ], [ 104.814582435889079, -5.300700745715504, 0.0 ], [ 104.814210711000072, -5.300212069999878, 0.0 ], [ 104.812319508000186, -5.299018698999904, 0.0 ], [ 104.809629330919435, -5.298947964441515, 0.0 ], [ 104.809627784000043, -5.298943125999957, 0.0 ], [ 104.809499134000063, -5.298583043999917, 0.0 ], [ 104.809452424000099, -5.298402121999958, 0.0 ], [ 104.809384023000035, -5.298106669999937, 0.0 ], [ 104.809300172000022, -5.297704255999948, 0.0 ], [ 104.809305784000045, -5.29735499, 0.0 ], [ 104.809324003000043, -5.297281595999971, 0.0 ], [ 104.80935338500008, -5.297187794999937, 0.0 ], [ 104.80940515, -5.297032393999958, 0.0 ], [ 104.809413575000079, -5.296906382999923, 0.0 ], [ 104.809345076000099, -5.296736325999975, 0.0 ], [ 104.809304079000086, -5.296584049999987, 0.0 ], [ 104.809194, -5.296223178999972, 0.0 ], [ 104.809160785000046, -5.295960705000015, 0.0 ], [ 104.809159474000111, -5.295587546999959, 0.0 ], [ 104.809188913000057, -5.295076791999977, 0.0 ], [ 104.809194135000041, -5.294763689, 0.0 ], [ 104.809190758174651, -5.294697367723446, 0.0 ], [ 104.809731560000017, -5.29364851999984, 0.0 ], [ 104.812219979000119, -5.289770049999921, 0.0 ], [ 104.814409791000202, -5.284101519999863, 0.0 ], [ 104.816699128000081, -5.280819749999845, 0.0 ], [ 104.819187555000013, -5.275549019999838, 0.0 ], [ 104.822663997999967, -5.271924188999945, 0.0 ], [ 104.821768168000105, -5.270034679999926, 0.0 ], [ 104.819578359000019, -5.270333019999919, 0.0 ], [ 104.81619408900022, -5.270730819999971, 0.0 ], [ 104.813307526000216, -5.269239099999913, 0.0 ], [ 104.813207988000059, -5.266355109999944, 0.0 ], [ 104.811714938000165, -5.264863399999888, 0.0 ], [ 104.808828372000065, -5.266156219999919, 0.0 ], [ 104.805543648000068, -5.267150699999869, 0.0 ], [ 104.801761247000016, -5.267747376999855, 0.0 ], [ 104.797381630000118, -5.267548488999919, 0.0 ], [ 104.795432650671785, -5.265990706451008, 0.0 ], [ 104.795323349000071, -5.265606336999985, 0.0 ], [ 104.795191717000108, -5.265377135999939, 0.0 ], [ 104.795011337000105, -5.265084587999981, 0.0 ], [ 104.794805218000107, -5.264765090000013, 0.0 ], [ 104.794690877000065, -5.264653945999966, 0.0 ], [ 104.79444074500006, -5.264505668999954, 0.0 ], [ 104.794154837000022, -5.264404882999964, 0.0 ], [ 104.793141401994518, -5.264159354444077, 0.0 ], [ 104.792902458000057, -5.263968370999907, 0.0 ], [ 104.792141377463238, -5.263026923159154, 0.0 ], [ 104.792058086000097, -5.262818883999921, 0.0 ], [ 104.791935622000082, -5.262469946999916, 0.0 ], [ 104.791914276000099, -5.262302314, 0.0 ], [ 104.791754658000031, -5.261983707999919, 0.0 ], [ 104.791386824000057, -5.261350724999948, 0.0 ], [ 104.791235116000038, -5.261175253, 0.0 ], [ 104.79110672300007, -5.261106988999943, 0.0 ], [ 104.791005554000051, -5.261087463999926, 0.0 ], [ 104.790847946000056, -5.261095206999945, 0.0 ], [ 104.790711739000074, -5.261124397999962, 0.0 ], [ 104.790579414000049, -5.261167234999954, 0.0 ], [ 104.790461000625385, -5.261207288649596, 0.0 ], [ 104.787575137058425, -5.259765653917116, 0.0 ], [ 104.787525058000099, -5.259639112999904, 0.0 ], [ 104.7874456320001, -5.259534954999902, 0.0 ], [ 104.787442777000052, -5.259405264999918, 0.0 ], [ 104.787529450000108, -5.259244069, 0.0 ], [ 104.787635603000098, -5.259088640999922, 0.0 ], [ 104.787887687000094, -5.258942530999912, 0.0 ], [ 104.787956633000107, -5.258915763999918, 0.0 ], [ 104.788184740000062, -5.258835446999933, 0.0 ], [ 104.788285264000123, -5.258802533999964, 0.0 ], [ 104.788443763, -5.258752900999943, 0.0 ], [ 104.788543085000043, -5.258719345, 0.0 ], [ 104.788701597000014, -5.258599932999987, 0.0 ], [ 104.788720794000099, -5.258555913999986, 0.0 ], [ 104.788798747000058, -5.258287, 0.0 ], [ 104.788809918000098, -5.25820779399996, 0.0 ], [ 104.78883968500007, -5.257996723, 0.0 ], [ 104.788835516000091, -5.257728854999945, 0.0 ], [ 104.78881992600013, -5.257527994999935, 0.0 ], [ 104.788808721000095, -5.257383640999892, 0.0 ], [ 104.788775869000034, -5.25718430999992, 0.0 ], [ 104.788742828000053, -5.256980916999966, 0.0 ], [ 104.788709495000049, -5.256771709999976, 0.0 ], [ 104.788700071000065, -5.256730829999968, 0.0 ], [ 104.788657256000079, -5.256605301999974, 0.0 ], [ 104.788598037000071, -5.256431673, 0.0 ], [ 104.78856070100008, -5.256322204, 0.0 ], [ 104.788485669000096, -5.256196346999976, 0.0 ], [ 104.788426086000044, -5.256096405999967, 0.0 ], [ 104.788387567000058, -5.256031798999951, 0.0 ], [ 104.788290843000055, -5.255897705999958, 0.0 ], [ 104.788223678000094, -5.255804604999982, 0.0 ], [ 104.788200541000037, -5.255772533, 0.0 ], [ 104.788140609000052, -5.25565070899995, 0.0 ], [ 104.788087633000018, -5.255538894999935, 0.0 ], [ 104.78805963500011, -5.25547979699993, 0.0 ], [ 104.788001688000108, -5.255357482999935, 0.0 ], [ 104.787945054000033, -5.255237963999905, 0.0 ], [ 104.787937363000111, -5.255173506, 0.0 ], [ 104.787903810000088, -5.254892227999987, 0.0 ], [ 104.787894147000088, -5.254811240999947, 0.0 ], [ 104.787852766000043, -5.254612399999926, 0.0 ], [ 104.787831980000092, -5.254512532000012, 0.0 ], [ 104.787623125000053, -5.254364993999973, 0.0 ], [ 104.787227620000095, -5.254110915999911, 0.0 ], [ 104.786933362000084, -5.253860739999906, 0.0 ], [ 104.786807052000114, -5.253758709999902, 0.0 ], [ 104.786738181000018, -5.25351025199995, 0.0 ], [ 104.786718707, -5.253216396999973, 0.0 ], [ 104.786742021000066, -5.252816718999943, 0.0 ], [ 104.786785131000073, -5.252406396999922, 0.0 ], [ 104.786714897000039, -5.252079251999943, 0.0 ], [ 104.786657800000029, -5.251815725999988, 0.0 ], [ 104.786567977000047, -5.251402659999917, 0.0 ], [ 104.786536861000059, -5.250872053999979, 0.0 ], [ 104.786515210000033, -5.250506170999904, 0.0 ], [ 104.78651415400013, -5.250135517999967, 0.0 ], [ 104.786521076000085, -5.250000012999946, 0.0 ], [ 104.786536931000057, -5.249922932999963, 0.0 ], [ 104.786552786000044, -5.249845861999981, 0.0 ], [ 104.786568641000102, -5.24976878199991, 0.0 ], [ 104.786584496000089, -5.249691702999927, 0.0 ], [ 104.786600350000072, -5.249614622999944, 0.0 ], [ 104.786616205000044, -5.249537551999962, 0.0 ], [ 104.786632060000031, -5.24946047199998, 0.0 ], [ 104.786648130000017, -5.249388322999961, 0.0 ], [ 104.78666419000011, -5.249316182999943, 0.0 ], [ 104.786680260000111, -5.249244033999924, 0.0 ], [ 104.786696321000107, -5.249171892999906, 0.0 ], [ 104.78671239, -5.249099743999976, 0.0 ], [ 104.786740417000019, -5.249029751999958, 0.0 ], [ 104.786768452000032, -5.248959750999939, 0.0 ], [ 104.786796478000042, -5.248889757999921, 0.0 ], [ 104.786824504000052, -5.248819765999903, 0.0 ], [ 104.786852539000066, -5.248749764999973, 0.0 ], [ 104.786880565000075, -5.248679772999955, 0.0 ], [ 104.78691350000004, -5.248610152999968, 0.0 ], [ 104.786946426000014, -5.24854052399998, 0.0 ], [ 104.786979361000078, -5.248470905, 0.0 ], [ 104.787012297000047, -5.248401284999916, 0.0 ], [ 104.787054362000063, -5.248337177999941, 0.0 ], [ 104.787096428000083, -5.248273079999967, 0.0 ], [ 104.787138494, -5.248208981999904, 0.0 ], [ 104.78718056000011, -5.248144875000017, 0.0 ], [ 104.78723351800005, -5.248079006999985, 0.0 ], [ 104.78728647700008, -5.248013138999953, 0.0 ], [ 104.78733943600011, -5.247947280999922, 0.0 ], [ 104.787392394000051, -5.247881412999979, 0.0 ], [ 104.787450501000066, -5.247829731999966, 0.0 ], [ 104.787508599000077, -5.247778041999952, 0.0 ], [ 104.787566705000089, -5.247726360999939, 0.0 ], [ 104.787624803000099, -5.247674671000015, 0.0 ], [ 104.787682910000015, -5.24762299, 0.0 ], [ 104.787741007000122, -5.247571299999988, 0.0 ], [ 104.787799114000038, -5.247519618999975, 0.0 ], [ 104.787860088000031, -5.247473901000012, 0.0 ], [ 104.787921062000095, -5.247428182999959, 0.0 ], [ 104.787982037000077, -5.247382463999907, 0.0 ], [ 104.788043002000066, -5.247336736999943, 0.0 ], [ 104.788103976000045, -5.24729101899989, 0.0 ], [ 104.788164950000024, -5.247245300000015, 0.0 ], [ 104.788225925000091, -5.247199581999963, 0.0 ], [ 104.788282252000045, -5.247152323999961, 0.0 ], [ 104.788338579000097, -5.247105065999959, 0.0 ], [ 104.78839490600005, -5.247057807999957, 0.0 ], [ 104.788451234, -5.247010540999954, 0.0 ], [ 104.788507552000041, -5.246963282999952, 0.0 ], [ 104.78856387900008, -5.246916024999949, 0.0 ], [ 104.788620206000033, -5.246868766999947, 0.0 ], [ 104.788676533000071, -5.246821508999945, 0.0 ], [ 104.788727644000048, -5.246750212999908, 0.0 ], [ 104.788778754000091, -5.24667891699996, 0.0 ], [ 104.788829864000064, -5.246607620999923, 0.0 ], [ 104.788880974000023, -5.246536324999974, 0.0 ], [ 104.788920803000039, -5.246469411999945, 0.0 ], [ 104.788960631000052, -5.246402508999916, 0.0 ], [ 104.789000460000054, -5.246335595999975, 0.0 ], [ 104.789040288000066, -5.246268692999946, 0.0 ], [ 104.789080116000079, -5.24620178, 0.0 ], [ 104.78923342800006, -5.245751712999981, 0.0 ], [ 104.789391404000071, -5.245148490999986, 0.0 ], [ 104.789535052000062, -5.244502174999978, 0.0 ], [ 104.78960694500006, -5.243970742999972, 0.0 ], [ 104.789736383000019, -5.242922238, 0.0 ], [ 104.789865643000056, -5.242405188999934, 0.0 ], [ 104.79007127600002, -5.241824198, 0.0 ], [ 104.790033984000033, -5.241756074999961, 0.0 ], [ 104.789996692000059, -5.241687950999919, 0.0 ], [ 104.789959399000082, -5.241619827999967, 0.0 ], [ 104.789922116000113, -5.241551694999925, 0.0 ], [ 104.78988482400004, -5.241483570999973, 0.0 ], [ 104.789847532000067, -5.241415447999932, 0.0 ], [ 104.789810240000094, -5.24134732399998, 0.0 ], [ 104.789792441000131, -5.241274176999967, 0.0 ], [ 104.789774643000072, -5.241201038999955, 0.0 ], [ 104.789756845000028, -5.241127892999943, 0.0 ], [ 104.789739056000059, -5.241054754999931, 0.0 ], [ 104.789721257000096, -5.240981608, 0.0 ], [ 104.789703459000052, -5.24090847, 0.0 ], [ 104.789685661000078, -5.240835322999983, 0.0 ], [ 104.789682765000109, -5.240751297999958, 0.0 ], [ 104.789679869000054, -5.240667272999934, 0.0 ], [ 104.789676974000074, -5.24058324899991, 0.0 ], [ 104.789674078000104, -5.240499223999974, 0.0 ], [ 104.789689700000068, -5.240414227999958, 0.0 ], [ 104.789705322000117, -5.240329231999942, 0.0 ], [ 104.789720944000067, -5.240244236999926, 0.0 ], [ 104.789736567000034, -5.240159241, 0.0 ], [ 104.789742159000056, -5.240087224, 0.0 ], [ 104.789747751000064, -5.240015206999983, 0.0 ], [ 104.789753343000086, -5.239943188999975, 0.0 ], [ 104.789758944000113, -5.239871162999966, 0.0 ], [ 104.789764535000032, -5.239799145999958, 0.0 ], [ 104.789770127000054, -5.239727128999951, 0.0 ], [ 104.789775719000076, -5.239655110999943, 0.0 ], [ 104.789756904000029, -5.239574988999975, 0.0 ], [ 104.789738088000064, -5.239494867, 0.0 ], [ 104.789719273000017, -5.23941474499995, 0.0 ], [ 104.789700457000066, -5.239334622999893, 0.0 ], [ 104.789681641000101, -5.239254500999925, 0.0 ], [ 104.789662826000054, -5.239174378999957, 0.0 ], [ 104.789616065000104, -5.239112484999987, 0.0 ], [ 104.789569305000043, -5.239050590999929, 0.0 ], [ 104.789522544000093, -5.238988697999959, 0.0 ], [ 104.789475784000032, -5.238926803999989, 0.0 ], [ 104.789429024000071, -5.238864909999931, 0.0 ], [ 104.789382263000022, -5.238803015999961, 0.0 ], [ 104.78911679300009, -5.238472578999977, 0.0 ], [ 104.788812546000045, -5.238167685999974, 0.0 ], [ 104.788508312000019, -5.237820752999957, 0.0 ], [ 104.788124078000109, -5.237298774999934, 0.0 ], [ 104.787593148000056, -5.236575150999924, 0.0 ], [ 104.78708342300007, -5.2359792, 0.0 ], [ 104.786685799000026, -5.235369111999967, 0.0 ], [ 104.785843207000127, -5.236048607999967, 0.0 ], [ 104.785184389000065, -5.236535917999964, 0.0 ], [ 104.784382415000053, -5.236937141999944, 0.0 ], [ 104.783465931000066, -5.237223610999932, 0.0 ], [ 104.782578183000069, -5.237223303999906, 0.0 ], [ 104.781490015000102, -5.237108210999976, 0.0 ], [ 104.780831443000054, -5.236878552999981, 0.0 ], [ 104.780201659000085, -5.236218724999921, 0.0 ], [ 104.779886902000058, -5.23550165099992, 0.0 ], [ 104.779772685000111, -5.234555219999949, 0.0 ], [ 104.779801714000115, -5.233436766999956, 0.0 ], [ 104.779802075000063, -5.232404339999976, 0.0 ], [ 104.780174914000085, -5.230798471999977, 0.0 ], [ 104.780748038000084, -5.22968021, 0.0 ], [ 104.781607153251997, -5.228839295985045, 0.0 ], [ 104.781939281000049, -5.228883539999897, 0.0 ], [ 104.782057439921985, -5.228096542836459, 0.0 ], [ 104.782154165000065, -5.227921115999935, 0.0 ], [ 104.782411070000094, -5.22673273799993, 0.0 ], [ 104.782282084583798, -5.226011616948346, 0.0 ], [ 104.782337429000137, -5.224905629999833, 0.0 ], [ 104.781917874255413, -5.224865707196193, 0.0 ], [ 104.781703619000012, -5.224378891999949, 0.0 ], [ 104.780255707000023, -5.22205702799995, 0.0 ], [ 104.78154270600001, -5.218419248999963, 0.0 ], [ 104.782743414000066, -5.215641290999974, 0.0 ], [ 104.784243824000043, -5.213501707999958, 0.0 ], [ 104.785699875000077, -5.210742481999921, 0.0 ], [ 104.78642707900012, -5.208911909999893, 0.0 ], [ 104.786427468000056, -5.207761779999943, 0.0 ], [ 104.78576028400002, -5.207018037999957, 0.0 ], [ 104.784778831000082, -5.206210643999944, 0.0 ], [ 104.783460398000059, -5.205329766999979, 0.0 ], [ 104.782742663000093, -5.204625175999945, 0.0 ], [ 104.782407994000025, -5.203801812999943, 0.0 ], [ 104.782501437000022, -5.203096643999951, 0.0 ], [ 104.782492226000059, -5.202625699999976, 0.0 ], [ 104.782465958000017, -5.202548912999928, 0.0 ], [ 104.782439689000071, -5.20247212599997, 0.0 ], [ 104.78241342100003, -5.202395330999922, 0.0 ], [ 104.782387143000079, -5.202318543999963, 0.0 ], [ 104.782360875000037, -5.202241757, 0.0 ], [ 104.782334606000077, -5.202164969999957, 0.0 ], [ 104.782293220000028, -5.202096916999922, 0.0 ], [ 104.782251835000068, -5.202028854999975, 0.0 ], [ 104.782210449000019, -5.201960792999939, 0.0 ], [ 104.782169072000059, -5.20189274, 0.0 ], [ 104.782127686000095, -5.201824686999958, 0.0 ], [ 104.782086300000046, -5.20175662500001, 0.0 ], [ 104.782044914, -5.201688562999975, 0.0 ], [ 104.782003528000047, -5.201620509999939, 0.0 ], [ 104.781955399000054, -5.201559564999959, 0.0 ], [ 104.781907270000076, -5.201498610999979, 0.0 ], [ 104.781859141000083, -5.20143766599991, 0.0 ], [ 104.781811013, -5.201376711999929, 0.0 ], [ 104.781762884000031, -5.201315767999949, 0.0 ], [ 104.781714755000039, -5.201254813999968, 0.0 ], [ 104.78166662600006, -5.201193868999988, 0.0 ], [ 104.781618497000068, -5.201132914999919, 0.0 ], [ 104.781570368000089, -5.201071969999939, 0.0 ], [ 104.781519385000038, -5.20101830699994, 0.0 ], [ 104.781468402000087, -5.20096464299994, 0.0 ], [ 104.781417420000039, -5.200910979999941, 0.0 ], [ 104.781366437000088, -5.200857315999942, 0.0 ], [ 104.781315454000037, -5.200803652999943, 0.0 ], [ 104.781264471000085, -5.200749988999943, 0.0 ], [ 104.781213489000038, -5.200696325999944, 0.0 ], [ 104.781162506000086, -5.200642661999945, 0.0 ], [ 104.78111152300005, -5.200588998999946, 0.0 ], [ 104.781060540000084, -5.200535335999946, 0.0 ], [ 104.781005322000055, -5.200466544999939, 0.0 ], [ 104.780950112000099, -5.200397762999932, 0.0 ], [ 104.780894894000056, -5.200328972999925, 0.0 ], [ 104.780845751000086, -5.200276358999924, 0.0 ], [ 104.780796618000096, -5.200223745999923, 0.0 ], [ 104.78074747600003, -5.20017113200001, 0.0 ], [ 104.78069833400005, -5.20011851899992, 0.0 ], [ 104.78064920000007, -5.200065905, 0.0 ], [ 104.78060005800009, -5.200013291999918, 0.0 ], [ 104.780550916000024, -5.199960686999917, 0.0 ], [ 104.780501774000044, -5.199908073999916, 0.0 ], [ 104.780452641000068, -5.199855461, 0.0 ], [ 104.780403498000084, -5.199802846999914, 0.0 ], [ 104.780354356000018, -5.199750234, 0.0 ], [ 104.780305223000127, -5.199697619999911, 0.0 ], [ 104.780256081000047, -5.199645007, 0.0 ], [ 104.780212418000076, -5.19958727499993, 0.0 ], [ 104.780168746000115, -5.199529533999948, 0.0 ], [ 104.780125083000044, -5.199471801999968, 0.0 ], [ 104.780081411000083, -5.199414069999898, 0.0 ], [ 104.780037748000012, -5.199356328999917, 0.0 ], [ 104.779994085000041, -5.199298596999936, 0.0 ], [ 104.77995041300008, -5.199240855999955, 0.0 ], [ 104.779906750000109, -5.199183123999974, 0.0 ], [ 104.779858449000102, -5.199123065999979, 0.0 ], [ 104.779810158000018, -5.199063006999983, 0.0 ], [ 104.7797618580001, -5.199002948999988, 0.0 ], [ 104.779713566000012, -5.19894289, 0.0 ], [ 104.779665266000023, -5.198882832, 0.0 ], [ 104.77961697500011, -5.198822773, 0.0 ], [ 104.779568675000107, -5.198762714999917, 0.0 ], [ 104.779520383000019, -5.198702656000011, 0.0 ], [ 104.779469484000074, -5.198643175999974, 0.0 ], [ 104.77941858500013, -5.198583694999938, 0.0 ], [ 104.779367686000086, -5.198524223999902, 0.0 ], [ 104.779316787000056, -5.198464742999954, 0.0 ], [ 104.779265887000108, -5.198405262999918, 0.0 ], [ 104.779214988000064, -5.198345791999971, 0.0 ], [ 104.779164089000034, -5.198286310999935, 0.0 ], [ 104.77911319, -5.198226830999987, 0.0 ], [ 104.779059555000089, -5.198171546999943, 0.0 ], [ 104.779005920000088, -5.198116253999986, 0.0 ], [ 104.778952286000091, -5.198060969999942, 0.0 ], [ 104.778898651000091, -5.198005685999897, 0.0 ], [ 104.778845016, -5.197950392999941, 0.0 ], [ 104.778791373, -5.197895108999985, 0.0 ], [ 104.778737738000103, -5.19783981599994, 0.0 ], [ 104.778684103000018, -5.197784531999984, 0.0 ], [ 104.778630469000106, -5.19772924899994, 0.0 ], [ 104.77857683400002, -5.197673955999983, 0.0 ], [ 104.77852319900002, -5.197618671999939, 0.0 ], [ 104.778470069000065, -5.197565894000013, 0.0 ], [ 104.778416939000024, -5.197513115999909, 0.0 ], [ 104.778363818000074, -5.197460337999894, 0.0 ], [ 104.778310688000033, -5.197407559999968, 0.0 ], [ 104.778257557000074, -5.197354772999953, 0.0 ], [ 104.778204427000034, -5.197301995999938, 0.0 ], [ 104.778151297000079, -5.197249218000012, 0.0 ], [ 104.778098176000029, -5.19719644, 0.0 ], [ 104.778045046000074, -5.197143661999982, 0.0 ], [ 104.777991916000119, -5.197090883999968, 0.0 ], [ 104.777945836000043, -5.197031115999907, 0.0 ], [ 104.77789976400004, -5.196971346999936, 0.0 ], [ 104.77785368400005, -5.196911578999964, 0.0 ], [ 104.77780760400006, -5.19685182, 0.0 ], [ 104.77776153300006, -5.196792050999933, 0.0 ], [ 104.777715452000066, -5.196732282999962, 0.0 ], [ 104.777669372000076, -5.196672513999902, 0.0 ], [ 104.777623301000091, -5.19661274599993, 0.0 ], [ 104.777577221000087, -5.19655298699996, 0.0 ], [ 104.777531140000093, -5.196493217999988, 0.0 ], [ 104.777485069000107, -5.196433450000017, 0.0 ], [ 104.777438989000117, -5.196373681999956, 0.0 ], [ 104.777405165000062, -5.196308697999909, 0.0 ], [ 104.777371340000016, -5.19624371399995, 0.0 ], [ 104.77733750700007, -5.196178729999902, 0.0 ], [ 104.77730368200011, -5.196113745999943, 0.0 ], [ 104.777269858000068, -5.196048761999984, 0.0 ], [ 104.777236025000022, -5.195983777999936, 0.0 ], [ 104.777202200000062, -5.195918793999978, 0.0 ], [ 104.777168376000105, -5.19585380999993, 0.0 ], [ 104.777140365, -5.195782893999924, 0.0 ], [ 104.777112363000086, -5.195711986999919, 0.0 ], [ 104.777084352000074, -5.19564107, 0.0 ], [ 104.777056349000077, -5.195570163, 0.0 ], [ 104.777028338000065, -5.195499246999903, 0.0 ], [ 104.777000336000057, -5.195428338999898, 0.0 ], [ 104.776972325000045, -5.195357422999981, 0.0 ], [ 104.776944323000038, -5.195286515999976, 0.0 ], [ 104.776916312000125, -5.195215598999971, 0.0 ], [ 104.776893967000049, -5.195145724999962, 0.0 ], [ 104.776871614000058, -5.195075841999953, 0.0 ], [ 104.776849269000081, -5.195005967999945, 0.0 ], [ 104.7768269150001, -5.194936084999936, 0.0 ], [ 104.776804571000113, -5.194866211000017, 0.0 ], [ 104.776782217000033, -5.194796327999919, 0.0 ], [ 104.776759872000056, -5.194726454, 0.0 ], [ 104.776737519000065, -5.194656570999902, 0.0 ], [ 104.776715174000088, -5.194586696999982, 0.0 ], [ 104.776695248000038, -5.194515973, 0.0 ], [ 104.776675322000074, -5.194445249999914, 0.0 ], [ 104.776655405000028, -5.194374525999924, 0.0 ], [ 104.776635479000063, -5.194303793999934, 0.0 ], [ 104.776615553000013, -5.194233069999944, 0.0 ], [ 104.776595627000049, -5.194162345999954, 0.0 ], [ 104.776575701000098, -5.194091622999965, 0.0 ], [ 104.776555784000038, -5.194020898999975, 0.0 ], [ 104.776535858000088, -5.193950175999897, 0.0 ], [ 104.776515932000038, -5.193879452, 0.0 ], [ 104.776496006000073, -5.193808719999916, 0.0 ], [ 104.776476080000108, -5.193737995999927, 0.0 ], [ 104.776456154000059, -5.193667272999937, 0.0 ], [ 104.776436237000013, -5.193596548999947, 0.0 ], [ 104.776416311000048, -5.193525824999957, 0.0 ], [ 104.776396385000083, -5.193455101999968, 0.0 ], [ 104.776376459000033, -5.193384377999978, 0.0 ], [ 104.776356533000083, -5.193313645999988, 0.0 ], [ 104.776336616000023, -5.193242922, 0.0 ], [ 104.776316690000073, -5.193172198999919, 0.0 ], [ 104.776296764000023, -5.19310147499993, 0.0 ], [ 104.776294474000096, -5.193019485999985, 0.0 ], [ 104.776292193000089, -5.192937496999951, 0.0 ], [ 104.776289911000077, -5.192855506999917, 0.0 ], [ 104.776287621000066, -5.192773517999973, 0.0 ], [ 104.776285340000044, -5.192691528999939, 0.0 ], [ 104.776283050000032, -5.19260954, 0.0 ], [ 104.776286929, -5.192537222999961, 0.0 ], [ 104.776290816000056, -5.192464897999928, 0.0 ], [ 104.776294695000018, -5.192392580999984, 0.0 ], [ 104.776298582000081, -5.192320264999951, 0.0 ], [ 104.776302470000047, -5.192247939999918, 0.0 ], [ 104.776306348, -5.192175622999974, 0.0 ], [ 104.776317285000033, -5.192098061999951, 0.0 ], [ 104.776328231000051, -5.192020493000017, 0.0 ], [ 104.77633916700006, -5.191942932, 0.0 ], [ 104.776350104000073, -5.191865361999971, 0.0 ], [ 104.776361041000101, -5.191787800999949, 0.0 ], [ 104.776371986000115, -5.191710230999925, 0.0 ], [ 104.776382923000128, -5.191632669999903, 0.0 ], [ 104.77639625900008, -5.191559, 0.0 ], [ 104.776409594000114, -5.191485329999969, 0.0 ], [ 104.776422930000066, -5.19141166, 0.0 ], [ 104.7764362650001, -5.191337989999946, 0.0 ], [ 104.776449592000048, -5.19126432899998, 0.0 ], [ 104.776462927000082, -5.191190659000013, 0.0 ], [ 104.776476263000035, -5.191116988999957, 0.0 ], [ 104.776489598000069, -5.19104332, 0.0 ], [ 104.776484732000114, -5.190974220999957, 0.0 ], [ 104.776479874000074, -5.190905121999924, 0.0 ], [ 104.77647500800002, -5.19083602299998, 0.0 ], [ 104.776470151000069, -5.190766923999947, 0.0 ], [ 104.776465284000011, -5.190697825, 0.0 ], [ 104.77646042700006, -5.19062872599997, 0.0 ], [ 104.776455561, -5.190559626999937, 0.0 ], [ 104.776450703000052, -5.190490527999904, 0.0 ], [ 104.776445837000011, -5.19042142899996, 0.0 ], [ 104.776400500000079, -5.190354586999936, 0.0 ], [ 104.776355153000054, -5.190287743999912, 0.0 ], [ 104.776309816000037, -5.190220892999976, 0.0 ], [ 104.7762644700001, -5.190154049999952, 0.0 ], [ 104.776219133000083, -5.190087207999929, 0.0 ], [ 104.776164919000038, -5.190038880000015, 0.0 ], [ 104.776110714000083, -5.189990551999925, 0.0 ], [ 104.776056500000038, -5.189942224999923, 0.0 ], [ 104.776002287000082, -5.189893896999921, 0.0 ], [ 104.775948082000028, -5.189845569999919, 0.0 ], [ 104.775893868000082, -5.189797241999917, 0.0 ], [ 104.775839654000038, -5.189748914999916, 0.0 ], [ 104.775785441000082, -5.189700586999914, 0.0 ], [ 104.775731236000027, -5.189652259999912, 0.0 ], [ 104.775677022000082, -5.189603932, 0.0 ], [ 104.775621653000115, -5.189556898000015, 0.0 ], [ 104.775566284000064, -5.189509853999942, 0.0 ], [ 104.775510924000102, -5.189462819999958, 0.0 ], [ 104.77545555500005, -5.189415776999974, 0.0 ], [ 104.775400186000084, -5.189368741999902, 0.0 ], [ 104.775344817000033, -5.189321708, 0.0 ], [ 104.775289457000071, -5.189274664999934, 0.0 ], [ 104.775234087000015, -5.18922762999995, 0.0 ], [ 104.775178718000063, -5.189180595999966, 0.0 ], [ 104.775123349000097, -5.189133551999893, 0.0 ], [ 104.77506798900005, -5.189086518, 0.0 ], [ 104.775012620000084, -5.189039474999925, 0.0 ], [ 104.774957251000032, -5.188992439999941, 0.0 ], [ 104.774887791000054, -5.18896224499993, 0.0 ], [ 104.774818339, -5.188932050999918, 0.0 ], [ 104.774748879000114, -5.188901847, 0.0 ], [ 104.774679418000048, -5.188871651999895, 0.0 ], [ 104.774609967000075, -5.188841456999972, 0.0 ], [ 104.774540506, -5.188811261999961, 0.0 ], [ 104.774478793000057, -5.188765102999961, 0.0 ], [ 104.774417081000095, -5.188718943999961, 0.0 ], [ 104.774355368000059, -5.188672784999961, 0.0 ], [ 104.774293664000098, -5.18862662499996, 0.0 ], [ 104.774231951000061, -5.18858046599996, 0.0 ], [ 104.774170239000014, -5.18853430699996, 0.0 ], [ 104.774108526000063, -5.18848814799996, 0.0 ], [ 104.774050737000081, -5.188446123999947, 0.0 ], [ 104.773992948000085, -5.188404100999934, 0.0 ], [ 104.773935159000104, -5.18836206799992, 0.0 ], [ 104.773877370000037, -5.188320044, 0.0 ], [ 104.773806061000087, -5.188260004, 0.0 ], [ 104.773734744000038, -5.188199954999918, 0.0 ], [ 104.77368407000003, -5.188145730999961, 0.0 ], [ 104.773633396, -5.188091514999916, 0.0 ], [ 104.773582721000082, -5.18803728999996, 0.0 ], [ 104.773532056000064, -5.187983065, 0.0 ], [ 104.773481382000043, -5.187928839999957, 0.0 ], [ 104.773430708000021, -5.187874624999912, 0.0 ], [ 104.773380034000098, -5.187820399999955, 0.0 ], [ 104.773351364000035, -5.187752667999947, 0.0 ], [ 104.773322694000058, -5.187684934999938, 0.0 ], [ 104.773294032000081, -5.187617193999928, 0.0 ], [ 104.773265362000103, -5.18754946099992, 0.0 ], [ 104.77323669200004, -5.187481729, 0.0 ], [ 104.773208022000077, -5.187413997, 0.0 ], [ 104.773179352000099, -5.187346263999894, 0.0 ], [ 104.773150681000033, -5.187278531999974, 0.0 ], [ 104.773122020000059, -5.187210789999964, 0.0 ], [ 104.773093350000082, -5.187143057999956, 0.0 ], [ 104.773064680000019, -5.187075325999947, 0.0 ], [ 104.773053137000048, -5.187004740999969, 0.0 ], [ 104.773041594000063, -5.186934156, 0.0 ], [ 104.773030052000095, -5.186863570999924, 0.0 ], [ 104.77301850000002, -5.186792985999945, 0.0 ], [ 104.77300695700005, -5.186722400999967, 0.0 ], [ 104.772995414000064, -5.1866518159999, 0.0 ], [ 104.772983872000083, -5.186581230999922, 0.0 ], [ 104.772972329000112, -5.186510645999943, 0.0 ], [ 104.772960786000041, -5.186440060999965, 0.0 ], [ 104.77294924300007, -5.186369475999898, 0.0 ], [ 104.772937701000089, -5.186298891, 0.0 ], [ 104.772926149000014, -5.186228305999942, 0.0 ], [ 104.772914606000128, -5.186157720999963, 0.0 ], [ 104.772903063000058, -5.186087135999985, 0.0 ], [ 104.772891521000091, -5.186016551, 0.0 ], [ 104.772873041000068, -5.185938726999963, 0.0 ], [ 104.772854571000053, -5.185860901999918, 0.0 ], [ 104.772836092000034, -5.185783076999963, 0.0 ], [ 104.772817622, -5.185705253, 0.0 ], [ 104.772799143000086, -5.185627427999963, 0.0 ], [ 104.772781473000038, -5.185557301999934, 0.0 ], [ 104.772763795000088, -5.185487177, 0.0 ], [ 104.772756923000046, -5.185459902999957, 0.0 ], [ 104.77274612500004, -5.185417050999964, 0.0 ], [ 104.772728455000092, -5.185346924999935, 0.0 ], [ 104.772710776000054, -5.185276799, 0.0 ], [ 104.772693107000094, -5.185206672999966, 0.0 ], [ 104.772661732000074, -5.185132543999961, 0.0 ], [ 104.772630366000058, -5.185058414999956, 0.0 ], [ 104.772598991000038, -5.184984285999951, 0.0 ], [ 104.772567626000111, -5.184910146999945, 0.0 ], [ 104.77256652200002, -5.184907538999907, 0.0 ], [ 104.772536251000091, -5.18483601799994, 0.0 ], [ 104.772504885000075, -5.184761888999935, 0.0 ], [ 104.772473510000054, -5.184687760000019, 0.0 ], [ 104.772431194, -5.184629267999975, 0.0 ], [ 104.772388886000059, -5.184570775999932, 0.0 ], [ 104.77234657000011, -5.184512283999977, 0.0 ], [ 104.772304253000073, -5.184453791999934, 0.0 ], [ 104.772261936000035, -5.184395299999979, 0.0 ], [ 104.772219629000091, -5.184336808999936, 0.0 ], [ 104.772177312000053, -5.184278316999981, 0.0 ], [ 104.772110677000043, -5.184246259, 0.0 ], [ 104.772044033000043, -5.184214201, 0.0 ], [ 104.771977399000036, -5.184182152999929, 0.0 ], [ 104.771910755000121, -5.184150094999941, 0.0 ], [ 104.771844120000111, -5.184118036999953, 0.0 ], [ 104.771777485000101, -5.184085979999965, 0.0 ], [ 104.7717108410001, -5.184053921999977, 0.0 ], [ 104.77164420600009, -5.184021873, 0.0 ], [ 104.771577562000076, -5.183989815999913, 0.0 ], [ 104.77151092700008, -5.183957757999925, 0.0 ], [ 104.771547136000052, -5.18388851999997, 0.0 ], [ 104.771583335000031, -5.183819290999926, 0.0 ], [ 104.771619544, -5.18375005299997, 0.0 ], [ 104.771655743000068, -5.183680823999927, 0.0 ], [ 104.771675945000055, -5.183608730999913, 0.0 ], [ 104.771696138000038, -5.183536628999986, 0.0 ], [ 104.771716340000111, -5.183464534999972, 0.0 ], [ 104.771736533000094, -5.183392432999957, 0.0 ], [ 104.771756735000068, -5.183320339999943, 0.0 ], [ 104.771767285000053, -5.183241204999968, 0.0 ], [ 104.771777844000042, -5.18316207, 0.0 ], [ 104.771788393000023, -5.183082934999929, 0.0 ], [ 104.771798952000012, -5.183003799999954, 0.0 ], [ 104.771809501000092, -5.182924664999979, 0.0 ], [ 104.771812659, -5.18284929999996, 0.0 ], [ 104.771815818000078, -5.182773924999941, 0.0 ], [ 104.771818976000077, -5.182698559999922, 0.0 ], [ 104.771822143000065, -5.182623185999903, 0.0 ], [ 104.771825301000064, -5.182547819999973, 0.0 ], [ 104.771828459000062, -5.182472445999954, 0.0 ], [ 104.771831617000046, -5.182397080999936, 0.0 ], [ 104.771834388000102, -5.182320692999921, 0.0 ], [ 104.771837158000068, -5.182244306, 0.0 ], [ 104.771839920000033, -5.182167908999892, 0.0 ], [ 104.771842690000085, -5.182091520999967, 0.0 ], [ 104.771845461000041, -5.182015132999952, 0.0 ], [ 104.771848231, -5.181938736999937, 0.0 ], [ 104.771850993000058, -5.181862349000012, 0.0 ], [ 104.771853763000109, -5.181785960999909, 0.0 ], [ 104.771854890000029, -5.181712313999943, 0.0 ], [ 104.771856009000032, -5.181638675999979, 0.0 ], [ 104.771857127000033, -5.181565028999925, 0.0 ], [ 104.771858254000037, -5.181491390999961, 0.0 ], [ 104.771859372000037, -5.181417743999907, 0.0 ], [ 104.771860500000045, -5.181344105999942, 0.0 ], [ 104.771861618000045, -5.181270457999977, 0.0 ], [ 104.77186274500005, -5.181196820000013, 0.0 ], [ 104.771868131000048, -5.181125010999933, 0.0 ], [ 104.771873516000056, -5.181053201999942, 0.0 ], [ 104.771878902000054, -5.180981392999952, 0.0 ], [ 104.771884288000052, -5.180909583999961, 0.0 ], [ 104.771889673000061, -5.18083777399997, 0.0 ], [ 104.771895059000059, -5.18076596499998, 0.0 ], [ 104.771900444000067, -5.180694155999989, 0.0 ], [ 104.771905830000065, -5.180622346999909, 0.0 ], [ 104.77191121500006, -5.180550538, 0.0 ], [ 104.77192314300008, -5.180478314999982, 0.0 ], [ 104.771935071000087, -5.180406082999957, 0.0 ], [ 104.771946998, -5.180333859999932, 0.0 ], [ 104.771958935000015, -5.180261636999907, 0.0 ], [ 104.771970863000021, -5.180189413999971, 0.0 ], [ 104.771982790000038, -5.180117181999945, 0.0 ], [ 104.771994718000045, -5.18004495899992, 0.0 ], [ 104.772010822000041, -5.179974618999962, 0.0 ], [ 104.772026927000041, -5.179904279, 0.0 ], [ 104.772043032000042, -5.179833938999957, 0.0 ], [ 104.772059136000053, -5.179763599, 0.0 ], [ 104.772075241000053, -5.179693259999953, 0.0 ], [ 104.772091346000053, -5.179622919999906, 0.0 ], [ 104.772101495000086, -5.179552414999934, 0.0 ], [ 104.772111636000034, -5.179481909999962, 0.0 ], [ 104.772121785000081, -5.179411405999902, 0.0 ], [ 104.772131925000025, -5.179340909999931, 0.0 ], [ 104.772142075000076, -5.17927040499996, 0.0 ], [ 104.772152224000109, -5.179199899999988, 0.0 ], [ 104.772162364000067, -5.179129394999928, 0.0 ], [ 104.772172514000019, -5.179058890999956, 0.0 ], [ 104.772182663000052, -5.178988385999984, 0.0 ], [ 104.772192803000095, -5.178917890000013, 0.0 ], [ 104.772202953000047, -5.178847384999953, 0.0 ], [ 104.77221309300009, -5.178776879999893, 0.0 ], [ 104.772223242000038, -5.17870637600001, 0.0 ], [ 104.772294296000055, -5.178693419999915, 0.0 ], [ 104.772365341000068, -5.178680454, 0.0 ], [ 104.772436395000085, -5.178667497999902, 0.0 ], [ 104.772507440000098, -5.178654532999895, 0.0 ], [ 104.772578493000125, -5.178641576999977, 0.0 ], [ 104.772649538000053, -5.17862861099997, 0.0 ], [ 104.77272059200007, -5.178615654999964, 0.0 ], [ 104.772791637000083, -5.178602689999957, 0.0 ], [ 104.7728626910001, -5.178589733999951, 0.0 ], [ 104.77293302700005, -5.178564961999944, 0.0 ], [ 104.773003372000105, -5.178540199999938, 0.0 ], [ 104.773073708000055, -5.178515428999932, 0.0 ], [ 104.77314404400002, -5.178490666999926, 0.0 ], [ 104.77321438900006, -5.178465894999919, 0.0 ], [ 104.773284725000025, -5.178441133, 0.0 ], [ 104.773355071000069, -5.178416362, 0.0 ], [ 104.773425407000033, -5.1783915999999, 0.0 ], [ 104.773495743000069, -5.178366827999982, 0.0 ], [ 104.773566088000038, -5.178342065999976, 0.0 ], [ 104.773636424000074, -5.178317294999969, 0.0 ], [ 104.77370090800008, -5.178281013999898, 0.0 ], [ 104.773765392000087, -5.178244734, 0.0 ], [ 104.773829876, -5.178208452999934, 0.0 ], [ 104.773894360000014, -5.178172172999952, 0.0 ], [ 104.773958835000116, -5.178135900999971, 0.0 ], [ 104.774023320000111, -5.178099619999989, 0.0 ], [ 104.774087804000033, -5.178063339999918, 0.0 ], [ 104.774152288000039, -5.178027058999936, 0.0 ], [ 104.774212568000053, -5.177987284999931, 0.0 ], [ 104.774272839000062, -5.177947520000016, 0.0 ], [ 104.77433312000008, -5.177907745999923, 0.0 ], [ 104.774393391, -5.177867981, 0.0 ], [ 104.774453672000021, -5.177828206999914, 0.0 ], [ 104.774513943000031, -5.177788432999909, 0.0 ], [ 104.774574223000045, -5.177748667999905, 0.0 ], [ 104.774634495000058, -5.177708892999901, 0.0 ], [ 104.774694775000071, -5.177669127999897, 0.0 ], [ 104.774755047000085, -5.177629353999981, 0.0 ], [ 104.774815327000098, -5.177589588999977, 0.0 ], [ 104.774875598000023, -5.177549814999972, 0.0 ], [ 104.77493587900004, -5.177510040999968, 0.0 ], [ 104.77499615000005, -5.177470275999964, 0.0 ], [ 104.775056430000063, -5.177430501999959, 0.0 ], [ 104.775116702000076, -5.177390736999955, 0.0 ], [ 104.77517698200009, -5.17735096199995, 0.0 ], [ 104.775240587000027, -5.177299274999937, 0.0 ], [ 104.77530419200005, -5.177247587999924, 0.0 ], [ 104.775367797000072, -5.17719590099991, 0.0 ], [ 104.775431402, -5.177144212999986, 0.0 ], [ 104.775495007000117, -5.177092525999972, 0.0 ], [ 104.775549430000083, -5.177030214999968, 0.0 ], [ 104.775603853000064, -5.176967894999963, 0.0 ], [ 104.775658285000034, -5.176905583999959, 0.0 ], [ 104.775712709000103, -5.176843262999954, 0.0 ], [ 104.77576713200007, -5.17678095199995, 0.0 ], [ 104.775802483000064, -5.176710130999952, 0.0 ], [ 104.775837833000054, -5.176639308999954, 0.0 ], [ 104.775873184000048, -5.176568486999956, 0.0 ], [ 104.775908535000042, -5.176497665999959, 0.0 ], [ 104.775943886000036, -5.176426843999961, 0.0 ], [ 104.77597923700003, -5.176356021999963, 0.0 ], [ 104.775996920000082, -5.176285194999965, 0.0 ], [ 104.776014613000115, -5.176214366999966, 0.0 ], [ 104.776032296000068, -5.176143538999968, 0.0 ], [ 104.776049989000029, -5.17607271099997, 0.0 ], [ 104.776067672000067, -5.176001882999971, 0.0 ], [ 104.776079473000067, -5.175928104, 0.0 ], [ 104.77609127500007, -5.17585432499993, 0.0 ], [ 104.776103076000069, -5.175780536999953, 0.0 ], [ 104.776114877000069, -5.175706756999977, 0.0 ], [ 104.776126678000068, -5.175632977999912, 0.0 ], [ 104.776138480000071, -5.175559198999936, 0.0 ], [ 104.776165882000029, -5.175484384999963, 0.0 ], [ 104.776193285000076, -5.17540958, 0.0 ], [ 104.776220688000123, -5.17533476599993, 0.0 ], [ 104.776248090000081, -5.175259960999957, 0.0 ], [ 104.776275502000033, -5.175185155999985, 0.0 ], [ 104.77630290500008, -5.175110341999924, 0.0 ], [ 104.776330308000041, -5.175035537999952, 0.0 ], [ 104.776357710000084, -5.174960723999979, 0.0 ], [ 104.776396601000016, -5.174881932999943, 0.0 ], [ 104.776435483000043, -5.174803152, 0.0 ], [ 104.776474364000052, -5.174724360999962, 0.0 ], [ 104.776513255000083, -5.174645570999926, 0.0 ], [ 104.776551544000043, -5.174583009999902, 0.0 ], [ 104.77658984300011, -5.174520457999966, 0.0 ], [ 104.776628132000084, -5.174457905999942, 0.0 ], [ 104.776666421000044, -5.174395343999917, 0.0 ], [ 104.776704720000026, -5.174332791999982, 0.0 ], [ 104.776743009000086, -5.174270230999957, 0.0 ], [ 104.776765174000047, -5.174233981999977, 0.0 ], [ 104.776783068000015, -5.174204720999954, 0.0 ], [ 104.776823127000043, -5.174139211999952, 0.0 ], [ 104.776863186000071, -5.17407371099995, 0.0 ], [ 104.776903245000099, -5.174008200999948, 0.0 ], [ 104.776943304000042, -5.173942690999946, 0.0 ], [ 104.776983362000067, -5.173877190999944, 0.0 ], [ 104.777023421000095, -5.173811680999941, 0.0 ], [ 104.777063480000038, -5.173746170999939, 0.0 ], [ 104.777103539000066, -5.173680660999937, 0.0 ], [ 104.777143598000094, -5.173615151999934, 0.0 ], [ 104.777183657000123, -5.173549650999933, 0.0 ], [ 104.777223716000066, -5.17348414099993, 0.0 ], [ 104.777267646000055, -5.173417872999954, 0.0 ], [ 104.777311567000055, -5.173351613999978, 0.0 ], [ 104.77735549700013, -5.173285344999913, 0.0 ], [ 104.777399427000034, -5.173219076999937, 0.0 ], [ 104.777443357000024, -5.17315280899996, 0.0 ], [ 104.777487278000109, -5.173086548999985, 0.0 ], [ 104.77753120700001, -5.17302028099992, 0.0 ], [ 104.777580685000018, -5.172958320999944, 0.0 ], [ 104.777630163000126, -5.172896359999969, 0.0 ], [ 104.777679641000034, -5.172834399999905, 0.0 ], [ 104.777729118000053, -5.172772430999929, 0.0 ], [ 104.777778596000061, -5.172710470999954, 0.0 ], [ 104.77782807400007, -5.17264850999989, 0.0 ], [ 104.777891677000085, -5.172598948999964, 0.0 ], [ 104.777955281000018, -5.172549386999949, 0.0 ], [ 104.778018885000037, -5.172499824999933, 0.0 ], [ 104.778082488000067, -5.172450264, 0.0 ], [ 104.778146092000085, -5.172400702, 0.0 ], [ 104.778209695000015, -5.172351139999977, 0.0 ], [ 104.77827884500006, -5.172310690999916, 0.0 ], [ 104.778348004000094, -5.172270231999944, 0.0 ], [ 104.778417153000049, -5.172229781999972, 0.0 ], [ 104.778486303000079, -5.172189332, 0.0 ], [ 104.778555453000124, -5.17214888199994, 0.0 ], [ 104.778624611000069, -5.172108422999967, 0.0 ], [ 104.778693761000014, -5.172067973, 0.0 ], [ 104.778765936000042, -5.172045734999932, 0.0 ], [ 104.778838102000051, -5.172023495999957, 0.0 ], [ 104.77891027700008, -5.172001257999982, 0.0 ], [ 104.778982452, -5.171979028999919, 0.0 ], [ 104.779054627000036, -5.171956790999944, 0.0 ], [ 104.779126793000046, -5.17193455199997, 0.0 ], [ 104.779198968000074, -5.171912313999906, 0.0 ], [ 104.779278457000075, -5.171901720999918, 0.0 ], [ 104.779357946000076, -5.171891118999929, 0.0 ], [ 104.779437435, -5.17188051699994, 0.0 ], [ 104.779516914000084, -5.171869923999951, 0.0 ], [ 104.779596403000099, -5.171859321999962, 0.0 ], [ 104.7796758920001, -5.171848728999974, 0.0 ], [ 104.779744340000079, -5.171827503, 0.0 ], [ 104.779812797000062, -5.171806275999925, 0.0 ], [ 104.779881245000041, -5.171785049999945, 0.0 ], [ 104.77994969300002, -5.171763822999965, 0.0 ], [ 104.780018142000088, -5.171742596999897, 0.0 ], [ 104.780086590000067, -5.171721369999917, 0.0 ], [ 104.780155047000036, -5.171700143999937, 0.0 ], [ 104.780223495000115, -5.171678916999957, 0.0 ], [ 104.78028930400005, -5.171644409999944, 0.0 ], [ 104.78035511300007, -5.171609901999931, 0.0 ], [ 104.780420912000096, -5.171575393999918, 0.0 ], [ 104.780486721000045, -5.171540885999905, 0.0 ], [ 104.780552530000065, -5.17150636999998, 0.0 ], [ 104.7806183390001, -5.171471861999967, 0.0 ], [ 104.78068413900003, -5.171437353999954, 0.0 ], [ 104.780749947000061, -5.171402845999941, 0.0 ], [ 104.780813545000086, -5.171369223999912, 0.0 ], [ 104.780877143000012, -5.171335592999972, 0.0 ], [ 104.780940741000038, -5.171301970999943, 0.0 ], [ 104.781004339000063, -5.171268348999915, 0.0 ], [ 104.781067936000085, -5.171234717999974, 0.0 ], [ 104.781131534000011, -5.171201095999946, 0.0 ], [ 104.781195132000036, -5.171167473999917, 0.0 ], [ 104.781258730000062, -5.171133851999977, 0.0 ], [ 104.781322328000073, -5.171100220999948, 0.0 ], [ 104.781385925, -5.171066599, 0.0 ], [ 104.781454818000029, -5.171037112999967, 0.0 ], [ 104.781523711000048, -5.171007618000013, 0.0 ], [ 104.781592613000058, -5.170978131999972, 0.0 ], [ 104.781661506000077, -5.170948637000018, 0.0 ], [ 104.781730399000097, -5.170919141999976, 0.0 ], [ 104.781799292000102, -5.170889655999934, 0.0 ], [ 104.781865922000023, -5.170853248999942, 0.0 ], [ 104.781932544000114, -5.170816840999949, 0.0 ], [ 104.781999174000035, -5.170780433999957, 0.0 ], [ 104.78206579600004, -5.170744034999965, 0.0 ], [ 104.782132426000047, -5.170707627999972, 0.0 ], [ 104.782199047000049, -5.17067122099998, 0.0 ], [ 104.782265678000059, -5.170634812999898, 0.0 ], [ 104.782322718000074, -5.170593851999973, 0.0 ], [ 104.78237975800009, -5.170552890999959, 0.0 ], [ 104.78243679900001, -5.170511929999945, 0.0 ], [ 104.782493839000026, -5.17047095999993, 0.0 ], [ 104.782550879000027, -5.170429999, 0.0 ], [ 104.782607920000046, -5.170389037, 0.0 ], [ 104.782664960000062, -5.170348075999888, 0.0 ], [ 104.78271325200005, -5.170294374999974, 0.0 ], [ 104.782761553000057, -5.170240672999972, 0.0 ], [ 104.782809846000049, -5.17018697999997, 0.0 ], [ 104.782858147000056, -5.170133278999968, 0.0 ], [ 104.782906439000058, -5.170079576999965, 0.0 ], [ 104.782954740000051, -5.170025874999963, 0.0 ], [ 104.78299302900011, -5.169962725999978, 0.0 ], [ 104.783031317000081, -5.169899584999905, 0.0 ], [ 104.783069606000055, -5.16983643600001, 0.0 ], [ 104.783107904000119, -5.169773285999936, 0.0 ], [ 104.783146192000089, -5.169710144999952, 0.0 ], [ 104.783184481000049, -5.169646995999967, 0.0 ], [ 104.783218066000074, -5.169565542999978, 0.0 ], [ 104.783251650000111, -5.169484099999989, 0.0 ], [ 104.783285244000041, -5.169402657, 0.0 ], [ 104.783318829000066, -5.169321204000012, 0.0 ], [ 104.783328576000073, -5.169236206999907, 0.0 ], [ 104.783338323000081, -5.169151208999979, 0.0 ], [ 104.78334806, -5.169066210999963, 0.0 ], [ 104.783357807000101, -5.168981212999947, 0.0 ], [ 104.783360359000127, -5.168906335999969, 0.0 ], [ 104.783362902000079, -5.16883145, 0.0 ], [ 104.78336545400002, -5.168756572999923, 0.0 ], [ 104.783367997000056, -5.168681686999944, 0.0 ], [ 104.783370549000082, -5.168606809999966, 0.0 ], [ 104.783373092000033, -5.168531923999987, 0.0 ], [ 104.783375643000056, -5.16845704699992, 0.0 ], [ 104.78338391500003, -5.16838503, 0.0 ], [ 104.783392178000014, -5.168313022999905, 0.0 ], [ 104.783400449000069, -5.168241005999986, 0.0 ], [ 104.783408712000039, -5.16816899899989, 0.0 ], [ 104.783416974000019, -5.168096981999971, 0.0 ], [ 104.783425246000078, -5.168024974999964, 0.0 ], [ 104.78344747500006, -5.167956681, 0.0 ], [ 104.783469704000112, -5.167888378999942, 0.0 ], [ 104.783491933000093, -5.167820084999976, 0.0 ], [ 104.78351415300007, -5.16775178199992, 0.0 ], [ 104.783536382000037, -5.167683488999954, 0.0 ], [ 104.783558611000018, -5.167615185999987, 0.0 ], [ 104.78358084000007, -5.167546892999932, 0.0 ], [ 104.783618545000081, -5.167476070999934, 0.0 ], [ 104.78365625, -5.167405249999936, 0.0 ], [ 104.783693954000015, -5.167334428999938, 0.0 ], [ 104.783731659000026, -5.16726360699994, 0.0 ], [ 104.783769363000047, -5.167192785999942, 0.0 ], [ 104.783807068000058, -5.167121964999945, 0.0 ], [ 104.783845103, -5.167061130999974, 0.0 ], [ 104.78388314700004, -5.167000297, 0.0 ], [ 104.783921191000076, -5.166939462999943, 0.0 ], [ 104.783959226000036, -5.166878637999973, 0.0 ], [ 104.783997260000064, -5.166817803999914, 0.0 ], [ 104.784035304000014, -5.166756969999943, 0.0 ], [ 104.784073339000059, -5.166696135999972, 0.0 ], [ 104.78411138300001, -5.166635302, 0.0 ], [ 104.784167219000011, -5.16657936, 0.0 ], [ 104.784223055000012, -5.166523416999981, 0.0 ], [ 104.784278882000095, -5.166467482999971, 0.0 ], [ 104.784334718000096, -5.166411540999961, 0.0 ], [ 104.784390553, -5.166355597999951, 0.0 ], [ 104.784456082000105, -5.166318917999936, 0.0 ], [ 104.784521603000115, -5.16628223, 0.0 ], [ 104.784587132000112, -5.166245549999905, 0.0 ], [ 104.784652652000034, -5.166208870999979, 0.0 ], [ 104.784718181000031, -5.166172181999963, 0.0 ], [ 104.784783701000038, -5.166135502999948, 0.0 ], [ 104.784849230000034, -5.166098813999932, 0.0 ], [ 104.784914750000041, -5.166062134999917, 0.0 ], [ 104.784980279000052, -5.166025455, 0.0 ], [ 104.785045799000045, -5.165988766999975, 0.0 ], [ 104.785111328000056, -5.16595208699996, 0.0 ], [ 104.785177044000079, -5.165922355999987, 0.0 ], [ 104.785242760000088, -5.165892632999926, 0.0 ], [ 104.785308467000021, -5.165862900999953, 0.0 ], [ 104.785374184000048, -5.16583317799998, 0.0 ], [ 104.785439900000057, -5.165803447, 0.0 ], [ 104.785503502000083, -5.165753884, 0.0 ], [ 104.785567104000023, -5.165704321999977, 0.0 ], [ 104.785630707000038, -5.165654758999962, 0.0 ], [ 104.785694309000064, -5.165605196999946, 0.0 ], [ 104.785740261000043, -5.165533671999979, 0.0 ], [ 104.785786203000029, -5.165462147999923, 0.0 ], [ 104.785832155, -5.165390614999955, 0.0 ], [ 104.785878097000079, -5.165319089999988, 0.0 ], [ 104.785924049000059, -5.165247565999932, 0.0 ], [ 104.785936438000107, -5.165166114999943, 0.0 ], [ 104.785948836000074, -5.165084655999953, 0.0 ], [ 104.785961225000037, -5.165003195999963, 0.0 ], [ 104.785973613000081, -5.164921744999974, 0.0 ], [ 104.785977880000075, -5.164845248999951, 0.0 ], [ 104.78598214700007, -5.164768744999927, 0.0 ], [ 104.78598640400007, -5.164692248999904, 0.0 ], [ 104.785990670000075, -5.164615743999969, 0.0 ], [ 104.785994937000069, -5.164539247999945, 0.0 ], [ 104.786004049000027, -5.164462853000019, 0.0 ], [ 104.786013152000066, -5.164386448999915, 0.0 ], [ 104.786022264000025, -5.1643100549999, 0.0 ], [ 104.786031375000064, -5.164233659999974, 0.0 ], [ 104.786040487000022, -5.164157264999959, 0.0 ], [ 104.786049590000061, -5.164080860999944, 0.0 ], [ 104.78605870200002, -5.164004465999929, 0.0 ], [ 104.78607815300002, -5.163931277999913, 0.0 ], [ 104.786097604000034, -5.163858088999985, 0.0 ], [ 104.786117055000048, -5.163784899999969, 0.0 ], [ 104.786136516000056, -5.163711710999953, 0.0 ], [ 104.78615596700007, -5.163638521999937, 0.0 ], [ 104.786175418000084, -5.163565333999921, 0.0 ], [ 104.78620864800007, -5.163490972999986, 0.0 ], [ 104.786241877000066, -5.163416603999961, 0.0 ], [ 104.78627511600007, -5.163342243999937, 0.0 ], [ 104.786308346000069, -5.163267875, 0.0 ], [ 104.786341576000055, -5.163193513999977, 0.0 ], [ 104.786386927000081, -5.163135676999987, 0.0 ], [ 104.786432278000106, -5.16307784899991, 0.0 ], [ 104.786477638000036, -5.16302002100001, 0.0 ], [ 104.786522989000062, -5.162962184000021, 0.0 ], [ 104.786568341000077, -5.162904345999943, 0.0 ], [ 104.786613692000103, -5.162846517999954, 0.0 ], [ 104.786666303000104, -5.162797738999915, 0.0 ], [ 104.786718915000023, -5.162748959999965, 0.0 ], [ 104.786771527000013, -5.162700180999925, 0.0 ], [ 104.786824138000014, -5.162651400999975, 0.0 ], [ 104.786876750000019, -5.162602621999936, 0.0 ], [ 104.78692936100002, -5.162553842999985, 0.0 ], [ 104.78698197300011, -5.162505063999946, 0.0 ], [ 104.787034585000114, -5.162456284, 0.0 ], [ 104.787087196000115, -5.162407504999956, 0.0 ], [ 104.787146558000046, -5.162357234999972, 0.0 ], [ 104.787205919000073, -5.162306956999986, 0.0 ], [ 104.787265289000104, -5.162256687, 0.0 ], [ 104.787324651000048, -5.162206408000015, 0.0 ], [ 104.787384012000075, -5.162156137999942, 0.0 ], [ 104.787443072000073, -5.162115177000016, 0.0 ], [ 104.787502124000071, -5.162074216999914, 0.0 ], [ 104.787561184000069, -5.162033255999988, 0.0 ], [ 104.787620244000081, -5.161992285999974, 0.0 ], [ 104.787679305000083, -5.16195132499996, 0.0 ], [ 104.787738356000077, -5.161910363999946, 0.0 ], [ 104.787797416000075, -5.161869402999931, 0.0 ], [ 104.787856693, -5.161828097999978, 0.0 ], [ 104.787915980000037, -5.161786801999936, 0.0 ], [ 104.787975257000056, -5.161745497999982, 0.0 ], [ 104.788034543000066, -5.161704201999941, 0.0 ], [ 104.788093820000086, -5.161662896999898, 0.0 ], [ 104.788153106000024, -5.161621601999945, 0.0 ], [ 104.788212383000129, -5.161580296999903, 0.0 ], [ 104.788271669000068, -5.16153900099995, 0.0 ], [ 104.788330945000084, -5.161497696, 0.0 ], [ 104.788383070000037, -5.161446356999923, 0.0 ], [ 104.788435186000086, -5.161395016999938, 0.0 ], [ 104.788487311000054, -5.161343685999954, 0.0 ], [ 104.788539427000018, -5.16129234699997, 0.0 ], [ 104.788591552000057, -5.161241006999985, 0.0 ], [ 104.788643677000024, -5.161189667, 0.0 ], [ 104.788695793000073, -5.161138335999928, 0.0 ], [ 104.788747918000027, -5.161086996999943, 0.0 ], [ 104.788793865000102, -5.161028824999926, 0.0 ], [ 104.788839802000084, -5.160970662, 0.0 ], [ 104.788885749000073, -5.160912489999893, 0.0 ], [ 104.788931686000055, -5.160854317999965, 0.0 ], [ 104.788977632000027, -5.160796145999948, 0.0 ], [ 104.789023570000012, -5.160737982999931, 0.0 ], [ 104.789069516000083, -5.160679811, 0.0 ], [ 104.789113696000101, -5.160614744999949, 0.0 ], [ 104.789157876000019, -5.160549678999894, 0.0 ], [ 104.789202048000035, -5.160484612999928, 0.0 ], [ 104.789246228000053, -5.160419555999963, 0.0 ], [ 104.78929040800007, -5.16035449, 0.0 ], [ 104.789334588000074, -5.160289423999943, 0.0 ], [ 104.789378759, -5.160224357999978, 0.0 ], [ 104.789422939000104, -5.160159291999923, 0.0 ], [ 104.789454748000068, -5.160094538999983, 0.0 ], [ 104.78948656700004, -5.160029784999955, 0.0 ], [ 104.789518376, -5.159965031999926, 0.0 ], [ 104.789550195000061, -5.159900286999987, 0.0 ], [ 104.789582004000039, -5.159835533999958, 0.0 ], [ 104.789613822, -5.159770780000018, 0.0 ], [ 104.78964563200006, -5.159706027, 0.0 ], [ 104.789679047000064, -5.159642929, 0.0 ], [ 104.789712471000087, -5.15957983199994, 0.0 ], [ 104.789745886000091, -5.15951674399996, 0.0 ], [ 104.7897793100001, -5.15945364599998, 0.0 ], [ 104.789812724000029, -5.159390549, 0.0 ], [ 104.789846148000038, -5.15932745099993, 0.0 ], [ 104.789879563000056, -5.15926435399995, 0.0 ], [ 104.789912987000065, -5.159201255999969, 0.0 ], [ 104.789946402000069, -5.159138167999989, 0.0 ], [ 104.789979826, -5.15907507, 0.0 ], [ 104.790013241000096, -5.15901197299994, 0.0 ], [ 104.790057169000093, -5.158944192999927, 0.0 ], [ 104.79010109700009, -5.158876403999914, 0.0 ], [ 104.790145025000072, -5.158808624, 0.0 ], [ 104.790188944000064, -5.158740833999977, 0.0 ], [ 104.790232873000065, -5.158673053999964, 0.0 ], [ 104.790276801000061, -5.158605264999951, 0.0 ], [ 104.790320729000044, -5.158537484999938, 0.0 ], [ 104.790367378, -5.158481185999987, 0.0 ], [ 104.79041402700004, -5.158424886999947, 0.0 ], [ 104.79046066800008, -5.158368595999908, 0.0 ], [ 104.790507317000035, -5.158312296999958, 0.0 ], [ 104.790553966000076, -5.158255997999918, 0.0 ], [ 104.790600615000116, -5.158199698999967, 0.0 ], [ 104.790647265000061, -5.158143400000016, 0.0 ], [ 104.790693905000111, -5.158087108999977, 0.0 ], [ 104.790740554000052, -5.158030809999937, 0.0 ], [ 104.790787203, -5.157974510999987, 0.0 ], [ 104.790838445000077, -5.157917859999918, 0.0 ], [ 104.790889678000056, -5.157861209999938, 0.0 ], [ 104.790940920000111, -5.157804558999958, 0.0 ], [ 104.790992162000094, -5.157747908999978, 0.0 ], [ 104.791050113, -5.157704721999957, 0.0 ], [ 104.791108055000095, -5.157661525000025, 0.0 ], [ 104.791166005, -5.157618338, 0.0 ], [ 104.791223947000091, -5.157575141999894, 0.0 ], [ 104.791281897, -5.157531954999962, 0.0 ], [ 104.791349383000068, -5.157496206999935, 0.0 ], [ 104.791416859000066, -5.157460458999909, 0.0 ], [ 104.791484345000043, -5.157424711999971, 0.0 ], [ 104.791551821000041, -5.157388963999944, 0.0 ], [ 104.791619307000119, -5.157353207, 0.0 ], [ 104.791686792000107, -5.157317458999978, 0.0 ], [ 104.791754269000094, -5.157281710999952, 0.0 ], [ 104.791821754000082, -5.157245963000014, 0.0 ], [ 104.79188923100007, -5.157210215999987, 0.0 ], [ 104.791956716000058, -5.15717446799996, 0.0 ], [ 104.792024919000099, -5.157152099999974, 0.0 ], [ 104.792093122000054, -5.157129722999988, 0.0 ], [ 104.792161334000113, -5.157107354999914, 0.0 ], [ 104.792229537000068, -5.157084977999927, 0.0 ], [ 104.79229773900002, -5.157062609999942, 0.0 ], [ 104.792365942000075, -5.157040233999956, 0.0 ], [ 104.79243414500003, -5.15701786599997, 0.0 ], [ 104.792502348000085, -5.156995488999984, 0.0 ], [ 104.792570560000044, -5.156973121, 0.0 ], [ 104.792638763000085, -5.156950744000012, 0.0 ], [ 104.79270696600004, -5.156928375999938, 0.0 ], [ 104.792691964000042, -5.157001647999961, 0.0 ], [ 104.792676953000054, -5.157074919999983, 0.0 ], [ 104.792661951000056, -5.157148192, 0.0 ], [ 104.792646940000054, -5.157221463999941, 0.0 ], [ 104.792631929000052, -5.157294735999963, 0.0 ], [ 104.792616927000054, -5.157368007999898, 0.0 ], [ 104.792601556000122, -5.157438664999971, 0.0 ], [ 104.79258618500009, -5.157509312999954, 0.0 ], [ 104.792570814000058, -5.157579970999938, 0.0 ], [ 104.792555443000126, -5.157650627999923, 0.0 ], [ 104.792540072000094, -5.157721285, 0.0 ], [ 104.792524701000062, -5.15779193399989, 0.0 ], [ 104.792509330000129, -5.157862590999963, 0.0 ], [ 104.792496702000051, -5.157933483999967, 0.0 ], [ 104.792484074000072, -5.15800436899997, 0.0 ], [ 104.792471437000103, -5.158075261999974, 0.0 ], [ 104.792458808000035, -5.158146155999889, 0.0 ], [ 104.792446180000056, -5.158217048999981, 0.0 ], [ 104.792433552000077, -5.158287942999985, 0.0 ], [ 104.792420915, -5.158358826999988, 0.0 ], [ 104.792408287000029, -5.158429721, 0.0 ], [ 104.792395837000058, -5.158507389999935, 0.0 ], [ 104.7923833870001, -5.158585058999966, 0.0 ], [ 104.792370937000044, -5.158662729, 0.0 ], [ 104.792358487000072, -5.15874039799994, 0.0 ], [ 104.792346037000115, -5.158818066999972, 0.0 ], [ 104.792333587000059, -5.158895737, 0.0 ], [ 104.792325234000074, -5.158973117999922, 0.0 ], [ 104.7923168720001, -5.159050489999929, 0.0 ], [ 104.792308518000112, -5.159127870999937, 0.0 ], [ 104.792300156000053, -5.159205242999944, 0.0 ], [ 104.792291802000065, -5.159282624999951, 0.0 ], [ 104.792291227000106, -5.159359384, 0.0 ], [ 104.792290652000062, -5.159436134999952, 0.0 ], [ 104.792290085000019, -5.159512893999908, 0.0 ], [ 104.79228951000006, -5.159589653999953, 0.0 ], [ 104.792288935, -5.159666413, 0.0 ], [ 104.792288359000054, -5.159743163999954, 0.0 ], [ 104.792287793000085, -5.15981992299991, 0.0 ], [ 104.792287218000041, -5.159896682999955, 0.0 ], [ 104.792286642000079, -5.159973442, 0.0 ], [ 104.792286076000039, -5.160050192999956, 0.0 ], [ 104.79228550100008, -5.160126951999912, 0.0 ], [ 104.792284925000033, -5.160203711999957, 0.0 ], [ 104.792307450000024, -5.160277520999935, 0.0 ], [ 104.79232998300003, -5.16035133, 0.0 ], [ 104.792352508000121, -5.160425138999893, 0.0 ], [ 104.792375041000113, -5.160498937999959, 0.0 ], [ 104.79239756600002, -5.160572746999938, 0.0 ], [ 104.792420099000111, -5.160646556, 0.0 ], [ 104.792442624000017, -5.160720364999984, 0.0 ], [ 104.792467657000046, -5.160793541, 0.0 ], [ 104.792492690000074, -5.160866726999926, 0.0 ], [ 104.792517723000017, -5.160939902999941, 0.0 ], [ 104.792542766000054, -5.161013088999956, 0.0 ], [ 104.792567799000082, -5.161086264999971, 0.0 ], [ 104.792592832000111, -5.161159450999987, 0.0 ], [ 104.79261786500004, -5.161232626999913, 0.0 ], [ 104.792648176000071, -5.161308111999942, 0.0 ], [ 104.792678478000084, -5.16138359699997, 0.0 ], [ 104.792708789000102, -5.161459082, 0.0 ], [ 104.792739091000044, -5.161534566999938, 0.0 ], [ 104.792769402000062, -5.161610051999967, 0.0 ], [ 104.792799704000075, -5.161685536999906, 0.0 ], [ 104.792830378000048, -5.16175237399993, 0.0 ], [ 104.792861053000095, -5.161819209999953, 0.0 ], [ 104.792891728000058, -5.161886055999977, 0.0 ], [ 104.792922402000016, -5.161952893, 0.0 ], [ 104.792953077000064, -5.162019728999935, 0.0 ], [ 104.792983752000026, -5.162086565999958, 0.0 ], [ 104.793014427000088, -5.162153402999893, 0.0 ], [ 104.793045101000047, -5.162220247999917, 0.0 ], [ 104.793075776000094, -5.16228708499994, 0.0 ], [ 104.793106451000057, -5.162353921999964, 0.0 ], [ 104.79314315200007, -5.162423726999966, 0.0 ], [ 104.793179853000098, -5.162493532999969, 0.0 ], [ 104.793216563000016, -5.162563347999972, 0.0 ], [ 104.793253265000033, -5.162633153999975, 0.0 ], [ 104.79328996600006, -5.162702959999978, 0.0 ], [ 104.793326676000078, -5.162772774999981, 0.0 ], [ 104.793348066800931, -5.162813460709982, 0.0 ] ] ] ] } },
{ "type": "Feature", "properties": { "KDPPUM": null, "NAMOBJ": "SENDANG AGUNG", "REMARK": "Wilayah Administrasi Kecamatan", "KDPBPS": null, "FCODE": null, "LUASWH": 0.0, "UUPP": null, "SRS_ID": null, "LCODE": "BA0080", "METADATA": null, "KDEBPS": null, "KDEPUM": null, "KDCBPS": null, "KDCPUM": null, "KDBBPS": null, "KDBPUM": null, "WADMKD": null, "WIADKD": null, "WADMKC": null, "WIADKC": null, "WADMKK": "LAMPUNG TENGAH", "WIADKK": null, "WADMPR": "LAMPUNG", "WIADPR": null, "TIPADM": 0, "Shape_Leng": 0.43020015935, "Shape_Area": 0.00799128286 }, "geometry": { "type": "MultiPolygon", "coordinates": [ [ [ [ 104.888764945000048, -5.246349523999884, 0.0 ], [ 104.88824676200008, -5.246705087, 0.0 ], [ 104.887060899000105, -5.244778526999928, 0.0 ], [ 104.886636157813527, -5.244020536346396, 0.0 ], [ 104.889327015279179, -5.246057891375079, 0.0 ], [ 104.889263513000088, -5.246077021999985, 0.0 ], [ 104.888764945000048, -5.246349523999884, 0.0 ] ] ], [ [ [ 104.865356547063769, -5.215752100257566, 0.0 ], [ 104.865550244948693, -5.21643988793913, 0.0 ], [ 104.865542608000027, -5.216432161999952, 0.0 ], [ 104.865493682000064, -5.216382666999943, 0.0 ], [ 104.865457226000061, -5.21629580299995, 0.0 ], [ 104.865420761000067, -5.216208947999958, 0.0 ], [ 104.865384305000077, -5.216122084999965, 0.0 ], [ 104.865376797000067, -5.216038266999957, 0.0 ], [ 104.865369280000067, -5.215954457999951, 0.0 ], [ 104.865361772000071, -5.215870640999944, 0.0 ], [ 104.865354255000071, -5.215786822999936, 0.0 ], [ 104.865356547063769, -5.215752100257566, 0.0 ] ] ], [ [ [ 104.864297672431618, -5.211992219613849, 0.0 ], [ 104.864879419466689, -5.2140579026987, 0.0 ], [ 104.864812171000068, -5.214035413999975, 0.0 ], [ 104.864735537000044, -5.214009786999986, 0.0 ], [ 104.864662467000031, -5.213984151, 0.0 ], [ 104.86458939800012, -5.213958507, 0.0 ], [ 104.864516329000111, -5.213932870999928, 0.0 ], [ 104.864452603000075, -5.213888194999962, 0.0 ], [ 104.864388878000042, -5.213843518, 0.0 ], [ 104.864325152, -5.213798841999941, 0.0 ], [ 104.86426142600007, -5.213754164999974, 0.0 ], [ 104.864217615000086, -5.213671868999915, 0.0 ], [ 104.864173805000107, -5.213589571999945, 0.0 ], [ 104.864162877000084, -5.213463306999889, 0.0 ], [ 104.864164276000025, -5.21337684899993, 0.0 ], [ 104.864165675000052, -5.21329038299997, 0.0 ], [ 104.864173623000084, -5.213217632, 0.0 ], [ 104.864181561000038, -5.213144881999922, 0.0 ], [ 104.86418950900007, -5.213072130999942, 0.0 ], [ 104.864197456000014, -5.212999380999962, 0.0 ], [ 104.864205404000046, -5.212926629999982, 0.0 ], [ 104.864213342000085, -5.212853879999914, 0.0 ], [ 104.864221290000032, -5.212781128999934, 0.0 ], [ 104.864229238000064, -5.212708369999953, 0.0 ], [ 104.864237185000022, -5.212635618999974, 0.0 ], [ 104.86424512400005, -5.212562868, 0.0 ], [ 104.864253071000093, -5.212490117999925, 0.0 ], [ 104.864261019000125, -5.212417366999945, 0.0 ], [ 104.864268966000068, -5.212344616999966, 0.0 ], [ 104.864276905000011, -5.212271865999986, 0.0 ], [ 104.864284852000054, -5.212199116, 0.0 ], [ 104.864289434000071, -5.212125215999931, 0.0 ], [ 104.864294016000102, -5.212051314999945, 0.0 ], [ 104.864297672431618, -5.211992219613849, 0.0 ] ] ], [ [ [ 104.863449578000129, -5.208980782999907, 0.0 ], [ 104.863711667168104, -5.209911416296555, 0.0 ], [ 104.863694174000031, -5.209893422999924, 0.0 ], [ 104.863640124000085, -5.209837829999943, 0.0 ], [ 104.863586084000062, -5.209782244999962, 0.0 ], [ 104.86353203500002, -5.209726650999892, 0.0 ], [ 104.863482822000037, -5.209671374999937, 0.0 ], [ 104.863433610000058, -5.209616098999982, 0.0 ], [ 104.863384406000065, -5.209560822999938, 0.0 ], [ 104.863335193000083, -5.209505546999894, 0.0 ], [ 104.863305215000082, -5.20942905199996, 0.0 ], [ 104.863275237000011, -5.209352556999937, 0.0 ], [ 104.863245249000016, -5.209276062, 0.0 ], [ 104.863215271000016, -5.209199566999891, 0.0 ], [ 104.863185292000111, -5.209123071999956, 0.0 ], [ 104.863168401000053, -5.20903616799996, 0.0 ], [ 104.863151500000072, -5.208949253999963, 0.0 ], [ 104.863134608000095, -5.208862339999966, 0.0 ], [ 104.863117708000033, -5.20877543499997, 0.0 ], [ 104.863117726000027, -5.208690379999949, 0.0 ], [ 104.863117744000121, -5.208605323999928, 0.0 ], [ 104.863117763000034, -5.208520278, 0.0 ], [ 104.863117781000128, -5.208435221999975, 0.0 ], [ 104.86311780000004, -5.208350166999955, 0.0 ], [ 104.863116435, -5.208275993999946, 0.0 ], [ 104.863115070000077, -5.208201820999937, 0.0 ], [ 104.863113697000045, -5.208127647999929, 0.0 ], [ 104.863112332000114, -5.208053483999921, 0.0 ], [ 104.863110968000086, -5.207979311, 0.0 ], [ 104.863109603000069, -5.207905137999903, 0.0 ], [ 104.86309204100003, -5.207831486999938, 0.0 ], [ 104.863074469000097, -5.207757825999972, 0.0 ], [ 104.863056907000058, -5.207684173999917, 0.0 ], [ 104.863039336000028, -5.207610513999951, 0.0 ], [ 104.863021774000089, -5.207536861999897, 0.0 ], [ 104.863004202000056, -5.20746320099993, 0.0 ], [ 104.862986640000102, -5.207389548999965, 0.0 ], [ 104.862957861000041, -5.207319431999936, 0.0 ], [ 104.862929081000047, -5.207249315999908, 0.0 ], [ 104.862900311000075, -5.207179207999969, 0.0 ], [ 104.862871531000081, -5.207109090999941, 0.0 ], [ 104.862842752000105, -5.207038973999913, 0.0 ], [ 104.862813981000031, -5.206968865999974, 0.0 ], [ 104.862785202000055, -5.206898748999945, 0.0 ], [ 104.862756422000061, -5.206828631999917, 0.0 ], [ 104.862723293000073, -5.206762096, 0.0 ], [ 104.862690154000092, -5.206695551999919, 0.0 ], [ 104.862657024000015, -5.20662900699992, 0.0 ], [ 104.862623886000023, -5.206562472000011, 0.0 ], [ 104.862590756000131, -5.206495935999923, 0.0 ], [ 104.86255761700005, -5.206429391999924, 0.0 ], [ 104.862524488000062, -5.206362855999926, 0.0 ], [ 104.862491349000067, -5.206296311999926, 0.0 ], [ 104.862458211000089, -5.206229766999927, 0.0 ], [ 104.862425081000097, -5.206163231999929, 0.0 ], [ 104.862385751000033, -5.206103814999986, 0.0 ], [ 104.862346411000075, -5.206044396999955, 0.0 ], [ 104.862307081000012, -5.205984979999924, 0.0 ], [ 104.862267750000044, -5.205925562999981, 0.0 ], [ 104.862228411000075, -5.20586614599995, 0.0 ], [ 104.862189081000025, -5.205806738, 0.0 ], [ 104.862149741000053, -5.205747319999977, 0.0 ], [ 104.862110411000089, -5.205687902999946, 0.0 ], [ 104.862071080000121, -5.205628486, 0.0 ], [ 104.862031741000052, -5.205569068999973, 0.0 ], [ 104.861992411000088, -5.205509650999941, 0.0 ], [ 104.861957739000061, -5.205436872999959, 0.0 ], [ 104.861923059000034, -5.205364094999977, 0.0 ], [ 104.861888388000096, -5.205291316999906, 0.0 ], [ 104.861853717000074, -5.205218538999924, 0.0 ], [ 104.861819037000046, -5.205145760999942, 0.0 ], [ 104.861784366000023, -5.20507298399996, 0.0 ], [ 104.861762724000087, -5.205004251999958, 0.0 ], [ 104.86174108200008, -5.204935511999954, 0.0 ], [ 104.861719449000063, -5.204866780999952, 0.0 ], [ 104.861697807000056, -5.204798048999949, 0.0 ], [ 104.861676165000034, -5.204729317999947, 0.0 ], [ 104.86166643139039, -5.204698400374687, 0.0 ], [ 104.862633496000015, -5.206083017999953, 0.0 ], [ 104.863449578000129, -5.208980782999907, 0.0 ] ] ], [ [ [ 104.836820947, -5.203130294999982, 0.0 ], [ 104.836743632000079, -5.203130970999949, 0.0 ], [ 104.836671844000094, -5.203115726999931, 0.0 ], [ 104.836600056000108, -5.203100483, 0.0 ], [ 104.836528268000023, -5.203085238999984, 0.0 ], [ 104.836435090000037, -5.20301254399992, 0.0 ], [ 104.836384379000023, -5.202937788999952, 0.0 ], [ 104.836333658000086, -5.202863032999984, 0.0 ], [ 104.836307445000045, -5.202792435999916, 0.0 ], [ 104.836293464849504, -5.202754786015719, 0.0 ], [ 104.837354830713949, -5.20312173103178, 0.0 ], [ 104.837335144000079, -5.203122105000014, 0.0 ], [ 104.837263225000086, -5.203123478999951, 0.0 ], [ 104.837191315000084, -5.203124844999975, 0.0 ], [ 104.837119405000081, -5.20312620999991, 0.0 ], [ 104.837047487000092, -5.203127584999935, 0.0 ], [ 104.836975577, -5.203128949999959, 0.0 ], [ 104.836898262, -5.203129626999926, 0.0 ], [ 104.836820947, -5.203130294999982, 0.0 ] ] ], [ [ [ 104.82848700953852, -5.201753215974504, 0.0 ], [ 104.829629992000179, -5.201994595999894, 0.0 ], [ 104.831492065891169, -5.201870737328486, 0.0 ], [ 104.831483099000124, -5.201879527999965, 0.0 ], [ 104.831428356000032, -5.201933195999965, 0.0 ], [ 104.831363628000091, -5.201974176999981, 0.0 ], [ 104.831349447000079, -5.201983157999925, 0.0 ], [ 104.831298900000064, -5.202015167999908, 0.0 ], [ 104.831234171000034, -5.202056148999924, 0.0 ], [ 104.831169443000107, -5.202097139999941, 0.0 ], [ 104.831101083000036, -5.202152142999962, 0.0 ], [ 104.831032733000072, -5.202207135999982, 0.0 ], [ 104.830964382, -5.202262139, 0.0 ], [ 104.830928674000077, -5.202290869999983, 0.0 ], [ 104.830896022000033, -5.202317141000025, 0.0 ], [ 104.8308451770001, -5.202372619, 0.0 ], [ 104.830794332000067, -5.202428096999968, 0.0 ], [ 104.830743478000031, -5.20248357499994, 0.0 ], [ 104.830692633000083, -5.202539052, 0.0 ], [ 104.830641789000055, -5.202594529999972, 0.0 ], [ 104.830590944000022, -5.202649998999943, 0.0 ], [ 104.830540099000075, -5.202705476999915, 0.0 ], [ 104.830489254000042, -5.202760953999887, 0.0 ], [ 104.8304384, -5.202816431999947, 0.0 ], [ 104.830387555000073, -5.202871909999919, 0.0 ], [ 104.83033671000004, -5.202927386999891, 0.0 ], [ 104.830265605000108, -5.202920320999928, 0.0 ], [ 104.830194492, -5.202913254999965, 0.0 ], [ 104.830123387000057, -5.202906179, 0.0 ], [ 104.830052274000124, -5.202899112999949, 0.0 ], [ 104.829981170000011, -5.202892045999898, 0.0 ], [ 104.829910056000088, -5.202884979999935, 0.0 ], [ 104.82983895200006, -5.202877903999971, 0.0 ], [ 104.829767838000038, -5.202870838, 0.0 ], [ 104.829696734000024, -5.202863771999956, 0.0 ], [ 104.829625621000091, -5.202856704999904, 0.0 ], [ 104.829554516000059, -5.202849629999941, 0.0 ], [ 104.82948340300004, -5.202842562999978, 0.0 ], [ 104.829412298000108, -5.202835496999926, 0.0 ], [ 104.829334096000125, -5.202816422999947, 0.0 ], [ 104.829255893000052, -5.202797349999967, 0.0 ], [ 104.829177690000066, -5.202778276999899, 0.0 ], [ 104.829099487000079, -5.20275920399992, 0.0 ], [ 104.829025431000076, -5.202722056999955, 0.0 ], [ 104.828951375000074, -5.20268491, 0.0 ], [ 104.828877320000075, -5.202647762999936, 0.0 ], [ 104.828836993000024, -5.202579748999904, 0.0 ], [ 104.828796667000063, -5.202511734999961, 0.0 ], [ 104.828756332000097, -5.20244373099993, 0.0 ], [ 104.828716005000047, -5.202375716999898, 0.0 ], [ 104.828675679000085, -5.202307702999954, 0.0 ], [ 104.828647925000013, -5.202230022000011, 0.0 ], [ 104.828620172000029, -5.20215234099989, 0.0 ], [ 104.828592418000127, -5.202074659999946, 0.0 ], [ 104.828564664000055, -5.201996978999913, 0.0 ], [ 104.828536911000072, -5.20191929799997, 0.0 ], [ 104.828509157000084, -5.201841616999937, 0.0 ], [ 104.828490796000068, -5.201768334999914, 0.0 ], [ 104.82848700953852, -5.201753215974504, 0.0 ] ] ], [ [ [ 104.855146281000117, -5.200455023999874, 0.0 ], [ 104.858172370210085, -5.201621757283105, 0.0 ], [ 104.858146454000106, -5.201629712999901, 0.0 ], [ 104.858070921000078, -5.201652900999955, 0.0 ], [ 104.857995388000049, -5.201676087999919, 0.0 ], [ 104.857925131000087, -5.20170782599997, 0.0 ], [ 104.857854875000058, -5.201739562999931, 0.0 ], [ 104.8577846190001, -5.201771300999981, 0.0 ], [ 104.857714363000056, -5.201803037999943, 0.0 ], [ 104.857644107000027, -5.201834775999904, 0.0 ], [ 104.857573851000069, -5.201866512999954, 0.0 ], [ 104.857494047000046, -5.201901306, 0.0 ], [ 104.857414252000098, -5.201936089999938, 0.0 ], [ 104.857334448000074, -5.201970882999975, 0.0 ], [ 104.857254653000041, -5.202005667000011, 0.0 ], [ 104.857182045000073, -5.202025679999979, 0.0 ], [ 104.857109436000101, -5.202045691999947, 0.0 ], [ 104.857036827000044, -5.202065704999915, 0.0 ], [ 104.856964219000076, -5.202085717999973, 0.0 ], [ 104.856891610000019, -5.202105729999941, 0.0 ], [ 104.856808772000093, -5.202107665000012, 0.0 ], [ 104.856725935000085, -5.202109601, 0.0 ], [ 104.85664309700006, -5.202111535999977, 0.0 ], [ 104.856560260000052, -5.20211347099996, 0.0 ], [ 104.85647742300003, -5.202115405999942, 0.0 ], [ 104.856394587000111, -5.202106593999924, 0.0 ], [ 104.856311752000096, -5.202097782, 0.0 ], [ 104.856228917000081, -5.202088969999975, 0.0 ], [ 104.856146082000066, -5.202080157999957, 0.0 ], [ 104.856063247000051, -5.202071345999938, 0.0 ], [ 104.855990770000091, -5.202067664999989, 0.0 ], [ 104.85591828400004, -5.202063984999951, 0.0 ], [ 104.85584579800009, -5.202060303999913, 0.0 ], [ 104.855773321000044, -5.202056623999963, 0.0 ], [ 104.855687231000019, -5.20207614499998, 0.0 ], [ 104.855601141000093, -5.202095665999908, 0.0 ], [ 104.855515051000083, -5.202115185999924, 0.0 ], [ 104.855438298000124, -5.202147328999919, 0.0 ], [ 104.855361545000079, -5.202179471999914, 0.0 ], [ 104.855284791000116, -5.202211615, 0.0 ], [ 104.855208038000072, -5.202243758, 0.0 ], [ 104.855131284000038, -5.202275899999988, 0.0 ], [ 104.855054531000079, -5.202308042999983, 0.0 ], [ 104.854988739000049, -5.202348158999927, 0.0 ], [ 104.854922948000109, -5.202388264999959, 0.0 ], [ 104.854857156, -5.20242838, 0.0 ], [ 104.854791365000068, -5.202468494999936, 0.0 ], [ 104.854725573000039, -5.202508610999969, 0.0 ], [ 104.854659782000098, -5.202548717, 0.0 ], [ 104.854593990000069, -5.202588831999945, 0.0 ], [ 104.854537248000085, -5.202633482, 0.0 ], [ 104.854480506000101, -5.202678130999962, 0.0 ], [ 104.854423764000018, -5.202722781000015, 0.0 ], [ 104.854367013000029, -5.202767439999979, 0.0 ], [ 104.854310271000045, -5.202812088999943, 0.0 ], [ 104.854253529000061, -5.202856739, 0.0 ], [ 104.854196787000078, -5.20290138899996, 0.0 ], [ 104.854142869000057, -5.202948698999966, 0.0 ], [ 104.854088951000037, -5.202996017999974, 0.0 ], [ 104.854035042000106, -5.20304332799998, 0.0 ], [ 104.853981124000086, -5.203090637999898, 0.0 ], [ 104.853927205000062, -5.203137948, 0.0 ], [ 104.853873296000046, -5.203185267, 0.0 ], [ 104.853819378000111, -5.203232575999918, 0.0 ], [ 104.85376546, -5.203279885999924, 0.0 ], [ 104.853696921, -5.203259660999938, 0.0 ], [ 104.853628391000115, -5.203239443999953, 0.0 ], [ 104.853559852000046, -5.203219217999967, 0.0 ], [ 104.853491322000053, -5.203199000999982, 0.0 ], [ 104.85342278300007, -5.203178775, 0.0 ], [ 104.853354244000087, -5.203158557999922, 0.0 ], [ 104.853285714, -5.203138332000025, 0.0 ], [ 104.853217175000026, -5.203118114999951, 0.0 ], [ 104.853148645000033, -5.203097888999965, 0.0 ], [ 104.85308010600005, -5.20307767299998, 0.0 ], [ 104.853011576000057, -5.203057446999905, 0.0 ], [ 104.852943037000074, -5.20303722999992, 0.0 ], [ 104.852874498000091, -5.203017003999934, 0.0 ], [ 104.852805968000013, -5.202996786999948, 0.0 ], [ 104.85273742900003, -5.202976560999963, 0.0 ], [ 104.852668899000037, -5.202956343999977, 0.0 ], [ 104.852600360000054, -5.202936118, 0.0 ], [ 104.852540811000011, -5.20290842199992, 0.0 ], [ 104.852481261000065, -5.202880724999938, 0.0 ], [ 104.852421711000019, -5.202853028999955, 0.0 ], [ 104.852362162000063, -5.202825332999973, 0.0 ], [ 104.852302612000116, -5.202797636, 0.0 ], [ 104.85224306200007, -5.20276993999992, 0.0 ], [ 104.852183513000028, -5.202742243999937, 0.0 ], [ 104.852123963000068, -5.202714546999955, 0.0 ], [ 104.852064414000026, -5.202686850999973, 0.0 ], [ 104.85200302600002, -5.202648243999976, 0.0 ], [ 104.851941638000085, -5.202609636999979, 0.0 ], [ 104.851880250000065, -5.202571029999982, 0.0 ], [ 104.851818862000059, -5.202532422999985, 0.0 ], [ 104.851757474000038, -5.202493815999988, 0.0 ], [ 104.851696086000018, -5.202455208999902, 0.0 ], [ 104.851634699, -5.202416602, 0.0 ], [ 104.851573311000081, -5.202377994999908, 0.0 ], [ 104.851511923000061, -5.202339387999912, 0.0 ], [ 104.851450535000041, -5.202300781, 0.0 ], [ 104.851386584000082, -5.202264128, 0.0 ], [ 104.851322642000028, -5.202227473999889, 0.0 ], [ 104.851258691000069, -5.202190819999965, 0.0 ], [ 104.851194749000015, -5.202154166999952, 0.0 ], [ 104.85113080800005, -5.202117512999939, 0.0 ], [ 104.851066857, -5.202080859999926, 0.0 ], [ 104.851002915000038, -5.202044205999913, 0.0 ], [ 104.850938964000079, -5.2020075529999, 0.0 ], [ 104.850878370000046, -5.201970899999976, 0.0 ], [ 104.850817767000095, -5.201934246999963, 0.0 ], [ 104.850757172000044, -5.20189759399995, 0.0 ], [ 104.850696578000097, -5.201860940999937, 0.0 ], [ 104.850635984000064, -5.201824287999925, 0.0 ], [ 104.850575381000013, -5.201787635999912, 0.0 ], [ 104.850514787000066, -5.201750982999988, 0.0 ], [ 104.850454193000118, -5.201714329999975, 0.0 ], [ 104.850384031, -5.201689398999955, 0.0 ], [ 104.850313869000047, -5.201664467999935, 0.0 ], [ 104.850243707000018, -5.201639536999915, 0.0 ], [ 104.850173546000079, -5.201614606999984, 0.0 ], [ 104.85010338400005, -5.201589675999964, 0.0 ], [ 104.850025772000023, -5.201587910999907, 0.0 ], [ 104.849948151000078, -5.201586146999938, 0.0 ], [ 104.849870539000051, -5.20158438199997, 0.0 ], [ 104.84979291800002, -5.201582626999913, 0.0 ], [ 104.849715307000082, -5.201580862999945, 0.0 ], [ 104.849637686000065, -5.201579097999977, 0.0 ], [ 104.849560074000038, -5.201577334, 0.0 ], [ 104.849487791000087, -5.201593328999911, 0.0 ], [ 104.849415508000064, -5.201609324, 0.0 ], [ 104.849343225000027, -5.201625318999982, 0.0 ], [ 104.849270942, -5.201641313999973, 0.0 ], [ 104.849198658000063, -5.201657308999964, 0.0 ], [ 104.849126375000125, -5.201673303999955, 0.0 ], [ 104.849054092000088, -5.201689298999947, 0.0 ], [ 104.848981809000065, -5.201705293999938, 0.0 ], [ 104.848909526000028, -5.201721289000018, 0.0 ], [ 104.848837647000039, -5.201744475999893, 0.0 ], [ 104.848765769000039, -5.201767663999947, 0.0 ], [ 104.848693890000035, -5.201790850999911, 0.0 ], [ 104.848622011000046, -5.201814037999965, 0.0 ], [ 104.848546784000035, -5.201839060999903, 0.0 ], [ 104.84847154800012, -5.20186407399993, 0.0 ], [ 104.848396321000024, -5.201889096999958, 0.0 ], [ 104.848321094000099, -5.201914110999985, 0.0 ], [ 104.848245867000102, -5.201939132999923, 0.0 ], [ 104.848170631000087, -5.20196414699995, 0.0 ], [ 104.848095404000077, -5.201989169999978, 0.0 ], [ 104.84802017700008, -5.202014183, 0.0 ], [ 104.847945048000071, -5.202045917999966, 0.0 ], [ 104.847869918000072, -5.202077653999927, 0.0 ], [ 104.847794789000076, -5.202109388999888, 0.0 ], [ 104.847719659000077, -5.202141123999938, 0.0 ], [ 104.847644530000082, -5.202172858999988, 0.0 ], [ 104.847569401000086, -5.20220459399995, 0.0 ], [ 104.84750312200002, -5.202243170999944, 0.0 ], [ 104.847436843000125, -5.202281746999939, 0.0 ], [ 104.847370564000059, -5.202320323999933, 0.0 ], [ 104.847304285000078, -5.202358900000016, 0.0 ], [ 104.847238006000012, -5.202397477000011, 0.0 ], [ 104.847173260000076, -5.202438984999981, 0.0 ], [ 104.847108506000055, -5.202480492999952, 0.0 ], [ 104.847043760000105, -5.202522, 0.0 ], [ 104.846979014000084, -5.202563507999981, 0.0 ], [ 104.846914269000052, -5.202605015999952, 0.0 ], [ 104.846849514000027, -5.202646523999922, 0.0 ], [ 104.846784769000081, -5.202688031999982, 0.0 ], [ 104.846714912000081, -5.202743379999943, 0.0 ], [ 104.846645056000071, -5.202798728, 0.0 ], [ 104.846575199000071, -5.202854074999953, 0.0 ], [ 104.846519638000089, -5.202901935999916, 0.0 ], [ 104.846464077000107, -5.202949796999969, 0.0 ], [ 104.846408516000039, -5.202997657999932, 0.0 ], [ 104.846352955000057, -5.203045517999984, 0.0 ], [ 104.846297393000086, -5.203093378999947, 0.0 ], [ 104.84624316700004, -5.203143437999914, 0.0 ], [ 104.846188950000084, -5.203193497999971, 0.0 ], [ 104.846134724000123, -5.203243556999938, 0.0 ], [ 104.846080506000078, -5.203293615999906, 0.0 ], [ 104.846019232000074, -5.203347690999939, 0.0 ], [ 104.845957966000071, -5.203401755999971, 0.0 ], [ 104.845896691000064, -5.203455829999916, 0.0 ], [ 104.845835425000047, -5.203509894999948, 0.0 ], [ 104.845774151000043, -5.203563968999982, 0.0 ], [ 104.84571288500004, -5.203618035000014, 0.0 ], [ 104.845651610000033, -5.203672108999958, 0.0 ], [ 104.845589147000013, -5.203713218999985, 0.0 ], [ 104.845526676000091, -5.20375432000001, 0.0 ], [ 104.845464213000071, -5.203795429999948, 0.0 ], [ 104.845401741000046, -5.203836531999974, 0.0 ], [ 104.84533927800004, -5.203877641999911, 0.0 ], [ 104.84527681500002, -5.203918742999937, 0.0 ], [ 104.845214344000084, -5.203959852999963, 0.0 ], [ 104.845151881000078, -5.204000953999989, 0.0 ], [ 104.845089418000057, -5.204042064999927, 0.0 ], [ 104.845026946000033, -5.204083165999952, 0.0 ], [ 104.844964483000112, -5.204124275999979, 0.0 ], [ 104.844902011, -5.204165377, 0.0 ], [ 104.844839549000071, -5.204206486999942, 0.0 ], [ 104.844766495000073, -5.204236982999889, 0.0 ], [ 104.844693449000061, -5.204267478999926, 0.0 ], [ 104.844620395000064, -5.204297965999961, 0.0 ], [ 104.844547350000056, -5.204328462, 0.0 ], [ 104.844474296000058, -5.204358957999945, 0.0 ], [ 104.844403403000044, -5.204373875999936, 0.0 ], [ 104.84433250900004, -5.204388793999927, 0.0 ], [ 104.84426161600004, -5.204403703999917, 0.0 ], [ 104.844190722000036, -5.204418621999908, 0.0 ], [ 104.844119828000032, -5.204433539999988, 0.0 ], [ 104.844048935000032, -5.204448458999979, 0.0 ], [ 104.843978032000024, -5.20446337699997, 0.0 ], [ 104.843907138000105, -5.20447829499996, 0.0 ], [ 104.84383624500002, -5.204493203999951, 0.0 ], [ 104.843765351000101, -5.204508122999941, 0.0 ], [ 104.843694458000101, -5.204523040999932, 0.0 ], [ 104.843623564000012, -5.204537958999923, 0.0 ], [ 104.843539505000066, -5.204550893000016, 0.0 ], [ 104.843455447000039, -5.204563836000021, 0.0 ], [ 104.843383135000096, -5.204582715999985, 0.0 ], [ 104.843310815000066, -5.204601595999948, 0.0 ], [ 104.843238504000027, -5.204620475999912, 0.0 ], [ 104.843166192000083, -5.204639356999964, 0.0 ], [ 104.843093881000058, -5.204658245999928, 0.0 ], [ 104.843021560000111, -5.20467712599998, 0.0 ], [ 104.842949249000085, -5.204696005999944, 0.0 ], [ 104.842876938000046, -5.204714886, 0.0 ], [ 104.842802865000053, -5.204741736, 0.0 ], [ 104.842728792000045, -5.20476858599991, 0.0 ], [ 104.842654719000052, -5.204795434999911, 0.0 ], [ 104.842580646000044, -5.204822285, 0.0 ], [ 104.842506573000051, -5.204849135, 0.0 ], [ 104.842436408000097, -5.20479890900002, 0.0 ], [ 104.842366244000075, -5.20474868299995, 0.0 ], [ 104.84229608800004, -5.204698456999969, 0.0 ], [ 104.842225924, -5.204648231999988, 0.0 ], [ 104.842159106000068, -5.204601109999908, 0.0 ], [ 104.84209229700005, -5.204553987999917, 0.0 ], [ 104.842025480000117, -5.204506864999926, 0.0 ], [ 104.841958662000096, -5.204459733999935, 0.0 ], [ 104.841891845000077, -5.204412611999944, 0.0 ], [ 104.84182503600006, -5.204365489999953, 0.0 ], [ 104.841758219000027, -5.204318367999962, 0.0 ], [ 104.841690821000057, -5.204282527000016, 0.0 ], [ 104.841626361077672, -5.20424824841489, 0.0 ], [ 104.843358251999987, -5.20424868299988, 0.0 ], [ 104.850473162, -5.200624562999868, 0.0 ], [ 104.855146281000117, -5.200455023999874, 0.0 ] ] ], [ [ [ 104.822524775817925, -5.197410835888951, 0.0 ], [ 104.824946714446241, -5.199499712965951, 0.0 ], [ 104.824888866000023, -5.199470847999978, 0.0 ], [ 104.824820540000061, -5.19943675099991, 0.0 ], [ 104.824752205, -5.199402662999931, 0.0 ], [ 104.824683879000119, -5.199368565999952, 0.0 ], [ 104.824615544000068, -5.199334476999974, 0.0 ], [ 104.82455578200009, -5.199294402999945, 0.0 ], [ 104.82449602100003, -5.199254327999915, 0.0 ], [ 104.824436260000056, -5.199214253999974, 0.0 ], [ 104.824376499, -5.199174178999945, 0.0 ], [ 104.824316738000036, -5.199134103999915, 0.0 ], [ 104.824256977000061, -5.199094029999975, 0.0 ], [ 104.824197216000087, -5.199053954999945, 0.0 ], [ 104.824137455000113, -5.199013879999915, 0.0 ], [ 104.824077694000053, -5.198973805999975, 0.0 ], [ 104.824020406000031, -5.198928646999969, 0.0 ], [ 104.823963110000079, -5.198883497999963, 0.0 ], [ 104.823905823000047, -5.198838339999957, 0.0 ], [ 104.82384852700001, -5.198793190999952, 0.0 ], [ 104.823791240000077, -5.198748032999946, 0.0 ], [ 104.823735705, -5.198694723999976, 0.0 ], [ 104.823680171000035, -5.198641415999917, 0.0 ], [ 104.823624637000052, -5.198588106999948, 0.0 ], [ 104.823569102000079, -5.198534797999978, 0.0 ], [ 104.823513568000095, -5.198481489999919, 0.0 ], [ 104.823458034000041, -5.19842818999995, 0.0 ], [ 104.823402499000053, -5.19837488199998, 0.0 ], [ 104.823346965000084, -5.198321572999921, 0.0 ], [ 104.823291431000101, -5.198268263999951, 0.0 ], [ 104.823235897000046, -5.198214955999982, 0.0 ], [ 104.823180362000059, -5.198161646999923, 0.0 ], [ 104.82312541500005, -5.198107695999989, 0.0 ], [ 104.823070467000036, -5.198053753999966, 0.0 ], [ 104.823015511, -5.197999803999943, 0.0 ], [ 104.822960563, -5.197945861999921, 0.0 ], [ 104.822905616000071, -5.197891910999987, 0.0 ], [ 104.822856302000076, -5.197829611999984, 0.0 ], [ 104.822806978000074, -5.197767312999892, 0.0 ], [ 104.822757664000079, -5.197705013999977, 0.0 ], [ 104.822708340000091, -5.197642713999885, 0.0 ], [ 104.822659026000096, -5.197580414999971, 0.0 ], [ 104.822609702000094, -5.197518115999967, 0.0 ], [ 104.822560388000014, -5.197455816999964, 0.0 ], [ 104.822524775817925, -5.197410835888951, 0.0 ] ] ] ] } },
{ "type": "Feature", "properties": { "KDPPUM": null, "NAMOBJ": "ULUBELU", "REMARK": "Wilayah Administrasi Kecamatan", "KDPBPS": null, "FCODE": null, "LUASWH": 0.0, "UUPP": null, "SRS_ID": null, "LCODE": "BA0080", "METADATA": null, "KDEBPS": null, "KDEPUM": null, "KDCBPS": null, "KDCPUM": null, "KDBBPS": null, "KDBPUM": null, "WADMKD": null, "WIADKD": null, "WADMKC": null, "WIADKC": null, "WADMKK": "TANGGAMUS", "WIADKK": null, "WADMPR": "LAMPUNG", "WIADPR": null, "TIPADM": 0, "Shape_Leng": 2.17775926862, "Shape_Area": 0.08040045142 }, "geometry": { "type": "MultiPolygon", "coordinates": [ [ [ [ 104.792747316136342, -5.15682194416628, 0.0 ], [ 104.792733299000091, -5.156858915999964, 0.0 ], [ 104.79270696600004, -5.156928375999938, 0.0 ], [ 104.792638763000085, -5.156950744000012, 0.0 ], [ 104.792570560000044, -5.156973121, 0.0 ], [ 104.792502348000085, -5.156995488999984, 0.0 ], [ 104.79243414500003, -5.15701786599997, 0.0 ], [ 104.792365942000075, -5.157040233999956, 0.0 ], [ 104.79229773900002, -5.157062609999942, 0.0 ], [ 104.792229537000068, -5.157084977999927, 0.0 ], [ 104.792161334000113, -5.157107354999914, 0.0 ], [ 104.792093122000054, -5.157129722999988, 0.0 ], [ 104.792024919000099, -5.157152099999974, 0.0 ], [ 104.791956716000058, -5.15717446799996, 0.0 ], [ 104.79188923100007, -5.157210215999987, 0.0 ], [ 104.791821754000082, -5.157245963000014, 0.0 ], [ 104.791754269000094, -5.157281710999952, 0.0 ], [ 104.791686792000107, -5.157317458999978, 0.0 ], [ 104.791619307000119, -5.157353207, 0.0 ], [ 104.791551821000041, -5.157388963999944, 0.0 ], [ 104.791484345000043, -5.157424711999971, 0.0 ], [ 104.791416859000066, -5.157460458999909, 0.0 ], [ 104.791349383000068, -5.157496206999935, 0.0 ], [ 104.791281897, -5.157531954999962, 0.0 ], [ 104.791223947000091, -5.157575141999894, 0.0 ], [ 104.791166005, -5.157618338, 0.0 ], [ 104.791108055000095, -5.157661525000025, 0.0 ], [ 104.791050113, -5.157704721999957, 0.0 ], [ 104.790992162000094, -5.157747908999978, 0.0 ], [ 104.790940920000111, -5.157804558999958, 0.0 ], [ 104.790889678000056, -5.157861209999938, 0.0 ], [ 104.790838445000077, -5.157917859999918, 0.0 ], [ 104.790787203, -5.157974510999987, 0.0 ], [ 104.790740554000052, -5.158030809999937, 0.0 ], [ 104.790693905000111, -5.158087108999977, 0.0 ], [ 104.790647265000061, -5.158143400000016, 0.0 ], [ 104.790600615000116, -5.158199698999967, 0.0 ], [ 104.790553966000076, -5.158255997999918, 0.0 ], [ 104.790507317000035, -5.158312296999958, 0.0 ], [ 104.79046066800008, -5.158368595999908, 0.0 ], [ 104.79041402700004, -5.158424886999947, 0.0 ], [ 104.790367378, -5.158481185999987, 0.0 ], [ 104.790320729000044, -5.158537484999938, 0.0 ], [ 104.790276801000061, -5.158605264999951, 0.0 ], [ 104.790232873000065, -5.158673053999964, 0.0 ], [ 104.790188944000064, -5.158740833999977, 0.0 ], [ 104.790145025000072, -5.158808624, 0.0 ], [ 104.79010109700009, -5.158876403999914, 0.0 ], [ 104.790057169000093, -5.158944192999927, 0.0 ], [ 104.790013241000096, -5.15901197299994, 0.0 ], [ 104.789979826, -5.15907507, 0.0 ], [ 104.789946402000069, -5.159138167999989, 0.0 ], [ 104.789912987000065, -5.159201255999969, 0.0 ], [ 104.789879563000056, -5.15926435399995, 0.0 ], [ 104.789846148000038, -5.15932745099993, 0.0 ], [ 104.789812724000029, -5.159390549, 0.0 ], [ 104.7897793100001, -5.15945364599998, 0.0 ], [ 104.789745886000091, -5.15951674399996, 0.0 ], [ 104.789712471000087, -5.15957983199994, 0.0 ], [ 104.789679047000064, -5.159642929, 0.0 ], [ 104.78964563200006, -5.159706027, 0.0 ], [ 104.789613822, -5.159770780000018, 0.0 ], [ 104.789582004000039, -5.159835533999958, 0.0 ], [ 104.789550195000061, -5.159900286999987, 0.0 ], [ 104.789518376, -5.159965031999926, 0.0 ], [ 104.78948656700004, -5.160029784999955, 0.0 ], [ 104.789454748000068, -5.160094538999983, 0.0 ], [ 104.789422939000104, -5.160159291999923, 0.0 ], [ 104.789378759, -5.160224357999978, 0.0 ], [ 104.789334588000074, -5.160289423999943, 0.0 ], [ 104.78929040800007, -5.16035449, 0.0 ], [ 104.789246228000053, -5.160419555999963, 0.0 ], [ 104.789202048000035, -5.160484612999928, 0.0 ], [ 104.789157876000019, -5.160549678999894, 0.0 ], [ 104.789113696000101, -5.160614744999949, 0.0 ], [ 104.789069516000083, -5.160679811, 0.0 ], [ 104.789023570000012, -5.160737982999931, 0.0 ], [ 104.788977632000027, -5.160796145999948, 0.0 ], [ 104.788931686000055, -5.160854317999965, 0.0 ], [ 104.788885749000073, -5.160912489999893, 0.0 ], [ 104.788839802000084, -5.160970662, 0.0 ], [ 104.788793865000102, -5.161028824999926, 0.0 ], [ 104.788747918000027, -5.161086996999943, 0.0 ], [ 104.788695793000073, -5.161138335999928, 0.0 ], [ 104.788643677000024, -5.161189667, 0.0 ], [ 104.788591552000057, -5.161241006999985, 0.0 ], [ 104.788539427000018, -5.16129234699997, 0.0 ], [ 104.788487311000054, -5.161343685999954, 0.0 ], [ 104.788435186000086, -5.161395016999938, 0.0 ], [ 104.788383070000037, -5.161446356999923, 0.0 ], [ 104.788330945000084, -5.161497696, 0.0 ], [ 104.788271669000068, -5.16153900099995, 0.0 ], [ 104.788212383000129, -5.161580296999903, 0.0 ], [ 104.788153106000024, -5.161621601999945, 0.0 ], [ 104.788093820000086, -5.161662896999898, 0.0 ], [ 104.788034543000066, -5.161704201999941, 0.0 ], [ 104.787975257000056, -5.161745497999982, 0.0 ], [ 104.787915980000037, -5.161786801999936, 0.0 ], [ 104.787856693, -5.161828097999978, 0.0 ], [ 104.787797416000075, -5.161869402999931, 0.0 ], [ 104.787738356000077, -5.161910363999946, 0.0 ], [ 104.787679305000083, -5.16195132499996, 0.0 ], [ 104.787620244000081, -5.161992285999974, 0.0 ], [ 104.787561184000069, -5.162033255999988, 0.0 ], [ 104.787502124000071, -5.162074216999914, 0.0 ], [ 104.787443072000073, -5.162115177000016, 0.0 ], [ 104.787384012000075, -5.162156137999942, 0.0 ], [ 104.787324651000048, -5.162206408000015, 0.0 ], [ 104.787265289000104, -5.162256687, 0.0 ], [ 104.787205919000073, -5.162306956999986, 0.0 ], [ 104.787146558000046, -5.162357234999972, 0.0 ], [ 104.787087196000115, -5.162407504999956, 0.0 ], [ 104.787034585000114, -5.162456284, 0.0 ], [ 104.78698197300011, -5.162505063999946, 0.0 ], [ 104.78692936100002, -5.162553842999985, 0.0 ], [ 104.786876750000019, -5.162602621999936, 0.0 ], [ 104.786824138000014, -5.162651400999975, 0.0 ], [ 104.786771527000013, -5.162700180999925, 0.0 ], [ 104.786718915000023, -5.162748959999965, 0.0 ], [ 104.786666303000104, -5.162797738999915, 0.0 ], [ 104.786613692000103, -5.162846517999954, 0.0 ], [ 104.786568341000077, -5.162904345999943, 0.0 ], [ 104.786522989000062, -5.162962184000021, 0.0 ], [ 104.786477638000036, -5.16302002100001, 0.0 ], [ 104.786432278000106, -5.16307784899991, 0.0 ], [ 104.786386927000081, -5.163135676999987, 0.0 ], [ 104.786341576000055, -5.163193513999977, 0.0 ], [ 104.786308346000069, -5.163267875, 0.0 ], [ 104.78627511600007, -5.163342243999937, 0.0 ], [ 104.786241877000066, -5.163416603999961, 0.0 ], [ 104.78620864800007, -5.163490972999986, 0.0 ], [ 104.786175418000084, -5.163565333999921, 0.0 ], [ 104.78615596700007, -5.163638521999937, 0.0 ], [ 104.786136516000056, -5.163711710999953, 0.0 ], [ 104.786117055000048, -5.163784899999969, 0.0 ], [ 104.786097604000034, -5.163858088999985, 0.0 ], [ 104.78607815300002, -5.163931277999913, 0.0 ], [ 104.78605870200002, -5.164004465999929, 0.0 ], [ 104.786049590000061, -5.164080860999944, 0.0 ], [ 104.786040487000022, -5.164157264999959, 0.0 ], [ 104.786031375000064, -5.164233659999974, 0.0 ], [ 104.786022264000025, -5.1643100549999, 0.0 ], [ 104.786013152000066, -5.164386448999915, 0.0 ], [ 104.786004049000027, -5.164462853000019, 0.0 ], [ 104.785994937000069, -5.164539247999945, 0.0 ], [ 104.785990670000075, -5.164615743999969, 0.0 ], [ 104.78598640400007, -5.164692248999904, 0.0 ], [ 104.78598214700007, -5.164768744999927, 0.0 ], [ 104.785977880000075, -5.164845248999951, 0.0 ], [ 104.785973613000081, -5.164921744999974, 0.0 ], [ 104.785961225000037, -5.165003195999963, 0.0 ], [ 104.785948836000074, -5.165084655999953, 0.0 ], [ 104.785936438000107, -5.165166114999943, 0.0 ], [ 104.785924049000059, -5.165247565999932, 0.0 ], [ 104.785878097000079, -5.165319089999988, 0.0 ], [ 104.785832155, -5.165390614999955, 0.0 ], [ 104.785786203000029, -5.165462147999923, 0.0 ], [ 104.785740261000043, -5.165533671999979, 0.0 ], [ 104.785694309000064, -5.165605196999946, 0.0 ], [ 104.785630707000038, -5.165654758999962, 0.0 ], [ 104.785567104000023, -5.165704321999977, 0.0 ], [ 104.785503502000083, -5.165753884, 0.0 ], [ 104.785439900000057, -5.165803447, 0.0 ], [ 104.785374184000048, -5.16583317799998, 0.0 ], [ 104.785308467000021, -5.165862900999953, 0.0 ], [ 104.785242760000088, -5.165892632999926, 0.0 ], [ 104.785177044000079, -5.165922355999987, 0.0 ], [ 104.785111328000056, -5.16595208699996, 0.0 ], [ 104.785045799000045, -5.165988766999975, 0.0 ], [ 104.784980279000052, -5.166025455, 0.0 ], [ 104.784914750000041, -5.166062134999917, 0.0 ], [ 104.784849230000034, -5.166098813999932, 0.0 ], [ 104.784783701000038, -5.166135502999948, 0.0 ], [ 104.784718181000031, -5.166172181999963, 0.0 ], [ 104.784652652000034, -5.166208870999979, 0.0 ], [ 104.784587132000112, -5.166245549999905, 0.0 ], [ 104.784521603000115, -5.16628223, 0.0 ], [ 104.784456082000105, -5.166318917999936, 0.0 ], [ 104.784390553, -5.166355597999951, 0.0 ], [ 104.784334718000096, -5.166411540999961, 0.0 ], [ 104.784278882000095, -5.166467482999971, 0.0 ], [ 104.784223055000012, -5.166523416999981, 0.0 ], [ 104.784167219000011, -5.16657936, 0.0 ], [ 104.78411138300001, -5.166635302, 0.0 ], [ 104.784073339000059, -5.166696135999972, 0.0 ], [ 104.784035304000014, -5.166756969999943, 0.0 ], [ 104.783997260000064, -5.166817803999914, 0.0 ], [ 104.783959226000036, -5.166878637999973, 0.0 ], [ 104.783921191000076, -5.166939462999943, 0.0 ], [ 104.78388314700004, -5.167000297, 0.0 ], [ 104.783845103, -5.167061130999974, 0.0 ], [ 104.783807068000058, -5.167121964999945, 0.0 ], [ 104.783769363000047, -5.167192785999942, 0.0 ], [ 104.783731659000026, -5.16726360699994, 0.0 ], [ 104.783693954000015, -5.167334428999938, 0.0 ], [ 104.78365625, -5.167405249999936, 0.0 ], [ 104.783618545000081, -5.167476070999934, 0.0 ], [ 104.78358084000007, -5.167546892999932, 0.0 ], [ 104.783558611000018, -5.167615185999987, 0.0 ], [ 104.783536382000037, -5.167683488999954, 0.0 ], [ 104.78351415300007, -5.16775178199992, 0.0 ], [ 104.783491933000093, -5.167820084999976, 0.0 ], [ 104.783469704000112, -5.167888378999942, 0.0 ], [ 104.78344747500006, -5.167956681, 0.0 ], [ 104.783425246000078, -5.168024974999964, 0.0 ], [ 104.783416974000019, -5.168096981999971, 0.0 ], [ 104.783408712000039, -5.16816899899989, 0.0 ], [ 104.783400449000069, -5.168241005999986, 0.0 ], [ 104.783392178000014, -5.168313022999905, 0.0 ], [ 104.78338391500003, -5.16838503, 0.0 ], [ 104.783375643000056, -5.16845704699992, 0.0 ], [ 104.783373092000033, -5.168531923999987, 0.0 ], [ 104.783370549000082, -5.168606809999966, 0.0 ], [ 104.783367997000056, -5.168681686999944, 0.0 ], [ 104.78336545400002, -5.168756572999923, 0.0 ], [ 104.783362902000079, -5.16883145, 0.0 ], [ 104.783360359000127, -5.168906335999969, 0.0 ], [ 104.783357807000101, -5.168981212999947, 0.0 ], [ 104.78334806, -5.169066210999963, 0.0 ], [ 104.783338323000081, -5.169151208999979, 0.0 ], [ 104.783328576000073, -5.169236206999907, 0.0 ], [ 104.783318829000066, -5.169321204000012, 0.0 ], [ 104.783285244000041, -5.169402657, 0.0 ], [ 104.783251650000111, -5.169484099999989, 0.0 ], [ 104.783218066000074, -5.169565542999978, 0.0 ], [ 104.783184481000049, -5.169646995999967, 0.0 ], [ 104.783146192000089, -5.169710144999952, 0.0 ], [ 104.783107904000119, -5.169773285999936, 0.0 ], [ 104.783069606000055, -5.16983643600001, 0.0 ], [ 104.783031317000081, -5.169899584999905, 0.0 ], [ 104.78299302900011, -5.169962725999978, 0.0 ], [ 104.782954740000051, -5.170025874999963, 0.0 ], [ 104.782906439000058, -5.170079576999965, 0.0 ], [ 104.782858147000056, -5.170133278999968, 0.0 ], [ 104.782809846000049, -5.17018697999997, 0.0 ], [ 104.782761553000057, -5.170240672999972, 0.0 ], [ 104.78271325200005, -5.170294374999974, 0.0 ], [ 104.782664960000062, -5.170348075999888, 0.0 ], [ 104.782607920000046, -5.170389037, 0.0 ], [ 104.782550879000027, -5.170429999, 0.0 ], [ 104.782493839000026, -5.17047095999993, 0.0 ], [ 104.78243679900001, -5.170511929999945, 0.0 ], [ 104.78237975800009, -5.170552890999959, 0.0 ], [ 104.782322718000074, -5.170593851999973, 0.0 ], [ 104.782265678000059, -5.170634812999898, 0.0 ], [ 104.782199047000049, -5.17067122099998, 0.0 ], [ 104.782132426000047, -5.170707627999972, 0.0 ], [ 104.78206579600004, -5.170744034999965, 0.0 ], [ 104.781999174000035, -5.170780433999957, 0.0 ], [ 104.781932544000114, -5.170816840999949, 0.0 ], [ 104.781865922000023, -5.170853248999942, 0.0 ], [ 104.781799292000102, -5.170889655999934, 0.0 ], [ 104.781730399000097, -5.170919141999976, 0.0 ], [ 104.781661506000077, -5.170948637000018, 0.0 ], [ 104.781592613000058, -5.170978131999972, 0.0 ], [ 104.781523711000048, -5.171007618000013, 0.0 ], [ 104.781454818000029, -5.171037112999967, 0.0 ], [ 104.781385925, -5.171066599, 0.0 ], [ 104.781322328000073, -5.171100220999948, 0.0 ], [ 104.781258730000062, -5.171133851999977, 0.0 ], [ 104.781195132000036, -5.171167473999917, 0.0 ], [ 104.781131534000011, -5.171201095999946, 0.0 ], [ 104.781067936000085, -5.171234717999974, 0.0 ], [ 104.781004339000063, -5.171268348999915, 0.0 ], [ 104.780940741000038, -5.171301970999943, 0.0 ], [ 104.780877143000012, -5.171335592999972, 0.0 ], [ 104.780813545000086, -5.171369223999912, 0.0 ], [ 104.780749947000061, -5.171402845999941, 0.0 ], [ 104.78068413900003, -5.171437353999954, 0.0 ], [ 104.7806183390001, -5.171471861999967, 0.0 ], [ 104.780552530000065, -5.17150636999998, 0.0 ], [ 104.780486721000045, -5.171540885999905, 0.0 ], [ 104.780420912000096, -5.171575393999918, 0.0 ], [ 104.78035511300007, -5.171609901999931, 0.0 ], [ 104.78028930400005, -5.171644409999944, 0.0 ], [ 104.780223495000115, -5.171678916999957, 0.0 ], [ 104.780155047000036, -5.171700143999937, 0.0 ], [ 104.780086590000067, -5.171721369999917, 0.0 ], [ 104.780018142000088, -5.171742596999897, 0.0 ], [ 104.77994969300002, -5.171763822999965, 0.0 ], [ 104.779881245000041, -5.171785049999945, 0.0 ], [ 104.779812797000062, -5.171806275999925, 0.0 ], [ 104.779744340000079, -5.171827503, 0.0 ], [ 104.7796758920001, -5.171848728999974, 0.0 ], [ 104.779596403000099, -5.171859321999962, 0.0 ], [ 104.779516914000084, -5.171869923999951, 0.0 ], [ 104.779437435, -5.17188051699994, 0.0 ], [ 104.779357946000076, -5.171891118999929, 0.0 ], [ 104.779278457000075, -5.171901720999918, 0.0 ], [ 104.779198968000074, -5.171912313999906, 0.0 ], [ 104.779126793000046, -5.17193455199997, 0.0 ], [ 104.779054627000036, -5.171956790999944, 0.0 ], [ 104.778982452, -5.171979028999919, 0.0 ], [ 104.77891027700008, -5.172001257999982, 0.0 ], [ 104.778838102000051, -5.172023495999957, 0.0 ], [ 104.778765936000042, -5.172045734999932, 0.0 ], [ 104.778693761000014, -5.172067973, 0.0 ], [ 104.778624611000069, -5.172108422999967, 0.0 ], [ 104.778555453000124, -5.17214888199994, 0.0 ], [ 104.778486303000079, -5.172189332, 0.0 ], [ 104.778417153000049, -5.172229781999972, 0.0 ], [ 104.778348004000094, -5.172270231999944, 0.0 ], [ 104.77827884500006, -5.172310690999916, 0.0 ], [ 104.778209695000015, -5.172351139999977, 0.0 ], [ 104.778146092000085, -5.172400702, 0.0 ], [ 104.778082488000067, -5.172450264, 0.0 ], [ 104.778018885000037, -5.172499824999933, 0.0 ], [ 104.777955281000018, -5.172549386999949, 0.0 ], [ 104.777891677000085, -5.172598948999964, 0.0 ], [ 104.77782807400007, -5.17264850999989, 0.0 ], [ 104.777778596000061, -5.172710470999954, 0.0 ], [ 104.777729118000053, -5.172772430999929, 0.0 ], [ 104.777679641000034, -5.172834399999905, 0.0 ], [ 104.777630163000126, -5.172896359999969, 0.0 ], [ 104.777580685000018, -5.172958320999944, 0.0 ], [ 104.77753120700001, -5.17302028099992, 0.0 ], [ 104.777487278000109, -5.173086548999985, 0.0 ], [ 104.777443357000024, -5.17315280899996, 0.0 ], [ 104.777399427000034, -5.173219076999937, 0.0 ], [ 104.77735549700013, -5.173285344999913, 0.0 ], [ 104.777311567000055, -5.173351613999978, 0.0 ], [ 104.777267646000055, -5.173417872999954, 0.0 ], [ 104.777223716000066, -5.17348414099993, 0.0 ], [ 104.777183657000123, -5.173549650999933, 0.0 ], [ 104.777143598000094, -5.173615151999934, 0.0 ], [ 104.777103539000066, -5.173680660999937, 0.0 ], [ 104.777063480000038, -5.173746170999939, 0.0 ], [ 104.777023421000095, -5.173811680999941, 0.0 ], [ 104.776983362000067, -5.173877190999944, 0.0 ], [ 104.776943304000042, -5.173942690999946, 0.0 ], [ 104.776903245000099, -5.174008200999948, 0.0 ], [ 104.776863186000071, -5.17407371099995, 0.0 ], [ 104.776823127000043, -5.174139211999952, 0.0 ], [ 104.776783068000015, -5.174204720999954, 0.0 ], [ 104.776765174000047, -5.174233981999977, 0.0 ], [ 104.776743009000086, -5.174270230999957, 0.0 ], [ 104.776704720000026, -5.174332791999982, 0.0 ], [ 104.776666421000044, -5.174395343999917, 0.0 ], [ 104.776628132000084, -5.174457905999942, 0.0 ], [ 104.77658984300011, -5.174520457999966, 0.0 ], [ 104.776551544000043, -5.174583009999902, 0.0 ], [ 104.776513255000083, -5.174645570999926, 0.0 ], [ 104.776474364000052, -5.174724360999962, 0.0 ], [ 104.776435483000043, -5.174803152, 0.0 ], [ 104.776396601000016, -5.174881932999943, 0.0 ], [ 104.776357710000084, -5.174960723999979, 0.0 ], [ 104.776330308000041, -5.175035537999952, 0.0 ], [ 104.77630290500008, -5.175110341999924, 0.0 ], [ 104.776275502000033, -5.175185155999985, 0.0 ], [ 104.776248090000081, -5.175259960999957, 0.0 ], [ 104.776220688000123, -5.17533476599993, 0.0 ], [ 104.776193285000076, -5.17540958, 0.0 ], [ 104.776165882000029, -5.175484384999963, 0.0 ], [ 104.776138480000071, -5.175559198999936, 0.0 ], [ 104.776126678000068, -5.175632977999912, 0.0 ], [ 104.776114877000069, -5.175706756999977, 0.0 ], [ 104.776103076000069, -5.175780536999953, 0.0 ], [ 104.77609127500007, -5.17585432499993, 0.0 ], [ 104.776079473000067, -5.175928104, 0.0 ], [ 104.776067672000067, -5.176001882999971, 0.0 ], [ 104.776049989000029, -5.17607271099997, 0.0 ], [ 104.776032296000068, -5.176143538999968, 0.0 ], [ 104.776014613000115, -5.176214366999966, 0.0 ], [ 104.775996920000082, -5.176285194999965, 0.0 ], [ 104.77597923700003, -5.176356021999963, 0.0 ], [ 104.775943886000036, -5.176426843999961, 0.0 ], [ 104.775908535000042, -5.176497665999959, 0.0 ], [ 104.775873184000048, -5.176568486999956, 0.0 ], [ 104.775837833000054, -5.176639308999954, 0.0 ], [ 104.775802483000064, -5.176710130999952, 0.0 ], [ 104.77576713200007, -5.17678095199995, 0.0 ], [ 104.775712709000103, -5.176843262999954, 0.0 ], [ 104.775658285000034, -5.176905583999959, 0.0 ], [ 104.775603853000064, -5.176967894999963, 0.0 ], [ 104.775549430000083, -5.177030214999968, 0.0 ], [ 104.775495007000117, -5.177092525999972, 0.0 ], [ 104.775431402, -5.177144212999986, 0.0 ], [ 104.775367797000072, -5.17719590099991, 0.0 ], [ 104.77530419200005, -5.177247587999924, 0.0 ], [ 104.775240587000027, -5.177299274999937, 0.0 ], [ 104.77517698200009, -5.17735096199995, 0.0 ], [ 104.775116702000076, -5.177390736999955, 0.0 ], [ 104.775056430000063, -5.177430501999959, 0.0 ], [ 104.77499615000005, -5.177470275999964, 0.0 ], [ 104.77493587900004, -5.177510040999968, 0.0 ], [ 104.774875598000023, -5.177549814999972, 0.0 ], [ 104.774815327000098, -5.177589588999977, 0.0 ], [ 104.774755047000085, -5.177629353999981, 0.0 ], [ 104.774694775000071, -5.177669127999897, 0.0 ], [ 104.774634495000058, -5.177708892999901, 0.0 ], [ 104.774574223000045, -5.177748667999905, 0.0 ], [ 104.774513943000031, -5.177788432999909, 0.0 ], [ 104.774453672000021, -5.177828206999914, 0.0 ], [ 104.774393391, -5.177867981, 0.0 ], [ 104.77433312000008, -5.177907745999923, 0.0 ], [ 104.774272839000062, -5.177947520000016, 0.0 ], [ 104.774212568000053, -5.177987284999931, 0.0 ], [ 104.774152288000039, -5.178027058999936, 0.0 ], [ 104.774087804000033, -5.178063339999918, 0.0 ], [ 104.774023320000111, -5.178099619999989, 0.0 ], [ 104.773958835000116, -5.178135900999971, 0.0 ], [ 104.773894360000014, -5.178172172999952, 0.0 ], [ 104.773829876, -5.178208452999934, 0.0 ], [ 104.773765392000087, -5.178244734, 0.0 ], [ 104.77370090800008, -5.178281013999898, 0.0 ], [ 104.773636424000074, -5.178317294999969, 0.0 ], [ 104.773566088000038, -5.178342065999976, 0.0 ], [ 104.773495743000069, -5.178366827999982, 0.0 ], [ 104.773425407000033, -5.1783915999999, 0.0 ], [ 104.773355071000069, -5.178416362, 0.0 ], [ 104.773284725000025, -5.178441133, 0.0 ], [ 104.77321438900006, -5.178465894999919, 0.0 ], [ 104.77314404400002, -5.178490666999926, 0.0 ], [ 104.773073708000055, -5.178515428999932, 0.0 ], [ 104.773003372000105, -5.178540199999938, 0.0 ], [ 104.77293302700005, -5.178564961999944, 0.0 ], [ 104.7728626910001, -5.178589733999951, 0.0 ], [ 104.772791637000083, -5.178602689999957, 0.0 ], [ 104.77272059200007, -5.178615654999964, 0.0 ], [ 104.772649538000053, -5.17862861099997, 0.0 ], [ 104.772578493000125, -5.178641576999977, 0.0 ], [ 104.772507440000098, -5.178654532999895, 0.0 ], [ 104.772436395000085, -5.178667497999902, 0.0 ], [ 104.772365341000068, -5.178680454, 0.0 ], [ 104.772294296000055, -5.178693419999915, 0.0 ], [ 104.772223242000038, -5.17870637600001, 0.0 ], [ 104.77221309300009, -5.178776879999893, 0.0 ], [ 104.772202953000047, -5.178847384999953, 0.0 ], [ 104.772192803000095, -5.178917890000013, 0.0 ], [ 104.772182663000052, -5.178988385999984, 0.0 ], [ 104.772172514000019, -5.179058890999956, 0.0 ], [ 104.772162364000067, -5.179129394999928, 0.0 ], [ 104.772152224000109, -5.179199899999988, 0.0 ], [ 104.772142075000076, -5.17927040499996, 0.0 ], [ 104.772131925000025, -5.179340909999931, 0.0 ], [ 104.772121785000081, -5.179411405999902, 0.0 ], [ 104.772111636000034, -5.179481909999962, 0.0 ], [ 104.772101495000086, -5.179552414999934, 0.0 ], [ 104.772091346000053, -5.179622919999906, 0.0 ], [ 104.772075241000053, -5.179693259999953, 0.0 ], [ 104.772059136000053, -5.179763599, 0.0 ], [ 104.772043032000042, -5.179833938999957, 0.0 ], [ 104.772026927000041, -5.179904279, 0.0 ], [ 104.772010822000041, -5.179974618999962, 0.0 ], [ 104.771994718000045, -5.18004495899992, 0.0 ], [ 104.771982790000038, -5.180117181999945, 0.0 ], [ 104.771970863000021, -5.180189413999971, 0.0 ], [ 104.771958935000015, -5.180261636999907, 0.0 ], [ 104.771946998, -5.180333859999932, 0.0 ], [ 104.771935071000087, -5.180406082999957, 0.0 ], [ 104.77192314300008, -5.180478314999982, 0.0 ], [ 104.77191121500006, -5.180550538, 0.0 ], [ 104.771905830000065, -5.180622346999909, 0.0 ], [ 104.771900444000067, -5.180694155999989, 0.0 ], [ 104.771895059000059, -5.18076596499998, 0.0 ], [ 104.771889673000061, -5.18083777399997, 0.0 ], [ 104.771884288000052, -5.180909583999961, 0.0 ], [ 104.771878902000054, -5.180981392999952, 0.0 ], [ 104.771873516000056, -5.181053201999942, 0.0 ], [ 104.771868131000048, -5.181125010999933, 0.0 ], [ 104.77186274500005, -5.181196820000013, 0.0 ], [ 104.771861618000045, -5.181270457999977, 0.0 ], [ 104.771860500000045, -5.181344105999942, 0.0 ], [ 104.771859372000037, -5.181417743999907, 0.0 ], [ 104.771858254000037, -5.181491390999961, 0.0 ], [ 104.771857127000033, -5.181565028999925, 0.0 ], [ 104.771856009000032, -5.181638675999979, 0.0 ], [ 104.771854890000029, -5.181712313999943, 0.0 ], [ 104.771853763000109, -5.181785960999909, 0.0 ], [ 104.771850993000058, -5.181862349000012, 0.0 ], [ 104.771848231, -5.181938736999937, 0.0 ], [ 104.771845461000041, -5.182015132999952, 0.0 ], [ 104.771842690000085, -5.182091520999967, 0.0 ], [ 104.771839920000033, -5.182167908999892, 0.0 ], [ 104.771837158000068, -5.182244306, 0.0 ], [ 104.771834388000102, -5.182320692999921, 0.0 ], [ 104.771831617000046, -5.182397080999936, 0.0 ], [ 104.771828459000062, -5.182472445999954, 0.0 ], [ 104.771825301000064, -5.182547819999973, 0.0 ], [ 104.771822143000065, -5.182623185999903, 0.0 ], [ 104.771818976000077, -5.182698559999922, 0.0 ], [ 104.771815818000078, -5.182773924999941, 0.0 ], [ 104.771812659, -5.18284929999996, 0.0 ], [ 104.771809501000092, -5.182924664999979, 0.0 ], [ 104.771798952000012, -5.183003799999954, 0.0 ], [ 104.771788393000023, -5.183082934999929, 0.0 ], [ 104.771777844000042, -5.18316207, 0.0 ], [ 104.771767285000053, -5.183241204999968, 0.0 ], [ 104.771756735000068, -5.183320339999943, 0.0 ], [ 104.771736533000094, -5.183392432999957, 0.0 ], [ 104.771716340000111, -5.183464534999972, 0.0 ], [ 104.771696138000038, -5.183536628999986, 0.0 ], [ 104.771675945000055, -5.183608730999913, 0.0 ], [ 104.771655743000068, -5.183680823999927, 0.0 ], [ 104.771619544, -5.18375005299997, 0.0 ], [ 104.771583335000031, -5.183819290999926, 0.0 ], [ 104.771547136000052, -5.18388851999997, 0.0 ], [ 104.77151092700008, -5.183957757999925, 0.0 ], [ 104.771577562000076, -5.183989815999913, 0.0 ], [ 104.77164420600009, -5.184021873, 0.0 ], [ 104.7717108410001, -5.184053921999977, 0.0 ], [ 104.771777485000101, -5.184085979999965, 0.0 ], [ 104.771844120000111, -5.184118036999953, 0.0 ], [ 104.771910755000121, -5.184150094999941, 0.0 ], [ 104.771977399000036, -5.184182152999929, 0.0 ], [ 104.772044033000043, -5.184214201, 0.0 ], [ 104.772110677000043, -5.184246259, 0.0 ], [ 104.772177312000053, -5.184278316999981, 0.0 ], [ 104.772219629000091, -5.184336808999936, 0.0 ], [ 104.772261936000035, -5.184395299999979, 0.0 ], [ 104.772304253000073, -5.184453791999934, 0.0 ], [ 104.77234657000011, -5.184512283999977, 0.0 ], [ 104.772388886000059, -5.184570775999932, 0.0 ], [ 104.772431194, -5.184629267999975, 0.0 ], [ 104.772473510000054, -5.184687760000019, 0.0 ], [ 104.772504885000075, -5.184761888999935, 0.0 ], [ 104.772536251000091, -5.18483601799994, 0.0 ], [ 104.77256652200002, -5.184907538999907, 0.0 ], [ 104.772567626000111, -5.184910146999945, 0.0 ], [ 104.772598991000038, -5.184984285999951, 0.0 ], [ 104.772630366000058, -5.185058414999956, 0.0 ], [ 104.772661732000074, -5.185132543999961, 0.0 ], [ 104.772693107000094, -5.185206672999966, 0.0 ], [ 104.772710776000054, -5.185276799, 0.0 ], [ 104.772728455000092, -5.185346924999935, 0.0 ], [ 104.77274612500004, -5.185417050999964, 0.0 ], [ 104.772756923000046, -5.185459902999957, 0.0 ], [ 104.772763795000088, -5.185487177, 0.0 ], [ 104.772781473000038, -5.185557301999934, 0.0 ], [ 104.772799143000086, -5.185627427999963, 0.0 ], [ 104.772817622, -5.185705253, 0.0 ], [ 104.772836092000034, -5.185783076999963, 0.0 ], [ 104.772854571000053, -5.185860901999918, 0.0 ], [ 104.772873041000068, -5.185938726999963, 0.0 ], [ 104.772891521000091, -5.186016551, 0.0 ], [ 104.772903063000058, -5.186087135999985, 0.0 ], [ 104.772914606000128, -5.186157720999963, 0.0 ], [ 104.772926149000014, -5.186228305999942, 0.0 ], [ 104.772937701000089, -5.186298891, 0.0 ], [ 104.77294924300007, -5.186369475999898, 0.0 ], [ 104.772960786000041, -5.186440060999965, 0.0 ], [ 104.772972329000112, -5.186510645999943, 0.0 ], [ 104.772983872000083, -5.186581230999922, 0.0 ], [ 104.772995414000064, -5.1866518159999, 0.0 ], [ 104.77300695700005, -5.186722400999967, 0.0 ], [ 104.77301850000002, -5.186792985999945, 0.0 ], [ 104.773030052000095, -5.186863570999924, 0.0 ], [ 104.773041594000063, -5.186934156, 0.0 ], [ 104.773053137000048, -5.187004740999969, 0.0 ], [ 104.773064680000019, -5.187075325999947, 0.0 ], [ 104.773093350000082, -5.187143057999956, 0.0 ], [ 104.773122020000059, -5.187210789999964, 0.0 ], [ 104.773150681000033, -5.187278531999974, 0.0 ], [ 104.773179352000099, -5.187346263999894, 0.0 ], [ 104.773208022000077, -5.187413997, 0.0 ], [ 104.77323669200004, -5.187481729, 0.0 ], [ 104.773265362000103, -5.18754946099992, 0.0 ], [ 104.773294032000081, -5.187617193999928, 0.0 ], [ 104.773322694000058, -5.187684934999938, 0.0 ], [ 104.773351364000035, -5.187752667999947, 0.0 ], [ 104.773380034000098, -5.187820399999955, 0.0 ], [ 104.773430708000021, -5.187874624999912, 0.0 ], [ 104.773481382000043, -5.187928839999957, 0.0 ], [ 104.773532056000064, -5.187983065, 0.0 ], [ 104.773582721000082, -5.18803728999996, 0.0 ], [ 104.773633396, -5.188091514999916, 0.0 ], [ 104.77368407000003, -5.188145730999961, 0.0 ], [ 104.773734744000038, -5.188199954999918, 0.0 ], [ 104.773806061000087, -5.188260004, 0.0 ], [ 104.773877370000037, -5.188320044, 0.0 ], [ 104.773935159000104, -5.18836206799992, 0.0 ], [ 104.773992948000085, -5.188404100999934, 0.0 ], [ 104.774050737000081, -5.188446123999947, 0.0 ], [ 104.774108526000063, -5.18848814799996, 0.0 ], [ 104.774170239000014, -5.18853430699996, 0.0 ], [ 104.774231951000061, -5.18858046599996, 0.0 ], [ 104.774293664000098, -5.18862662499996, 0.0 ], [ 104.774355368000059, -5.188672784999961, 0.0 ], [ 104.774417081000095, -5.188718943999961, 0.0 ], [ 104.774478793000057, -5.188765102999961, 0.0 ], [ 104.774540506, -5.188811261999961, 0.0 ], [ 104.774609967000075, -5.188841456999972, 0.0 ], [ 104.774679418000048, -5.188871651999895, 0.0 ], [ 104.774748879000114, -5.188901847, 0.0 ], [ 104.774818339, -5.188932050999918, 0.0 ], [ 104.774887791000054, -5.18896224499993, 0.0 ], [ 104.774957251000032, -5.188992439999941, 0.0 ], [ 104.775012620000084, -5.189039474999925, 0.0 ], [ 104.77506798900005, -5.189086518, 0.0 ], [ 104.775123349000097, -5.189133551999893, 0.0 ], [ 104.775178718000063, -5.189180595999966, 0.0 ], [ 104.775234087000015, -5.18922762999995, 0.0 ], [ 104.775289457000071, -5.189274664999934, 0.0 ], [ 104.775344817000033, -5.189321708, 0.0 ], [ 104.775400186000084, -5.189368741999902, 0.0 ], [ 104.77545555500005, -5.189415776999974, 0.0 ], [ 104.775510924000102, -5.189462819999958, 0.0 ], [ 104.775566284000064, -5.189509853999942, 0.0 ], [ 104.775621653000115, -5.189556898000015, 0.0 ], [ 104.775677022000082, -5.189603932, 0.0 ], [ 104.775731236000027, -5.189652259999912, 0.0 ], [ 104.775785441000082, -5.189700586999914, 0.0 ], [ 104.775839654000038, -5.189748914999916, 0.0 ], [ 104.775893868000082, -5.189797241999917, 0.0 ], [ 104.775948082000028, -5.189845569999919, 0.0 ], [ 104.776002287000082, -5.189893896999921, 0.0 ], [ 104.776056500000038, -5.189942224999923, 0.0 ], [ 104.776110714000083, -5.189990551999925, 0.0 ], [ 104.776164919000038, -5.190038880000015, 0.0 ], [ 104.776219133000083, -5.190087207999929, 0.0 ], [ 104.7762644700001, -5.190154049999952, 0.0 ], [ 104.776309816000037, -5.190220892999976, 0.0 ], [ 104.776355153000054, -5.190287743999912, 0.0 ], [ 104.776400500000079, -5.190354586999936, 0.0 ], [ 104.776445837000011, -5.19042142899996, 0.0 ], [ 104.776450703000052, -5.190490527999904, 0.0 ], [ 104.776455561, -5.190559626999937, 0.0 ], [ 104.77646042700006, -5.19062872599997, 0.0 ], [ 104.776465284000011, -5.190697825, 0.0 ], [ 104.776470151000069, -5.190766923999947, 0.0 ], [ 104.77647500800002, -5.19083602299998, 0.0 ], [ 104.776479874000074, -5.190905121999924, 0.0 ], [ 104.776484732000114, -5.190974220999957, 0.0 ], [ 104.776489598000069, -5.19104332, 0.0 ], [ 104.776476263000035, -5.191116988999957, 0.0 ], [ 104.776462927000082, -5.191190659000013, 0.0 ], [ 104.776449592000048, -5.19126432899998, 0.0 ], [ 104.7764362650001, -5.191337989999946, 0.0 ], [ 104.776422930000066, -5.19141166, 0.0 ], [ 104.776409594000114, -5.191485329999969, 0.0 ], [ 104.77639625900008, -5.191559, 0.0 ], [ 104.776382923000128, -5.191632669999903, 0.0 ], [ 104.776371986000115, -5.191710230999925, 0.0 ], [ 104.776361041000101, -5.191787800999949, 0.0 ], [ 104.776350104000073, -5.191865361999971, 0.0 ], [ 104.77633916700006, -5.191942932, 0.0 ], [ 104.776328231000051, -5.192020493000017, 0.0 ], [ 104.776317285000033, -5.192098061999951, 0.0 ], [ 104.776306348, -5.192175622999974, 0.0 ], [ 104.776302470000047, -5.192247939999918, 0.0 ], [ 104.776298582000081, -5.192320264999951, 0.0 ], [ 104.776294695000018, -5.192392580999984, 0.0 ], [ 104.776290816000056, -5.192464897999928, 0.0 ], [ 104.776286929, -5.192537222999961, 0.0 ], [ 104.776283050000032, -5.19260954, 0.0 ], [ 104.776285340000044, -5.192691528999939, 0.0 ], [ 104.776287621000066, -5.192773517999973, 0.0 ], [ 104.776289911000077, -5.192855506999917, 0.0 ], [ 104.776292193000089, -5.192937496999951, 0.0 ], [ 104.776294474000096, -5.193019485999985, 0.0 ], [ 104.776296764000023, -5.19310147499993, 0.0 ], [ 104.776316690000073, -5.193172198999919, 0.0 ], [ 104.776336616000023, -5.193242922, 0.0 ], [ 104.776356533000083, -5.193313645999988, 0.0 ], [ 104.776376459000033, -5.193384377999978, 0.0 ], [ 104.776396385000083, -5.193455101999968, 0.0 ], [ 104.776416311000048, -5.193525824999957, 0.0 ], [ 104.776436237000013, -5.193596548999947, 0.0 ], [ 104.776456154000059, -5.193667272999937, 0.0 ], [ 104.776476080000108, -5.193737995999927, 0.0 ], [ 104.776496006000073, -5.193808719999916, 0.0 ], [ 104.776515932000038, -5.193879452, 0.0 ], [ 104.776535858000088, -5.193950175999897, 0.0 ], [ 104.776555784000038, -5.194020898999975, 0.0 ], [ 104.776575701000098, -5.194091622999965, 0.0 ], [ 104.776595627000049, -5.194162345999954, 0.0 ], [ 104.776615553000013, -5.194233069999944, 0.0 ], [ 104.776635479000063, -5.194303793999934, 0.0 ], [ 104.776655405000028, -5.194374525999924, 0.0 ], [ 104.776675322000074, -5.194445249999914, 0.0 ], [ 104.776695248000038, -5.194515973, 0.0 ], [ 104.776715174000088, -5.194586696999982, 0.0 ], [ 104.776737519000065, -5.194656570999902, 0.0 ], [ 104.776759872000056, -5.194726454, 0.0 ], [ 104.776782217000033, -5.194796327999919, 0.0 ], [ 104.776804571000113, -5.194866211000017, 0.0 ], [ 104.7768269150001, -5.194936084999936, 0.0 ], [ 104.776849269000081, -5.195005967999945, 0.0 ], [ 104.776871614000058, -5.195075841999953, 0.0 ], [ 104.776893967000049, -5.195145724999962, 0.0 ], [ 104.776916312000125, -5.195215598999971, 0.0 ], [ 104.776944323000038, -5.195286515999976, 0.0 ], [ 104.776972325000045, -5.195357422999981, 0.0 ], [ 104.777000336000057, -5.195428338999898, 0.0 ], [ 104.777028338000065, -5.195499246999903, 0.0 ], [ 104.777056349000077, -5.195570163, 0.0 ], [ 104.777084352000074, -5.19564107, 0.0 ], [ 104.777112363000086, -5.195711986999919, 0.0 ], [ 104.777140365, -5.195782893999924, 0.0 ], [ 104.777168376000105, -5.19585380999993, 0.0 ], [ 104.777202200000062, -5.195918793999978, 0.0 ], [ 104.777236025000022, -5.195983777999936, 0.0 ], [ 104.777269858000068, -5.196048761999984, 0.0 ], [ 104.77730368200011, -5.196113745999943, 0.0 ], [ 104.77733750700007, -5.196178729999902, 0.0 ], [ 104.777371340000016, -5.19624371399995, 0.0 ], [ 104.777405165000062, -5.196308697999909, 0.0 ], [ 104.777438989000117, -5.196373681999956, 0.0 ], [ 104.777485069000107, -5.196433450000017, 0.0 ], [ 104.777531140000093, -5.196493217999988, 0.0 ], [ 104.777577221000087, -5.19655298699996, 0.0 ], [ 104.777623301000091, -5.19661274599993, 0.0 ], [ 104.777669372000076, -5.196672513999902, 0.0 ], [ 104.777715452000066, -5.196732282999962, 0.0 ], [ 104.77776153300006, -5.196792050999933, 0.0 ], [ 104.77780760400006, -5.19685182, 0.0 ], [ 104.77785368400005, -5.196911578999964, 0.0 ], [ 104.77789976400004, -5.196971346999936, 0.0 ], [ 104.777945836000043, -5.197031115999907, 0.0 ], [ 104.777991916000119, -5.197090883999968, 0.0 ], [ 104.778045046000074, -5.197143661999982, 0.0 ], [ 104.778098176000029, -5.19719644, 0.0 ], [ 104.778151297000079, -5.197249218000012, 0.0 ], [ 104.778204427000034, -5.197301995999938, 0.0 ], [ 104.778257557000074, -5.197354772999953, 0.0 ], [ 104.778310688000033, -5.197407559999968, 0.0 ], [ 104.778363818000074, -5.197460337999894, 0.0 ], [ 104.778416939000024, -5.197513115999909, 0.0 ], [ 104.778470069000065, -5.197565894000013, 0.0 ], [ 104.77852319900002, -5.197618671999939, 0.0 ], [ 104.77857683400002, -5.197673955999983, 0.0 ], [ 104.778630469000106, -5.19772924899994, 0.0 ], [ 104.778684103000018, -5.197784531999984, 0.0 ], [ 104.778737738000103, -5.19783981599994, 0.0 ], [ 104.778791373, -5.197895108999985, 0.0 ], [ 104.778845016, -5.197950392999941, 0.0 ], [ 104.778898651000091, -5.198005685999897, 0.0 ], [ 104.778952286000091, -5.198060969999942, 0.0 ], [ 104.779005920000088, -5.198116253999986, 0.0 ], [ 104.779059555000089, -5.198171546999943, 0.0 ], [ 104.77911319, -5.198226830999987, 0.0 ], [ 104.779164089000034, -5.198286310999935, 0.0 ], [ 104.779214988000064, -5.198345791999971, 0.0 ], [ 104.779265887000108, -5.198405262999918, 0.0 ], [ 104.779316787000056, -5.198464742999954, 0.0 ], [ 104.779367686000086, -5.198524223999902, 0.0 ], [ 104.77941858500013, -5.198583694999938, 0.0 ], [ 104.779469484000074, -5.198643175999974, 0.0 ], [ 104.779520383000019, -5.198702656000011, 0.0 ], [ 104.779568675000107, -5.198762714999917, 0.0 ], [ 104.77961697500011, -5.198822773, 0.0 ], [ 104.779665266000023, -5.198882832, 0.0 ], [ 104.779713566000012, -5.19894289, 0.0 ], [ 104.7797618580001, -5.199002948999988, 0.0 ], [ 104.779810158000018, -5.199063006999983, 0.0 ], [ 104.779858449000102, -5.199123065999979, 0.0 ], [ 104.779906750000109, -5.199183123999974, 0.0 ], [ 104.77995041300008, -5.199240855999955, 0.0 ], [ 104.779994085000041, -5.199298596999936, 0.0 ], [ 104.780037748000012, -5.199356328999917, 0.0 ], [ 104.780081411000083, -5.199414069999898, 0.0 ], [ 104.780125083000044, -5.199471801999968, 0.0 ], [ 104.780168746000115, -5.199529533999948, 0.0 ], [ 104.780212418000076, -5.19958727499993, 0.0 ], [ 104.780256081000047, -5.199645007, 0.0 ], [ 104.780305223000127, -5.199697619999911, 0.0 ], [ 104.780354356000018, -5.199750234, 0.0 ], [ 104.780403498000084, -5.199802846999914, 0.0 ], [ 104.780452641000068, -5.199855461, 0.0 ], [ 104.780501774000044, -5.199908073999916, 0.0 ], [ 104.780550916000024, -5.199960686999917, 0.0 ], [ 104.78060005800009, -5.200013291999918, 0.0 ], [ 104.78064920000007, -5.200065905, 0.0 ], [ 104.78069833400005, -5.20011851899992, 0.0 ], [ 104.78074747600003, -5.20017113200001, 0.0 ], [ 104.780796618000096, -5.200223745999923, 0.0 ], [ 104.780845751000086, -5.200276358999924, 0.0 ], [ 104.780894894000056, -5.200328972999925, 0.0 ], [ 104.780950112000099, -5.200397762999932, 0.0 ], [ 104.781005322000055, -5.200466544999939, 0.0 ], [ 104.781060540000084, -5.200535335999946, 0.0 ], [ 104.78111152300005, -5.200588998999946, 0.0 ], [ 104.781162506000086, -5.200642661999945, 0.0 ], [ 104.781213489000038, -5.200696325999944, 0.0 ], [ 104.781264471000085, -5.200749988999943, 0.0 ], [ 104.781315454000037, -5.200803652999943, 0.0 ], [ 104.781366437000088, -5.200857315999942, 0.0 ], [ 104.781417420000039, -5.200910979999941, 0.0 ], [ 104.781468402000087, -5.20096464299994, 0.0 ], [ 104.781519385000038, -5.20101830699994, 0.0 ], [ 104.781570368000089, -5.201071969999939, 0.0 ], [ 104.781618497000068, -5.201132914999919, 0.0 ], [ 104.78166662600006, -5.201193868999988, 0.0 ], [ 104.781714755000039, -5.201254813999968, 0.0 ], [ 104.781762884000031, -5.201315767999949, 0.0 ], [ 104.781811013, -5.201376711999929, 0.0 ], [ 104.781859141000083, -5.20143766599991, 0.0 ], [ 104.781907270000076, -5.201498610999979, 0.0 ], [ 104.781955399000054, -5.201559564999959, 0.0 ], [ 104.782003528000047, -5.201620509999939, 0.0 ], [ 104.782044914, -5.201688562999975, 0.0 ], [ 104.782086300000046, -5.20175662500001, 0.0 ], [ 104.782127686000095, -5.201824686999958, 0.0 ], [ 104.782169072000059, -5.20189274, 0.0 ], [ 104.782210449000019, -5.201960792999939, 0.0 ], [ 104.782251835000068, -5.202028854999975, 0.0 ], [ 104.782293220000028, -5.202096916999922, 0.0 ], [ 104.782334606000077, -5.202164969999957, 0.0 ], [ 104.782360875000037, -5.202241757, 0.0 ], [ 104.782387143000079, -5.202318543999963, 0.0 ], [ 104.78241342100003, -5.202395330999922, 0.0 ], [ 104.782439689000071, -5.20247212599997, 0.0 ], [ 104.782465958000017, -5.202548912999928, 0.0 ], [ 104.782492226000059, -5.202625699999976, 0.0 ], [ 104.782501437000022, -5.203096643999951, 0.0 ], [ 104.782407994000025, -5.203801812999943, 0.0 ], [ 104.782742663000093, -5.204625175999945, 0.0 ], [ 104.783460398000059, -5.205329766999979, 0.0 ], [ 104.784778831000082, -5.206210643999944, 0.0 ], [ 104.78576028400002, -5.207018037999957, 0.0 ], [ 104.786427468000056, -5.207761779999943, 0.0 ], [ 104.78642707900012, -5.208911909999893, 0.0 ], [ 104.785699875000077, -5.210742481999921, 0.0 ], [ 104.784243824000043, -5.213501707999958, 0.0 ], [ 104.782743414000066, -5.215641290999974, 0.0 ], [ 104.78154270600001, -5.218419248999963, 0.0 ], [ 104.780255707000023, -5.22205702799995, 0.0 ], [ 104.778191596000028, -5.219659131999967, 0.0 ], [ 104.776875551199964, -5.218285253298051, 0.0 ], [ 104.77646475800006, -5.217546488999959, 0.0 ], [ 104.775994876497734, -5.217476069801398, 0.0 ], [ 104.774619324000042, -5.216272545999979, 0.0 ], [ 104.772977845000028, -5.215208, 0.0 ], [ 104.772534249430066, -5.215065326069913, 0.0 ], [ 104.772582810000117, -5.213270230999902, 0.0 ], [ 104.77089067900009, -5.213170788999934, 0.0 ], [ 104.768203187999944, -5.212772989999882, 0.0 ], [ 104.767307349000163, -5.211579618999908, 0.0 ], [ 104.762509989532006, -5.21543287172125, 0.0 ], [ 104.762057707000039, -5.215323467999967, 0.0 ], [ 104.761104295366579, -5.214699410408143, 0.0 ], [ 104.762927728000179, -5.21098292999992, 0.0 ], [ 104.765422422000171, -5.20367724999994, 0.0 ], [ 104.768109921000232, -5.193036330999869, 0.0 ], [ 104.769702509000098, -5.17990921999988, 0.0 ], [ 104.773285828000027, -5.176826338999886, 0.0 ], [ 104.779261250000076, -5.170226828999892, 0.0 ], [ 104.783541327000179, -5.164856640999917, 0.0 ], [ 104.788319098000073, -5.156900817999878, 0.0 ], [ 104.791877990000017, -5.153253995999853, 0.0 ], [ 104.792747316136342, -5.15682194416628, 0.0 ] ] ] ] } },
{ "type": "Feature", "properties": { "KDPPUM": null, "NAMOBJ": "PUBIAN", "REMARK": "Wilayah Administrasi Kecamatan", "KDPBPS": null, "FCODE": null, "LUASWH": 0.0, "UUPP": null, "SRS_ID": null, "LCODE": "BA0080", "METADATA": null, "KDEBPS": null, "KDEPUM": null, "KDCBPS": null, "KDCPUM": null, "KDBBPS": null, "KDBPUM": null, "WADMKD": null, "WIADKD": null, "WADMKC": null, "WIADKC": null, "WADMKK": "LAMPUNG TENGAH", "WIADKK": null, "WADMPR": "LAMPUNG", "WIADPR": null, "TIPADM": 0, "Shape_Leng": 0.81240166274000003, "Shape_Area": 0.01321487908 }, "geometry": { "type": "MultiPolygon", "coordinates": [ [ [ [ 104.804054101000105, -5.170854949999905, 0.0 ], [ 104.804399311750842, -5.171047220295057, 0.0 ], [ 104.804329356000054, -5.17103034499994, 0.0 ], [ 104.804258655000069, -5.17101328899995, 0.0 ], [ 104.804187946000084, -5.170996223999959, 0.0 ], [ 104.804117236000096, -5.170979166999969, 0.0 ], [ 104.804025147000019, -5.170976939999962, 0.0 ], [ 104.803933057000037, -5.170974713999955, 0.0 ], [ 104.803840967000056, -5.170972486999949, 0.0 ], [ 104.803765323000022, -5.17097979100002, 0.0 ], [ 104.803689671000058, -5.170987094999914, 0.0 ], [ 104.803614018000104, -5.170994399999897, 0.0 ], [ 104.803538375000073, -5.171001703999968, 0.0 ], [ 104.80346272200002, -5.171009007999951, 0.0 ], [ 104.803387079000075, -5.171016311999933, 0.0 ], [ 104.803316467000087, -5.171033876999966, 0.0 ], [ 104.803245864000118, -5.171051441, 0.0 ], [ 104.803175253000049, -5.171069005999941, 0.0 ], [ 104.803104650000066, -5.171086569999973, 0.0 ], [ 104.803034038000078, -5.171104134999917, 0.0 ], [ 104.802957293000034, -5.171113637, 0.0 ], [ 104.80288054800009, -5.171123138999979, 0.0 ], [ 104.802803803000046, -5.171132640999966, 0.0 ], [ 104.802727058000087, -5.171142142999953, 0.0 ], [ 104.802650313000044, -5.17115164599994, 0.0 ], [ 104.802573568000085, -5.171161147999927, 0.0 ], [ 104.802500121000051, -5.171155633999915, 0.0 ], [ 104.802426665000013, -5.171150109999902, 0.0 ], [ 104.802353218000064, -5.171144595999978, 0.0 ], [ 104.802279762000111, -5.171139072999965, 0.0 ], [ 104.802206306000073, -5.171133558999953, 0.0 ], [ 104.802132859000039, -5.17112803599994, 0.0 ], [ 104.802053931000074, -5.171107782999952, 0.0 ], [ 104.801975002000034, -5.171087538999965, 0.0 ], [ 104.801896074000069, -5.171067286999977, 0.0 ], [ 104.801817145000115, -5.1710470429999, 0.0 ], [ 104.801738217000064, -5.171026789999912, 0.0 ], [ 104.80166586700004, -5.171003029999989, 0.0 ], [ 104.801593518000089, -5.170979259999976, 0.0 ], [ 104.801521169000054, -5.170955498999964, 0.0 ], [ 104.8014488190001, -5.170931728999951, 0.0 ], [ 104.801376470000065, -5.17090796899994, 0.0 ], [ 104.801306675000063, -5.170880472999974, 0.0 ], [ 104.801236889000066, -5.170852967, 0.0 ], [ 104.801167104000072, -5.170825470999953, 0.0 ], [ 104.80109730900007, -5.170797965999986, 0.0 ], [ 104.801027523000059, -5.170770460999931, 0.0 ], [ 104.800957729000061, -5.170742964999965, 0.0 ], [ 104.800884507000049, -5.17071128799992, 0.0 ], [ 104.800811285000023, -5.170679610999963, 0.0 ], [ 104.800738053, -5.170647925, 0.0 ], [ 104.800664831000077, -5.170616247999961, 0.0 ], [ 104.800591609000051, -5.170584571999916, 0.0 ], [ 104.800514150000041, -5.170539847999946, 0.0 ], [ 104.800436691000115, -5.170495124999976, 0.0 ], [ 104.800359232000105, -5.170450402, 0.0 ], [ 104.800300046000089, -5.170405322, 0.0 ], [ 104.800240859000084, -5.170360233999917, 0.0 ], [ 104.800181672000065, -5.170315155, 0.0 ], [ 104.80012248500006, -5.170270065999917, 0.0 ], [ 104.800059508000089, -5.170227681999963, 0.0 ], [ 104.79999653900002, -5.170185288, 0.0 ], [ 104.799933562000049, -5.170142902999965, 0.0 ], [ 104.799870585000079, -5.170100518000011, 0.0 ], [ 104.79980760700002, -5.170058133999968, 0.0 ], [ 104.799744639000053, -5.170015739999924, 0.0 ], [ 104.799681662000083, -5.16997335499997, 0.0 ], [ 104.799618684000023, -5.169930969999927, 0.0 ], [ 104.799555707000053, -5.169888585999972, 0.0 ], [ 104.799492739000087, -5.169846191999929, 0.0 ], [ 104.799429761000027, -5.169803806999974, 0.0 ], [ 104.799366921000072, -5.16975664599998, 0.0 ], [ 104.799304080000113, -5.169709483999986, 0.0 ], [ 104.799241240000057, -5.169662323, 0.0 ], [ 104.799178400000102, -5.169615162, 0.0 ], [ 104.799115559000057, -5.169568, 0.0 ], [ 104.799052719000088, -5.169520839, 0.0 ], [ 104.798989878000043, -5.169473678000015, 0.0 ], [ 104.798936126054571, -5.169433336668762, 0.0 ], [ 104.804054101000105, -5.170854949999905, 0.0 ] ] ], [ [ [ 104.792767882000106, -5.156906351999892, 0.0 ], [ 104.793348066800931, -5.162813460709982, 0.0 ], [ 104.793326676000078, -5.162772774999981, 0.0 ], [ 104.79328996600006, -5.162702959999978, 0.0 ], [ 104.793253265000033, -5.162633153999975, 0.0 ], [ 104.793216563000016, -5.162563347999972, 0.0 ], [ 104.793179853000098, -5.162493532999969, 0.0 ], [ 104.79314315200007, -5.162423726999966, 0.0 ], [ 104.793106451000057, -5.162353921999964, 0.0 ], [ 104.793075776000094, -5.16228708499994, 0.0 ], [ 104.793045101000047, -5.162220247999917, 0.0 ], [ 104.793014427000088, -5.162153402999893, 0.0 ], [ 104.792983752000026, -5.162086565999958, 0.0 ], [ 104.792953077000064, -5.162019728999935, 0.0 ], [ 104.792922402000016, -5.161952893, 0.0 ], [ 104.792891728000058, -5.161886055999977, 0.0 ], [ 104.792861053000095, -5.161819209999953, 0.0 ], [ 104.792830378000048, -5.16175237399993, 0.0 ], [ 104.792799704000075, -5.161685536999906, 0.0 ], [ 104.792769402000062, -5.161610051999967, 0.0 ], [ 104.792739091000044, -5.161534566999938, 0.0 ], [ 104.792708789000102, -5.161459082, 0.0 ], [ 104.792678478000084, -5.16138359699997, 0.0 ], [ 104.792648176000071, -5.161308111999942, 0.0 ], [ 104.79261786500004, -5.161232626999913, 0.0 ], [ 104.792592832000111, -5.161159450999987, 0.0 ], [ 104.792567799000082, -5.161086264999971, 0.0 ], [ 104.792542766000054, -5.161013088999956, 0.0 ], [ 104.792517723000017, -5.160939902999941, 0.0 ], [ 104.792492690000074, -5.160866726999926, 0.0 ], [ 104.792467657000046, -5.160793541, 0.0 ], [ 104.792442624000017, -5.160720364999984, 0.0 ], [ 104.792420099000111, -5.160646556, 0.0 ], [ 104.79239756600002, -5.160572746999938, 0.0 ], [ 104.792375041000113, -5.160498937999959, 0.0 ], [ 104.792352508000121, -5.160425138999893, 0.0 ], [ 104.79232998300003, -5.16035133, 0.0 ], [ 104.792307450000024, -5.160277520999935, 0.0 ], [ 104.792284925000033, -5.160203711999957, 0.0 ], [ 104.79228550100008, -5.160126951999912, 0.0 ], [ 104.792286076000039, -5.160050192999956, 0.0 ], [ 104.792286642000079, -5.159973442, 0.0 ], [ 104.792287218000041, -5.159896682999955, 0.0 ], [ 104.792287793000085, -5.15981992299991, 0.0 ], [ 104.792288359000054, -5.159743163999954, 0.0 ], [ 104.792288935, -5.159666413, 0.0 ], [ 104.79228951000006, -5.159589653999953, 0.0 ], [ 104.792290085000019, -5.159512893999908, 0.0 ], [ 104.792290652000062, -5.159436134999952, 0.0 ], [ 104.792291227000106, -5.159359384, 0.0 ], [ 104.792291802000065, -5.159282624999951, 0.0 ], [ 104.792300156000053, -5.159205242999944, 0.0 ], [ 104.792308518000112, -5.159127870999937, 0.0 ], [ 104.7923168720001, -5.159050489999929, 0.0 ], [ 104.792325234000074, -5.158973117999922, 0.0 ], [ 104.792333587000059, -5.158895737, 0.0 ], [ 104.792346037000115, -5.158818066999972, 0.0 ], [ 104.792358487000072, -5.15874039799994, 0.0 ], [ 104.792370937000044, -5.158662729, 0.0 ], [ 104.7923833870001, -5.158585058999966, 0.0 ], [ 104.792395837000058, -5.158507389999935, 0.0 ], [ 104.792408287000029, -5.158429721, 0.0 ], [ 104.792420915, -5.158358826999988, 0.0 ], [ 104.792433552000077, -5.158287942999985, 0.0 ], [ 104.792446180000056, -5.158217048999981, 0.0 ], [ 104.792458808000035, -5.158146155999889, 0.0 ], [ 104.792471437000103, -5.158075261999974, 0.0 ], [ 104.792484074000072, -5.15800436899997, 0.0 ], [ 104.792496702000051, -5.157933483999967, 0.0 ], [ 104.792509330000129, -5.157862590999963, 0.0 ], [ 104.792524701000062, -5.15779193399989, 0.0 ], [ 104.792540072000094, -5.157721285, 0.0 ], [ 104.792555443000126, -5.157650627999923, 0.0 ], [ 104.792570814000058, -5.157579970999938, 0.0 ], [ 104.79258618500009, -5.157509312999954, 0.0 ], [ 104.792601556000122, -5.157438664999971, 0.0 ], [ 104.792616927000054, -5.157368007999898, 0.0 ], [ 104.792631929000052, -5.157294735999963, 0.0 ], [ 104.792646940000054, -5.157221463999941, 0.0 ], [ 104.792661951000056, -5.157148192, 0.0 ], [ 104.792676953000054, -5.157074919999983, 0.0 ], [ 104.792691964000042, -5.157001647999961, 0.0 ], [ 104.79270696600004, -5.156928375999938, 0.0 ], [ 104.792733299000091, -5.156858915999964, 0.0 ], [ 104.792747316136342, -5.15682194416628, 0.0 ], [ 104.792767882000106, -5.156906351999892, 0.0 ] ] ] ] } }
]
}
